galaxy,split,formula_family,n_points,rmse_body_matched,rmse_body_wrong_mean,rmse_newton,rmse_tpg_v6,rmse_mond,matched_minus_wrong,matched_minus_newton,matched_minus_tpg_v6,matched_minus_mond,rmse_body_K_compact_finite,rmse_body_K_scale_tail_spiral,rmse_body_K_exponential_disk,rmse_body_K_thick_flared
CamB,holdout,K_scale_tail_spiral,9,47.08055347559442,197.20458269488628,3.3556068721726025,13.63779853730796,15.623524086441458,-150.12402921929186,43.72494660342182,33.44275493828646,31.457029389152964,545.9722398554403,47.08055347559442,22.155973024685085,23.485535204533498
ESO116-G012,holdout,K_exponential_disk,15,16.317347631503438,62.636981790945036,46.78642194708297,11.508201668011028,9.108666488881621,-46.3196341594416,-30.469074315579533,4.80914596349241,7.208681142621817,156.4751361249317,19.350323375028655,16.317347631503438,12.085485872874736
F561-1,holdout,K_scale_tail_spiral,6,22.591656257735558,89.8926599404511,9.593416723190401,28.55685188052471,32.526019723976546,-67.30100368271553,12.998239534545156,-5.965195622789153,-9.934363466240988,180.48726820114513,22.591656257735558,42.32835873172314,46.86235288848504
F563-1,holdout,K_scale_tail_spiral,17,30.23689998743011,34.851329627366404,62.47755725522295,24.695833689633552,18.44568739642176,-4.614429639936294,-32.24065726779284,5.541066297796558,11.79121259100835,79.00817862417682,30.23689998743011,11.398645460991553,14.147164796930818
F568-1,holdout,K_thick_flared,12,22.4116648921788,60.54945738770371,69.86283183130358,33.500610533676024,29.974188853658532,-38.13779249552491,-47.45116693912478,-11.088945641497226,-7.562523961479734,115.2904294240166,38.67172761199772,27.68621512709684,22.4116648921788
IC2574,holdout,K_scale_tail_spiral,34,17.42520113447226,85.29435194789332,23.78354699928544,7.5138151552258,13.51316984455882,-67.86915081342106,-6.358345864813181,9.911385979246461,3.9120312899134397,179.6634605320763,17.42520113447226,36.81765741169259,39.401937899911076
IC4202,holdout,K_compact_finite,32,36.89576946144762,42.27858465828522,69.1215936942972,26.101514959176914,26.12803028857914,-5.382815196837598,-32.22582423284958,10.794254502270707,10.767739172868481,36.89576946144762,60.050136704622716,36.12509069811215,30.660526572120798
NGC0024,holdout,K_thick_flared,29,30.150819685371744,115.53898891198651,47.18129248016706,22.157814084096987,20.65262257294937,-85.38816922661476,-17.030472794795315,7.993005601274756,9.498197112422375,298.5739460407277,15.497908823918227,32.54511187131359,30.150819685371744
NGC2683,holdout,K_thick_flared,11,23.80466527539493,28.364276659246645,63.99459888504826,10.314830339812675,14.151015414510422,-4.559611383851713,-40.18993360965333,13.489834935582257,9.65364986088451,22.006803717673186,48.46924713824979,14.616779121816963,23.80466527539493
NGC3726,holdout,K_thick_flared,12,23.661662674941063,31.074122582442254,50.40406506912891,23.631876746434497,26.325344741169783,-7.412459907501191,-26.74240239418785,0.02978592850656625,-2.66368206622872,37.463747450311786,34.607486945528315,21.15113335148666,23.661662674941063
NGC3949,holdout,K_thick_flared,7,11.314864942567269,58.83517362381486,28.51727644416544,8.950158230683527,11.297904622428334,-47.52030868124759,-17.20241150159817,2.3647067118837413,0.016960320138935003,145.34964463132368,17.711349418743385,13.444526821377517,11.314864942567269
NGC3972,holdout,K_thick_flared,10,10.04919705593954,59.2823431338893,44.45959494291804,7.806428086864266,6.774747860896815,-49.233146077949755,-34.4103978869785,2.242768969075274,3.2744491950427257,139.05527601634174,24.19366440154207,14.598088983784097,10.04919705593954
NGC4013,holdout,K_compact_finite,36,17.54877247463151,29.215297266931646,65.6912991112144,12.273912532057183,14.334222058319126,-11.666524792300137,-48.1425266365829,5.2748599425743254,3.214550416312383,17.54877247463151,50.532373451801895,13.564320007409279,23.549198341583782
NGC4088,holdout,K_thick_flared,12,29.507661995170878,31.854599065282446,25.396289301523897,38.98773649865968,42.18384581680386,-2.3469370701115686,4.111372693646981,-9.480074503488801,-12.676183821632982,53.51742621916814,17.50776979235389,24.538601184325316,29.507661995170878
NGC4183,holdout,K_exponential_disk,23,16.686965167527834,38.84845059868899,48.41085618248364,6.489693491114096,10.354993594406714,-22.161485431161157,-31.723891014955807,10.197271676413738,6.33197157312112,69.06770273638634,24.691331606102423,16.686965167527834,22.786317453578206
NGC4214,holdout,K_scale_tail_spiral,14,12.620039981835284,83.38340484042548,43.616236802795356,17.991047303306434,15.27888150484993,-70.7633648585902,-30.996196820960073,-5.371007321471151,-2.6588415230146456,226.76977111296983,12.620039981835284,12.96455260342432,10.415890804882288
NGC4389,holdout,K_thick_flared,6,40.6725744675603,102.99076309481552,23.5662941993844,46.55692853885728,48.50110279830857,-62.31818862725522,17.1062802681759,-5.8843540712969755,-7.82852833074827,235.19958890608365,35.98208510585867,37.79061527250422,40.6725744675603
NGC5907,holdout,K_thick_flared,19,28.189390554649076,49.911151556715765,86.48374825501512,16.785509985459306,18.59536481497724,-21.72176100206669,-58.294357700366035,11.40388056918977,9.594025739671835,54.3772068414792,74.57852770340457,20.77772012526353,28.189390554649076
NGC5985,holdout,K_compact_finite,33,95.72571274314967,97.48856477704608,136.4962034128173,72.28739039126062,69.40357999391347,-1.762852033896408,-40.77049066966762,23.438322351889056,26.322132749236204,95.72571274314967,125.81354258869914,87.69011636908246,78.96203537335667
NGC6789,holdout,K_scale_tail_spiral,4,19.455248150488025,259.1142663044452,26.49840257662861,15.897752239176857,15.396246199577478,-239.6590181539572,-7.043154426140585,3.557495911311168,4.059001950910547,743.1212937943296,19.455248150488025,17.6496457550968,16.571859363909255
NGC6946,holdout,K_compact_finite,58,37.10571336242178,15.620680235958408,42.149896326484296,15.025447425206579,17.728143095419597,21.48503312646337,-5.044182964062514,22.080265937215202,19.377570267002184,37.10571336242178,28.98221387092802,8.150727176809745,9.729099660137459
NGC7331,holdout,K_thick_flared,36,21.379802149983696,33.661839273614795,59.354351789327744,25.485065060071012,29.311675230419702,-12.282037123631099,-37.97454963934405,-4.1052629100873155,-7.931873080436006,27.254062204793726,50.176208280277145,23.555247335773505,21.379802149983696
UGC00731,holdout,K_scale_tail_spiral,12,3.476548473235758,64.7371248865276,38.17360738121145,12.845453066903099,11.466827035781066,-61.26057641329184,-34.69705890797569,-9.368904593667342,-7.990278562545308,152.82309311336434,3.476548473235758,20.60289768779491,20.785383858423536
UGC00891,holdout,K_scale_tail_spiral,5,12.780888644342902,85.19256217869155,28.400063073702132,5.958365558298525,7.682081654505746,-72.41167353434864,-15.61917442935923,6.822523086044376,5.098806989837156,207.0333868675496,12.780888644342902,24.624666882836603,23.919632785688393
UGC02023,holdout,K_scale_tail_spiral,5,24.70109171859424,121.20417247221548,15.027147630460606,12.198048884046239,13.979836766957423,-96.50308075362123,9.673944088133632,12.503042834548,10.721254951636816,321.0383719519259,24.70109171859424,20.1054871449973,22.468658319723225
UGC02259,holdout,K_exponential_disk,8,5.984895466547896,63.954153260220785,48.104127634342866,16.43514083306515,13.66144175213647,-57.96925779367289,-42.11923216779497,-10.450245366517255,-7.676546285588574,168.2186240294633,16.31613418801464,5.984895466547896,7.327701563184418
UGC03580,holdout,K_compact_finite,47,120.91112254407871,31.35198189806304,36.01201131349121,25.49452615076704,27.172706555031343,89.55914064601566,84.8991112305875,95.41659639331166,93.73841598904737,120.91112254407871,25.094264659024347,34.69772214523904,34.26395888992574
UGC04305,holdout,K_scale_tail_spiral,22,31.817097591369755,112.36951863929535,6.361564686999685,23.999621706482884,26.588364190715332,-80.55242104792559,25.45553290437007,7.817475884886871,5.2287334006544235,273.1462606531341,31.817097591369755,30.601769238736043,33.360526026015926
UGC04499,holdout,K_scale_tail_spiral,9,4.285250608689106,73.45269608889562,28.740791843283862,6.040634191372928,8.985021588452573,-69.16744548020651,-24.455541234594754,-1.7553835826838222,-4.699770979763468,186.5503130289577,4.285250608689106,15.86402055424465,17.94375468348449
UGC05414,holdout,K_scale_tail_spiral,6,17.123867238179745,107.42720104950705,19.4770280367091,6.4008126343112375,8.261884143933315,-90.3033338113273,-2.3531607985293554,10.723054603868508,8.86198309424643,294.3023933908044,17.123867238179745,13.249801292396425,14.729408465320327
UGC05716,holdout,K_scale_tail_spiral,12,4.763038689067035,62.3792954158142,38.595717422736016,5.844868825954693,5.605647282808069,-57.61625672674716,-33.83267873366898,-1.0818301368876577,-0.8426085937410335,138.00422021819085,4.763038689067035,23.82833911343722,25.30532691581453
UGC05829,holdout,K_scale_tail_spiral,11,14.027134002384829,88.52227519128915,24.75432036929144,6.222677845510406,8.606905396927852,-74.49514118890433,-10.727186366906613,7.804456156874423,5.420228605456977,222.14743482876872,14.027134002384829,20.865988419032217,22.553402326066525
UGC05986,holdout,K_scale_tail_spiral,15,27.626414151984694,53.45835363843302,54.03667362248708,17.532159853325275,15.059299363743824,-25.831939486448324,-26.410259470502385,10.094254298659418,12.56711478824087,136.4975350993634,27.626414151984694,14.64224597305691,9.235279842878755
UGC06818,holdout,K_scale_tail_spiral,8,15.002882665495997,86.219782438058,27.07042994637209,12.386120759877572,13.66362183441789,-71.216899772562,-12.067547280876093,2.616761905618425,1.3392608310781071,211.468397735065,15.002882665495997,22.024329777207402,25.16661980190157
UGC06917,holdout,K_scale_tail_spiral,11,20.39262193286189,47.42059623488954,46.43992237689648,6.430936477869006,4.61507933369384,-27.027974302027648,-26.047300444034594,13.961685454992883,15.777542599168049,130.85295063282098,20.39262193286189,4.2809886497178375,7.127849422129809
UGC06983,holdout,K_scale_tail_spiral,17,27.887317262503824,36.49589310576072,54.54130717033093,11.036839059186455,9.148970751386091,-8.608575843256897,-26.653989907827107,16.85047820331737,18.738346511117733,87.42104085182517,27.887317262503824,8.530591260569551,13.536047204887442
UGC07151,holdout,K_exponential_disk,11,4.716032186622375,83.90668576830537,27.222430951846494,4.3119123214161394,5.615951252005322,-79.190653581683,-22.50639876522412,0.4041198652062352,-0.8999190653829476,240.37676986264827,3.742383414227816,4.716032186622375,7.600904028039983
UGC07261,holdout,K_exponential_disk,7,6.5769145456695846,74.2965464167028,33.05085052090242,4.296839337715027,4.6168185611277694,-67.71963187103322,-26.473935975232838,2.2800752079545576,1.960095984541815,208.03203639700385,4.120166677169315,6.5769145456695846,10.73743617593521
UGC07577,holdout,K_scale_tail_spiral,9,45.54452020279472,192.55618625311408,2.444233288569486,10.601721967205515,13.125766123408509,-147.01166605031935,43.10028691422524,34.94279823558921,32.41875407938621,530.5123919846634,45.54452020279472,22.24358461596184,24.912582158717022
UGC07603,holdout,K_exponential_disk,12,4.043440975220702,101.55286133660168,31.453943634197763,9.318897295784359,6.8156573361002755,-97.50942036138098,-27.410502658977062,-5.275456320563657,-2.7722163608795736,294.4385209820704,7.179875595411849,4.043440975220702,3.040187432322846
UGC08699,holdout,K_compact_finite,41,25.159752689776845,34.07293509100389,57.25812439420853,15.184307759904634,13.478161966003247,-8.913182401227047,-32.098371704431685,9.97544492987221,11.681590723773597,25.159752689776845,42.595080429720355,32.227893622661206,27.395831220630104
UGC11914,holdout,K_compact_finite,65,44.58315534003378,44.851945128246975,53.5297580784848,33.820143068839116,30.19760108867859,-0.26878978821319777,-8.94660273845102,10.763012271194661,14.385554251355188,44.58315534003378,46.4236831729636,45.042229477972135,43.0899227338052
UGC12506,holdout,K_exponential_disk,31,40.354244688876165,73.97334170394372,116.02345816251234,40.697842583379504,38.12269540109571,-33.61909701506755,-75.66921347363618,-0.3435978945033398,2.231549287780453,81.02887649408828,103.45701933031826,40.354244688876165,37.434129287424604
UGCA444,holdout,K_scale_tail_spiral,36,31.741064642517685,146.81069300361978,14.471300240102812,3.0580094444767805,4.92757139254757,-115.06962836110209,17.26976440241487,28.683055198040904,26.813493249970115,414.6076612860859,31.741064642517685,13.503979242054475,12.320438482718998
D512-2,train,K_scale_tail_spiral,4,25.65552260164932,119.52805142642036,17.686144058692637,2.5139498188497846,6.561883790113319,-93.87252882477104,7.969378542956683,23.141572782799535,19.093638811536003,311.80326461591005,25.65552260164932,21.52452627032812,25.256363393022927
D564-8,train,K_scale_tail_spiral,6,38.15257542059671,141.97338134526024,11.653064328205572,3.399294537690645,7.16409055590109,-103.82080592466352,26.49951109239114,34.75328088290607,30.98848486469562,373.9282351970197,38.15257542059671,25.59434228259594,26.397566556165053
D631-7,train,K_scale_tail_spiral,16,16.994584696240832,88.4860303868581,26.330096093973044,10.35809255392164,10.521817679771978,-71.49144569061727,-9.335511397732212,6.636492142319192,6.472767016468854,219.9813920790532,16.994584696240832,23.343005244767404,22.133693836753725
DDO064,train,K_scale_tail_spiral,14,24.779559788783654,138.96478900730722,17.940281191340095,2.7332917850477236,3.548332793859171,-114.18522921852356,6.83927859744356,22.046268003735932,21.231226994924484,396.4131514922491,24.779559788783654,9.465479506934928,11.015736022737679
DDO154,train,K_scale_tail_spiral,12,20.120620774697528,97.45303438772704,23.71217692693497,3.544983778635305,4.451832612674567,-77.33241361302952,-3.591556152237441,16.575636996062222,15.668788162022961,250.16689711493353,20.120620774697528,21.500362804413903,20.691843243833734
DDO161,train,K_scale_tail_spiral,31,12.498403341558177,70.60963522534402,23.323029110647877,13.579219703882607,18.569662825271475,-58.11123188378585,-10.8246257690897,-1.0808163623244305,-6.071259483713298,146.6310643023072,12.498403341558177,32.85235750460456,32.345483869120294
DDO168,train,K_scale_tail_spiral,10,19.59075309544662,109.32201715876973,21.018874222272622,6.727638673752554,7.879974549733663,-89.73126406332311,-1.428121126826003,12.863114421694064,11.710778545712955,302.69738525065645,19.59075309544662,13.432164547147453,11.836501678505263
DDO170,train,K_scale_tail_spiral,8,10.18242725948547,75.1784838469015,27.33402059077279,7.480201139884626,14.370201282342645,-64.99605658741604,-17.151593331287323,2.7022261196008444,-4.187774022857175,147.66582642135413,10.18242725948547,39.18483477531904,38.684790344031306
ESO079-G014,train,K_thick_flared,15,23.883704931770673,50.877611247225495,55.74658403541774,12.522654026496923,11.397542407404476,-26.993906315454822,-31.862879103647067,11.36105090527375,12.486162524366197,86.59310757060997,37.816724349797326,28.223001821269182,23.883704931770673
ESO444-G084,train,K_scale_tail_spiral,7,10.514439503214417,111.66121510100099,33.349804034715035,13.917114692092932,10.513209179623457,-101.14677559778657,-22.835364531500616,-3.402675188878515,0.0012303235909598698,320.40127346381155,10.514439503214417,8.218930742057575,6.3634410971338555
ESO563-G021,train,K_thick_flared,30,64.76568265425072,88.92364007858309,117.979670125645,47.72714916375959,44.48667176928297,-24.157957424332366,-53.213987471394276,17.038533490491133,20.279010884967754,84.60667521479611,108.5337558795945,73.63048914135868,64.76568265425072
F563-V1,train,K_scale_tail_spiral,6,35.5490634769301,107.06511705280813,4.948718563402544,23.66949222725619,29.338957960123544,-71.51605357587803,30.600344913527557,11.879571249673912,6.210105516806557,221.35519628166384,35.5490634769301,48.84790715678229,50.992247719978224
F563-V2,train,K_scale_tail_spiral,10,27.17356194093862,61.573135539842546,59.03782298606215,26.238947803350438,23.428832485173935,-34.39957359890393,-31.864261045123534,0.9346141375881807,3.744729455764684,127.31302518179696,27.17356194093862,30.576877527672536,26.829503910058147
F565-V2,train,K_scale_tail_spiral,7,7.860267803641083,69.65988232490321,41.087913426981345,11.960771688430881,6.916649069723871,-61.79961452126213,-33.227645623340266,-4.1005038847897985,0.9436187339172122,174.85606516836697,7.860267803641083,17.671534461030678,16.45204734531197
F567-2,train,K_scale_tail_spiral,5,16.29699595179927,89.31139155472842,20.874317404506115,14.016635993218337,19.406231954265397,-73.01439560292914,-4.577321452706844,2.2803599585809344,-3.109236002466126,182.4117790609441,16.29699595179927,38.85960102584893,46.662794577392205
F568-3,train,K_exponential_disk,18,19.68867542431793,59.74142729017789,44.56354544414182,9.11490703879206,7.976415983117765,-40.05275186585996,-24.874870019823895,10.573768385525868,11.712259441200164,145.982772184012,14.821986298215075,19.68867542431793,18.419523388306605
F568-V1,train,K_exponential_disk,15,16.277253131338842,52.391174021249846,65.51997770587302,29.877210479611758,25.762065140172663,-36.113920889911,-49.24272457453418,-13.599957348272916,-9.48481200883382,113.87650651172977,32.31398476095018,16.277253131338842,10.9830307910696
F571-8,train,K_thick_flared,13,31.35079086846858,67.74485660522954,55.62174794317093,30.175376192122503,28.290592925853005,-36.394065736760965,-24.270957074702352,1.175414676346076,3.0601979426155737,135.15616412150982,33.881762954787284,34.196642739391514,31.35079086846858
F571-V1,train,K_scale_tail_spiral,7,7.249651742268898,58.86687124988677,39.794929421262424,3.5735232878164758,6.360130039546406,-51.617219507617875,-32.54527767899353,3.676128454452422,0.889521702722492,121.93255017402774,7.249651742268898,26.525800236038048,28.142263339594525
F574-1,train,K_exponential_disk,14,6.623477021445493,49.63231879759289,48.52533758837649,11.820788616096635,8.776912560877792,-43.00884177614739,-41.90186056693099,-5.197311594651143,-2.153435539432299,118.38643684262195,18.30959099384823,6.623477021445493,12.200928556308506
F574-2,train,K_scale_tail_spiral,5,33.39125523133589,104.03981225076139,2.7676256767833216,32.6388165436646,38.74115873241575,-70.6485570194255,30.62362955455257,0.7524386876712867,-5.349903501079858,184.81033228820397,33.39125523133589,60.29870628765159,67.01039817642862
F579-V1,train,K_thick_flared,14,12.068968574808666,52.42488336598539,55.68314744072652,19.63941142103888,18.38890176475787,-40.35591479117672,-43.61417886591786,-7.570442846230213,-6.319933189949202,112.4993770879931,30.189353907968506,14.585919101994572,12.068968574808666
F583-1,train,K_scale_tail_spiral,25,8.865032448942348,73.94493601455108,37.88119838848093,13.297286773674033,10.320140273858495,-65.07990356560873,-29.016165939538585,-4.4322543247316855,-1.4551078249161478,188.60383652491925,8.865032448942348,16.05910732007625,17.171864198657733
F583-4,train,K_thick_flared,12,24.77057096866559,72.15031032977136,28.256036139451535,2.089348476842753,5.381087823103697,-47.37973936110576,-3.485465170785943,22.681222491822837,19.389483145561893,191.93390664780011,5.307874663879359,19.209149677634624,24.77057096866559
KK98-251,train,K_scale_tail_spiral,15,37.6784669194744,151.10120615749312,9.24231819672141,8.181219377823203,10.870651981388162,-113.42273923801872,28.436148722752993,29.4972475416512,26.80781493808624,415.09267353665246,37.6784669194744,19.496858315894578,18.714086619932264
NGC0055,train,K_scale_tail_spiral,21,4.498119262418235,59.69583908995288,30.10483924708385,13.646013162608714,17.518196226309797,-55.19771982753464,-25.606719984665613,-9.147893900190478,-13.020076963891562,125.30973336452936,4.498119262418235,26.54839723123031,27.229386674098947
NGC0100,train,K_exponential_disk,21,11.628519034102387,61.99763317499677,37.32423045477865,7.537919334963079,6.061732881040405,-50.36911414089438,-25.69571142067626,4.090599699139308,5.566786153061982,162.6185330108143,8.616143675252149,11.628519034102387,14.758222838923858
NGC0247,train,K_exponential_disk,26,15.901833519505306,48.04437758686411,44.33874452179441,3.866312004062215,5.475417572666649,-32.1425440673588,-28.436911002289104,12.03552151544309,10.426415946838656,107.11323775949542,16.784659472475326,15.901833519505306,20.23523552862158
NGC0289,train,K_thick_flared,28,45.7109461001306,42.627786796346534,72.05791283517864,13.44827134683854,23.595309185371484,3.0831593037840648,-26.346966735048042,32.26267475329206,22.115636914759115,37.711710266524896,54.90388992145044,35.26776020106426,45.7109461001306
NGC0300,train,K_exponential_disk,25,9.38521465194606,53.15339285413034,46.47895971603302,9.83189803567648,5.607034629923943,-43.76817820218428,-37.09374506408696,-0.44668338373042005,3.7781800220221164,130.32043373833474,15.40467443050574,9.38521465194606,13.73507039355054
NGC0801,train,K_thick_flared,13,21.113350303762275,32.74623953480289,53.955412557620825,31.348134413644825,35.306528941160416,-11.632889231040615,-32.84206225385855,-10.23478410988255,-14.193178637398141,31.62826584809189,43.56362213556807,23.04683062074871,21.113350303762275
NGC0891,train,K_compact_finite,18,36.32249504139841,30.445828394848586,42.48873191442031,29.637636010909365,32.67571266789567,5.876666646549825,-6.1662368730219015,6.684859030489047,3.646782373502745,36.32249504139841,35.847268926674175,28.27475935164939,27.21545690622219
NGC1003,train,K_scale_tail_spiral,36,27.786454390243332,41.343279902339866,57.05520264141121,11.228797331872782,8.233924992844548,-13.556825512096534,-29.26874825116788,16.557657058370552,19.552529397398786,43.39145774297789,27.786454390243332,37.65998165863951,42.97840030540219
NGC1090,train,K_thick_flared,24,19.568704012673237,23.75270426701689,53.94427875610075,15.259685358845738,18.764009439287914,-4.184000254343655,-34.375574743427514,4.309018653827499,0.8046945733853228,20.517747945952514,39.5555572402305,11.184807614867664,19.568704012673237
NGC1705,train,K_scale_tail_spiral,14,11.408108045462653,81.24565609229013,44.86883854026655,20.59864390810048,16.95201559286103,-69.83754804682748,-33.4607304948039,-9.190535862637828,-5.543907547398378,223.37359708777365,11.408108045462653,10.193288763664029,10.170082425432728
NGC2366,train,K_scale_tail_spiral,26,18.996490142391348,95.27452959280733,18.91729119521532,8.175530891777854,11.387781875806942,-76.27803945041597,0.07919894717602816,10.820959250613495,7.608708266584406,247.27353365400936,18.996490142391348,19.056357095846682,19.493698028565955
NGC2403,train,K_exponential_disk,73,34.6610908159883,62.58354451337061,50.70104801512085,9.860995949284607,6.239762201686606,-27.92245369738231,-16.039957199132544,24.800094866703695,28.421328614301697,130.83377934724243,25.135276364651403,34.6610908159883,31.78157782821801
NGC2841,train,K_compact_finite,50,100.19230999192999,102.56045736840296,130.51149487715648,59.09007494417434,53.02346081870857,-2.368147376472976,-30.31918488522649,41.10223504775565,47.16884917322142,100.19230999192999,117.13311595967333,98.41689891620116,92.13135722933438
NGC2903,train,K_thick_flared,34,30.0067263628617,39.41046715598423,60.520087188359796,24.362146162225375,24.96300377208502,-9.40374079312253,-30.513360825498097,5.644580200636323,5.043722590776678,35.900764726144075,47.79267087824397,34.53796586356464,30.0067263628617
NGC2915,train,K_scale_tail_spiral,30,16.177863068814766,56.476382213950444,53.35994986959267,26.00786566771677,20.629433034344654,-40.29851914513568,-37.1820868007779,-9.830002598902006,-4.451569965529888,152.54724856156375,16.177863068814766,7.61868471825102,9.263213362036556
NGC2955,train,K_compact_finite,24,17.373692552938493,29.743168804207315,42.64993554277889,19.782113998497127,23.273161362253415,-12.369476251268821,-25.276242989840398,-2.408421445558634,-5.8994688093149215,17.373692552938493,34.43978172415499,28.72798580507387,26.061738883393083
NGC2976,train,K_thick_flared,27,7.677769289979859,161.9724767470175,14.260040448565771,5.11693008193194,5.678104979086942,-154.29470745703765,-6.582271158585912,2.560839208047919,1.9996643108929177,459.74926916040545,18.125444823254288,8.042716257392815,7.677769289979859
NGC2998,train,K_thick_flared,13,38.83010273402047,48.66311304409256,71.792278099358,27.11504519134483,27.07347466768693,-9.83301031007209,-32.96217536533753,11.715057542675641,11.75662806633354,42.78211968082364,60.45171714845151,42.755502303002544,38.83010273402047
NGC3109,train,K_scale_tail_spiral,25,12.77747847129218,87.92972271877413,32.07944925871144,9.323880057063088,5.041785679362137,-75.15224424748195,-19.30197078741926,3.453598414229093,7.7356927919300436,232.99888510990976,12.77747847129218,16.045796116041586,14.74448693037103
NGC3198,train,K_thick_flared,43,29.308851754034176,43.074010914967694,56.10018925823561,7.704000492040528,11.179050056995646,-13.765159160933518,-26.791337504201433,21.604851261993648,18.12980169703853,62.48719634640347,33.46926080448127,33.26557559401835,29.308851754034176
NGC3521,train,K_thick_flared,41,24.66296945828163,55.34707387568192,35.20819118432227,7.110920589361769,6.814883835390855,-30.68410441740029,-10.545221726040637,17.55204886891986,17.848085622890775,114.51892738489086,25.007238278481758,26.51505596367315,24.66296945828163
NGC3741,train,K_scale_tail_spiral,21,23.16859400254805,100.0622870002987,25.903475084314856,7.821498388140469,2.7212527031991094,-76.89369299775065,-2.7348810817668046,15.347095614407582,20.447341299348942,267.55090823374024,23.16859400254805,16.68327868850035,15.95267407865549
NGC3769,train,K_thick_flared,12,19.342114925936777,30.647248325328388,50.35656246265608,11.2553126000523,15.980528592616563,-11.305133399391611,-31.014447536719302,8.086802325884477,3.361586333320213,50.89887236630427,25.08737712561608,15.955495484064814,19.342114925936777
NGC3877,train,K_thick_flared,13,15.050612678301563,44.939329998689054,33.84095588590208,22.419419150236873,23.91875443404216,-29.888717320387492,-18.79034320760052,-7.36880647193531,-8.868141755740597,95.378089331765,23.34904169870565,16.090858965596517,15.050612678301563
NGC3893,train,K_thick_flared,10,12.073456769861734,31.90265135216467,58.424136708413236,7.421761571780209,6.883534927974165,-19.82919458230294,-46.3506799385515,4.651695198081525,5.1899218418875686,32.30869856302984,44.5485234330113,18.850732060452874,12.073456769861734
NGC3917,train,K_exponential_disk,17,8.799110939146232,38.824022053326736,50.96833813740423,6.899654025227952,6.637702160319162,-30.024911114180505,-42.169227198258,1.8994569139182795,2.1614087788270693,79.27929815022921,31.335298798349136,8.799110939146232,5.857469211401878
NGC3953,train,K_thick_flared,8,13.371964412849552,31.37977983368098,49.90378454420272,10.449994650865388,10.343662263567392,-18.007815420831427,-36.53182013135317,2.9219697619841636,3.02830214928216,34.50721066083773,40.41907632623552,19.213052513969693,13.371964412849552
NGC3992,train,K_thick_flared,9,20.35097801575087,63.85375349291331,105.26043069104036,21.62991458359259,18.53931925672739,-43.502775477162444,-84.90945267528949,-1.278936567841722,1.81165875902348,72.13435315564985,94.20854573739543,25.218361585694648,20.35097801575087
NGC4010,train,K_exponential_disk,12,12.93958418689763,52.759970581138674,36.86370394291005,10.799199499954586,11.798351296716529,-39.82038639424104,-23.92411975601242,2.140384686943044,1.1412328901811009,126.35477665930384,18.902006820191843,12.93958418689763,13.023128263920329
NGC4051,train,K_thick_flared,7,12.265829000382618,37.62921491743861,23.600374430425113,23.162699244292835,25.364933901873997,-25.363385917055993,-11.334545430042494,-10.896870243910216,-13.099104901491378,93.65588678609268,11.704971350543042,7.5267866156800896,12.265829000382618
NGC4068,train,K_scale_tail_spiral,6,32.403318042880684,151.577511879377,9.428676806463026,9.789559083112076,11.389697947293712,-119.17419383649631,22.97464123641766,22.61375895976861,21.013620095586973,422.1268425383783,32.403318042880684,15.689210188744884,16.91648291100782
NGC4085,train,K_thick_flared,7,18.21914195780698,73.22324094082727,21.937902793068105,21.45520895763762,23.247876990413115,-55.004098983020285,-3.7187608352611257,-3.2360669998306406,-5.028735032606136,185.4934792190975,16.553858460750376,17.62238514263389,18.21914195780698
NGC4100,train,K_thick_flared,24,11.350603014754498,30.609701552131636,66.37776887597958,10.799906207475212,9.873831807311648,-19.259098537377138,-55.027165861225086,0.5506968072792855,1.4767712074428498,24.904543410035583,51.8761521959261,15.048409050433216,11.350603014754498
NGC4138,train,K_compact_finite,7,37.90643737266374,21.01743951327442,55.13347538266021,9.51519890085038,10.185247994852606,16.888997859389317,-17.22703800999647,28.39123847181336,27.721189377811132,37.90643737266374,39.932289055900284,11.67368582303608,11.446343660886898
NGC4157,train,K_thick_flared,17,17.91226363807904,23.592304534583178,52.61576992556368,20.216389281228402,23.480615178680974,-5.6800408965041385,-34.70350628748464,-2.304125643149362,-5.568351540601935,17.321217130218063,39.95353303575206,13.50216343777942,17.91226363807904
NGC4217,train,K_compact_finite,19,43.877166028145844,45.817245912990444,47.85850745851352,52.35219166022327,55.35556407681141,-1.9400798848446001,-3.981341430367678,-8.475025632077426,-11.478398048665568,43.877166028145844,44.603164855447396,45.835199068293065,47.013373815230864
NGC4559,train,K_exponential_disk,32,17.876436551350228,35.89171203650754,39.983139647321316,15.385306161864646,18.985298676354127,-18.015275485157314,-22.10670309597109,2.4911303894855816,-1.108862125003899,63.73025311683076,20.10541617222706,17.876436551350228,23.839466820464807
NGC5005,train,K_compact_finite,18,53.89916520934328,24.389847637615684,32.137765803626486,12.481746631320759,13.97796581666026,29.509317571727596,21.761399405716794,41.41741857802252,39.92119939268302,53.89916520934328,25.79051617016718,24.55143481886055,22.827591923819313
NGC5033,train,K_compact_finite,22,45.93206208346914,32.08294930932875,81.7961238031875,15.138788047327509,15.295974840608453,13.849112774140394,-35.86406171971836,30.793274036141632,30.63608724286069,45.93206208346914,67.83845436549062,15.781926225212489,12.628467337283135
NGC5055,train,K_thick_flared,28,17.25524594634931,26.221667347804456,53.47664009693142,23.304882018533657,29.486670612228213,-8.966421401455147,-36.221394150582114,-6.049636072184349,-12.231424665878905,21.18096899673313,38.70789294264555,18.776140104034678,17.25524594634931
NGC5371,train,K_thick_flared,19,29.75351708692534,29.140215750311075,45.30694573277189,41.66572118681593,44.87169677347413,0.6133013366142634,-15.553428645846548,-11.912204099890591,-15.118179686548789,27.358230408419377,37.0714127244001,22.991004118113747,29.75351708692534
NGC5585,train,K_exponential_disk,24,16.15503071873158,65.92788753951362,31.680943701137302,7.910184029247681,8.365260361585127,-49.77285682078204,-15.525912982405721,8.2448466894839,7.789770357146454,174.1535863263335,9.409859538544348,16.15503071873158,14.220216753663019
NGC6015,train,K_exponential_disk,44,19.071293810210644,31.8395795147384,65.62463308469805,13.450865436024902,10.82252972156713,-12.768285704527756,-46.5533392744874,5.620428374185742,8.248764088643513,31.91262296749882,47.530304789497826,19.071293810210644,16.075810787218547
NGC6195,train,K_compact_finite,23,15.438691097091318,21.566657410113958,32.46587637550845,31.92603912642373,36.238986538686945,-6.12796631302264,-17.027185278417132,-16.487348029332413,-20.800295441595626,15.438691097091318,25.212255331848354,19.37572672722391,20.111990171269607
NGC6503,train,K_exponential_disk,31,16.868228692181344,36.68759717644307,56.83404358118103,7.537023161651215,4.239120184630891,-19.819368484261727,-39.96581488899969,9.331205530530129,12.629108507550452,53.1448358975107,31.85033085474295,16.868228692181344,25.067624777075572
NGC6674,train,K_compact_finite,15,95.8548700357451,58.00290537802804,119.19759956224416,30.84415865400613,25.376939093620358,37.851964657717055,-23.34272952649907,65.01071138173896,70.47793094212474,95.8548700357451,106.4006933364301,31.07832976774762,36.52969302990642
NGC7793,train,K_exponential_disk,46,17.97849200055896,90.29789752550313,26.40567432925076,5.722342289485416,6.0568332273601175,-72.31940552494417,-8.427182328691803,12.256149711073542,11.92165877319884,247.15314640343553,7.401607345364124,17.97849200055896,16.338938827709782
NGC7814,train,K_compact_finite,18,32.46134649893682,43.24402716044483,73.62545163519991,22.076573970785304,20.006224427465735,-10.78268066150801,-41.16410513626309,10.384772528151515,12.455122071471084,32.46134649893682,61.59829778943113,37.785300600215145,30.348483091688234
PGC51017,train,K_scale_tail_spiral,6,40.686218224407895,134.6630394472544,4.749998947161798,18.392706990319713,21.58619332313812,-93.9768212228465,35.936219277246096,22.293511234088182,19.100024901269776,341.7665030484007,40.686218224407895,30.262503993234112,31.960111300128325
UGC00128,train,K_scale_tail_spiral,22,48.04478962832499,47.74449544346623,74.49268163919993,13.983592876820651,11.714529979315056,0.3002941848587639,-26.447892010874938,34.06119675150434,36.33025964900993,24.772226446909713,48.04478962832499,55.80988547245116,62.651374411037814
UGC00191,train,K_scale_tail_spiral,9,12.121330162710827,118.62692335309147,31.92467620407112,7.100447637659804,7.3035411506648025,-106.50559319038064,-19.803346041360292,5.0208825250510225,4.817789012046024,319.65889363115286,12.121330162710827,18.908192595081143,17.313683833040443
UGC00634,train,K_scale_tail_spiral,4,25.796456502618323,39.01131022427372,55.279530975262304,8.17927394861286,2.390542422509193,-13.214853721655398,-29.48307447264398,17.617182554005463,23.40591408010913,68.54395442913716,25.796456502618323,23.94039804015196,24.549578203532047
UGC01230,train,K_scale_tail_spiral,11,23.57439850208702,29.500032406168117,53.52025702299252,15.668391396233122,19.787452508603863,-5.925633904081096,-29.945858520905496,7.906007105853899,3.786945993483158,68.57154822110927,23.57439850208702,10.280405026116739,9.648143971278339
UGC01281,train,K_exponential_disk,23,14.815859320507156,120.49024187565158,23.06268165472958,2.873653918392883,2.590778492828074,-105.67438255514442,-8.246822334222424,11.942205402114274,12.225080827679083,322.3998235052478,22.849795649062287,14.815859320507156,16.22110647264464
UGC02455,train,K_scale_tail_spiral,8,39.11858920353125,128.45420153185648,17.65045838919845,40.12562667208877,41.15186377794972,-89.33561232832523,21.4681308143328,-1.0070374685575203,-2.0332745744184706,312.4991414893857,39.11858920353125,35.07442691444821,37.78903619173556
UGC02487,train,K_compact_finite,17,152.89874062987022,98.25291607527699,167.86710373521154,67.62411171265585,60.82824936276332,54.64582455459323,-14.968363105341325,85.27462891721437,92.07049126710689,152.89874062987022,158.32743462490603,74.66723006346393,61.764083537461026
UGC02885,train,K_compact_finite,19,97.38058283518147,50.279185424695065,114.82690801221729,18.30388329245319,15.131131571665343,47.101397410486406,-17.446325177035817,79.07669954272828,82.24945126351614,97.38058283518147,105.00849661626275,24.92550307024386,20.903556587578578
UGC02916,train,K_compact_finite,43,21.555155019817107,30.34798619287402,40.95236813050122,27.319935272727097,30.310716706055015,-8.792831173056914,-19.397213110684113,-5.76478025290999,-8.755561686237908,21.555155019817107,32.01652881759122,30.30122745511199,28.726202305918857
UGC02953,train,K_compact_finite,115,54.79992200895221,75.91714667903778,86.4074595792206,32.750190465366245,28.930833464990883,-21.117224670085577,-31.60753757026839,22.049731543585963,25.869088543961325,54.79992200895221,74.3895497576175,77.77816391488714,75.58372636460871
UGC03205,train,K_compact_finite,48,30.732575742236044,50.265246497527755,71.96485846242949,23.038239432266117,20.01236999671605,-19.53267075529171,-41.232282720193446,7.694336309969927,10.720205745519994,30.732575742236044,58.60294772910849,48.51714525749751,43.67564650597726
UGC03546,train,K_compact_finite,30,48.13549874215911,44.724676809281675,51.95330691477968,31.144679427119854,32.99335102825052,3.4108219328774325,-3.8178081726205733,16.990819315039253,15.142147713908585,48.13549874215911,42.05151022388837,46.76485723321446,45.35766297074221
UGC04278,train,K_exponential_disk,25,13.198891830814443,80.5526840582304,36.125526983473996,10.395694298729477,7.617050061219652,-67.35379222741595,-22.926635152659554,2.8031975320849654,5.58184176959479,215.9469916841499,10.411114347734882,13.198891830814443,15.29994614280638
UGC04325,train,K_scale_tail_spiral,8,15.684350571165952,80.16465494188243,46.162858806224435,17.920667735433767,16.430046998854888,-64.48030437071648,-30.478508235058484,-2.236317164267815,-0.7456964276889355,215.39318341182567,15.684350571165952,13.887092162169981,11.213689251651669
UGC04483,train,K_scale_tail_spiral,8,38.15192092051322,209.08439761060026,8.382655992936533,3.798705980303068,5.284251656234046,-170.93247669008704,29.769264927576685,34.35321494021015,32.86766926427917,608.9303031862949,38.15192092051322,9.123963204562218,9.19892644094379
UGC05005,train,K_scale_tail_spiral,11,10.426929930343487,51.52506417972194,39.715777861931855,8.667266606701743,15.3370678339474,-41.09813424937845,-29.288847931588368,1.7596633236417443,-4.910137903603912,95.04383318924314,10.426929930343487,29.160171322046832,30.37118802787582
UGC05253,train,K_compact_finite,73,35.084919768199846,44.260165451252,51.90330448400473,15.05917273003151,15.801028556046024,-9.175245683052154,-16.818384715804882,20.025747038168337,19.283891212153822,35.084919768199846,40.945082439082476,46.53561246210023,45.299801452573305
UGC05721,train,K_scale_tail_spiral,23,7.5224498107718185,98.07517563197332,43.42112660188199,18.899011901061648,16.681620310362256,-90.5527258212015,-35.89867679111017,-11.37656209028983,-9.159170499590438,256.67233310022095,7.5224498107718185,19.922103746866952,17.631090048832082
UGC05750,train,K_exponential_disk,11,27.134633802938964,72.20913807276703,27.51007053890247,9.302313712413989,15.43158945781573,-45.07450426982807,-0.375436735963504,17.832320090524973,11.703044345123233,171.4646312815049,16.078481987260314,27.134633802938964,29.08430094953587
UGC05764,train,K_scale_tail_spiral,10,13.439038156137777,109.7044731374151,29.626853146959423,10.69204900722308,8.472754908677588,-96.26543498127734,-16.187814990821646,2.7469891489146967,4.966283247460188,322.38379750500974,13.439038156137777,3.055855301525032,3.6737666057105964
UGC05918,train,K_scale_tail_spiral,8,22.389016614510407,110.68941183373374,21.809546688333317,3.852091274673392,4.343347077626917,-88.30039521922333,0.5794699261770901,18.536925339837016,18.04566953688349,294.0247701170443,22.389016614510407,18.110663940731843,19.932801443425113
UGC05999,train,K_scale_tail_spiral,5,15.970556675452462,51.14596841831917,44.29698318989037,8.462273332104134,12.11108103755705,-35.17541174286671,-28.326426514437905,7.508283343348328,3.8594756378954127,89.53128519947282,15.970556675452462,31.335206575606293,32.571413479878395
UGC06399,train,K_scale_tail_spiral,9,7.809902820645891,66.96455066871523,38.70738543926881,6.570667508689696,4.007206920083819,-59.154647848069345,-30.89748261862292,1.239235311956195,3.802695900562072,182.52045465693428,7.809902820645891,8.250486388332044,10.122710960879374
UGC06446,train,K_scale_tail_spiral,17,10.647852429527434,57.76286505584702,43.361690679924365,11.600558614682592,9.277034813965724,-47.11501262631959,-32.71383825039693,-0.9527061851551579,1.3708176155617107,155.17351542618994,10.647852429527434,7.5199910821217175,10.595088659229427
UGC06614,train,K_compact_finite,13,32.87525730222574,39.84593424267336,65.5480551416531,27.61230809264631,31.039843849947932,-6.970676940447618,-32.67279783942735,5.262949209579432,1.835413452277809,32.87525730222574,49.940001196909485,35.21471621551361,34.383085315596965
UGC06628,train,K_scale_tail_spiral,7,27.443038124381047,99.55777862032956,6.710748509626378,30.52936844963153,33.51825732954061,-72.11474049594851,20.73228961475467,-3.086330325250483,-6.075219205159563,217.1608603353645,27.443038124381047,38.477189600518784,43.03528592510543
UGC06667,train,K_scale_tail_spiral,9,9.915595307051564,64.30595257047685,48.79034345735921,21.777818607382592,16.71485279097738,-54.39035726342529,-38.87474815030764,-11.862223300331028,-6.799257483925814,182.33020378064745,9.915595307051564,6.212841315713796,4.374812615069282
UGC06786,train,K_compact_finite,45,29.513496784268682,63.783175964763814,82.0312241748302,33.56822624211261,29.84835494248942,-34.26967918049513,-52.51772739056152,-4.054729457843926,-0.3348581582207366,29.513496784268682,66.21044134642352,64.54542983659618,60.59365671127174
UGC06787,train,K_compact_finite,71,36.516922875246344,65.226577566699,80.45177978959224,32.5137827820559,29.754940330408104,-28.709654691452663,-43.93485691434589,4.003140093190446,6.76198254483824,36.516922875246344,66.87403992962517,66.12815665926611,62.67753611120574
UGC06923,train,K_scale_tail_spiral,6,6.633209885238203,83.38828205349988,25.93444499937725,8.148037483804755,9.174294672212552,-76.75507216826168,-19.301235114139047,-1.5148275985665522,-2.5410847869743494,230.6539915290926,6.633209885238203,9.01209243716326,10.498762194243769
UGC06930,train,K_exponential_disk,10,16.401332926813964,41.56592781700568,45.99712838722294,7.129942401878801,10.615359911067321,-25.164594890191715,-29.59579546040898,9.271390524935164,5.785973015746643,80.80715062022462,21.90317667603727,16.401332926813964,21.987456154755172
UGC06973,train,K_compact_finite,9,110.5247123247588,41.45229362260429,43.517537448619045,43.77487056159231,46.219420778795254,69.07241870215451,67.00717487613974,66.74984176316649,64.30529154596354,110.5247123247588,41.23376059387294,41.40135775722257,41.721762516717355
UGC07089,train,K_exponential_disk,12,25.42984362637391,67.16408053262437,25.463878692061286,11.854626156035648,15.11002549298317,-41.73423690625046,-0.03403506568737669,13.575217470338261,10.31981813339074,164.98771625270453,6.998529791157827,25.42984362637391,29.505995554010745
UGC07125,train,K_scale_tail_spiral,13,10.136475715187636,72.72041023928007,21.209547707269063,23.50738158433897,30.744216898994726,-62.583934524092435,-11.073071992081427,-13.370905869151333,-20.60774118380709,111.13178332017235,10.136475715187636,52.2121827359044,54.81726466176348
UGC07232,train,K_scale_tail_spiral,4,28.82281542769235,241.2991131603419,14.072864381408868,4.330516350390615,4.2010085891531075,-212.47629773264956,14.749951046283483,24.492299077301737,24.621806838539243,711.5829272154986,28.82281542769235,6.423992322147039,5.890419943380208
UGC07323,train,K_exponential_disk,10,11.980257806632318,85.15821162057016,23.544315659585056,7.870558254421247,9.408514005252675,-73.17795381393783,-11.564057852952738,4.1096995522110715,2.571743801379643,231.30705629656106,9.357871803940842,11.980257806632318,14.809706761208565
UGC07399,train,K_exponential_disk,10,22.349508991406715,80.6822793208815,58.88791065688592,29.951109537180738,27.270722350345288,-58.33277032947479,-36.538401665479206,-7.601600545774023,-4.921213358938573,196.91058770758093,25.36564397877427,22.349508991406715,19.77060627628932
UGC07524,train,K_scale_tail_spiral,31,2.443886752702336,64.71938105693664,34.28871958325588,5.168715146792566,7.393493259839208,-62.27549430423431,-31.844832830553546,-2.7248283940902303,-4.949606507136872,156.12326202978332,2.443886752702336,17.483283193001178,20.551597948025446
UGC07559,train,K_scale_tail_spiral,7,34.25608202827386,151.2664176076908,9.818827026724065,8.085663881075234,10.488763467566779,-117.01033557941696,24.437255001549794,26.170418147198625,23.767318560707082,415.94119312524947,34.25608202827386,18.373041079007912,19.48501861881505
UGC07608,train,K_scale_tail_spiral,8,10.585731195738656,95.32745699237158,33.45240342275178,11.086952972273936,7.643350201540864,-84.74172579663292,-22.866672227013122,-0.5012217765352798,2.9423809941977925,267.61000471647935,10.585731195738656,9.903184039407147,8.469182221228186
UGC07690,train,K_scale_tail_spiral,7,10.887981913447668,102.49613860772281,22.747054901726205,4.60175903715822,6.229715228813062,-91.60815669427515,-11.859072988278538,6.286222876289448,4.658266684634605,292.5530585604172,10.887981913447668,5.953436287245491,8.981920975505753
UGC07866,train,K_scale_tail_spiral,7,33.0444583370407,155.7134599905044,11.076678549661342,5.7383846888435865,8.109464129446401,-122.66900165346368,21.96777978737936,27.306073648197113,24.9349942075943,434.6089458479507,33.0444583370407,15.505213728048469,17.026220395514038
UGC08286,train,K_exponential_disk,17,3.459973176611025,65.32416720580586,44.67728634232997,14.190503497341913,11.134978355570606,-61.86419402919484,-41.21731316571895,-10.730530320730889,-7.675005178959581,179.5691836406972,11.271414204207938,3.459973176611025,5.131903772512487
UGC08490,train,K_scale_tail_spiral,30,12.647368777992948,58.19813449731072,44.87123580471808,12.750079284525583,8.782045083335015,-45.550765719317766,-32.22386702672513,-0.10271050653263458,3.865323694657933,154.04452337823236,12.647368777992948,8.462281033340306,12.087599080359494
UGC08550,train,K_scale_tail_spiral,11,10.4820833779981,92.76923543004163,29.603145461388138,6.06335307483473,3.445739243845035,-82.28715205204354,-19.121062083390036,4.41873030316337,7.036344134153065,256.83785089206367,10.4820833779981,9.61902271742069,11.85083268064052
UGC08837,train,K_scale_tail_spiral,8,28.811998636157302,119.50685034401913,12.285290390769424,11.823039060545453,14.631810600470736,-90.69485170786183,16.52670824538788,16.98895957561185,14.180188035686566,307.7685015900247,28.811998636157302,24.153570122264743,26.598479319767904
UGC09037,train,K_exponential_disk,22,30.447640921081884,32.12917606840702,38.69185930539163,35.08096095482696,38.28976483562106,-1.6815351473251354,-8.244218384309747,-4.633320033745079,-7.842123914539172,35.08315747959135,25.37422589932357,30.447640921081884,35.93014482630614
UGC09133,train,K_compact_finite,68,59.11367616070409,62.39623143693148,81.51364026148558,17.439689160530865,21.29606678416307,-3.2825552762273915,-22.39996410078149,41.67398700017323,37.817609376541014,59.11367616070409,67.1793566286725,62.20754435231006,57.80179332981189
UGC09992,train,K_scale_tail_spiral,5,29.00338077621761,123.88119344129404,11.21228856253127,12.419100947372682,15.349374013313273,-94.87781266507643,17.79109221368634,16.584279828844927,13.654006762904338,322.79661829125996,29.00338077621761,23.389444499880167,25.457517532742045
UGC10310,train,K_scale_tail_spiral,7,2.1458581506448122,73.42405929938076,31.25990953267383,6.026738625872166,8.025462221912084,-71.27820114873595,-29.114051382029018,-3.8808804752273534,-5.879604071267272,191.12279624768092,2.1458581506448122,12.925712962686038,16.223668687775298
UGC11455,train,K_exponential_disk,36,39.21791803750307,39.85463034558291,60.052146253715186,14.4032869987777,16.72257736917739,-0.6367123080798436,-20.834228216212118,24.814631038725366,22.495340668325678,33.865109069808256,50.80975073170176,39.21791803750307,34.889031235238704
UGC11557,train,K_exponential_disk,12,27.70987565881653,79.84480407732013,11.064096224349823,32.96981266846553,34.503675638220066,-52.134928418503605,16.645779434466704,-5.259937009649001,-6.793799979403538,186.71254016622032,20.906865881053214,27.70987565881653,31.915006184686852
UGC11820,train,K_scale_tail_spiral,10,6.940428562595629,50.721974981284866,30.78306959149951,5.218621983502207,9.228226219817985,-43.78154641868924,-23.84264102890388,1.7218065790934212,-2.287797657222357,125.75641672104953,6.940428562595629,14.193911821232094,12.21559640157297
UGC12632,train,K_scale_tail_spiral,15,1.8428415258391246,67.43161907202055,34.55295039419839,6.032106398984771,7.673706532829834,-65.58877754618143,-32.710108868359264,-4.189264873145646,-5.8308650069907095,157.9771170314626,1.8428415258391246,20.686624108323844,23.631116076275216
UGC12732,train,K_scale_tail_spiral,16,12.381471836355207,51.830807252630336,44.72613799762456,7.718129754895397,6.818578331328152,-39.44933541627513,-32.34466616126936,4.66334208145981,5.562893505027055,108.54958498721817,12.381471836355207,21.86362959649399,25.07920717417887
UGCA281,train,K_scale_tail_spiral,7,34.02945899234732,220.97979615426513,10.397576021322847,1.9407170239409501,2.958109044402935,-186.95033716191782,23.631882971024474,32.088741968406374,31.071349947944388,651.8069933448772,34.02945899234732,5.186028015161823,5.946367102756301
UGCA442,train,K_scale_tail_spiral,8,13.556554327277185,86.88986067335246,27.598673456837002,5.207292467615204,3.4784865920272874,-73.33330634607528,-14.042119129559817,8.349261859661981,10.078067735249897,229.74490439492527,13.556554327277185,16.16902313826024,14.755654486871864
