galaxy,split,formula_family,n_points_x,rmse_matched,rmse_wrong_mean,rmse_newton,rmse_tpg_v6,rmse_mond,matched_minus_wrong,matched_minus_newton,matched_minus_tpg_v6,matched_minus_mond,rmse_K_compact_finite,rmse_K_scale_tail_spiral,rmse_K_exponential_disk,rmse_K_thick_flared,role,manifest_confidence,manifest_caveat,hub_type,type_bin,inc_bin,distance_quality,distance_frac_error,inclination_deg,inclination_error_deg,n_points_y,r_min,r_median,r_max,mean_gas,mean_bulge,max_bulge,mean_log_sbdisk,peak_log_sb,scale_radius_proxy_kpc,tail_inner_radius_proxy_kpc,tail_cutoff_radius_proxy_kpc,compact_support_radius_proxy_kpc,thickness_h_over_rs_proxy,ring_radius_proxy_kpc,ring_width_proxy_kpc,bar_m2_proxy,lopsided_m1_proxy,amplitude_policy,parameter_source,forbidden_inputs,source_disturbance_class,asymmetry_3p6,theta1,foreground_lens_geometry_weight,foreground_angular_weight,stellar_crowding_angular_weight,background_angular_control_weight,stellar_crowding_count,foreground_redshift_count,background_redshift_count,performance_class,z_inclination_deg,z_distance_frac_error,z_r_median,z_r_max,z_mean_gas,z_mean_bulge,z_mean_log_sbdisk,z_peak_log_sb,z_scale_radius_proxy_kpc,z_tail_cutoff_radius_proxy_kpc,z_thickness_h_over_rs_proxy,z_bar_m2_proxy,z_lopsided_m1_proxy
CamB,holdout,K_scale_tail_spiral,9,12.49545889727304,6.160205458569447,3.3556068721726025,13.63779853730796,15.623524086441458,6.335253438703594,9.139852025100438,-1.142339640034919,-3.1280651891684172,4.474772153453993,12.49545889727304,9.086857659918586,4.918986562335761,middle,1.0,none,10.0,irregular_T_ge_9,inc_high_60_80,2.0,0.077380952381,65.0,5.0,9,0.16,0.9,1.79,0.3364692796822091,0.0,0.0,0.8936597629670757,1.481729196960016,0.5363528009535161,0.315,2.091140005315577,0.9,0.2314111758569941,,,,,train_only_family_amplitude_preflight,available_data_proxy:r_median+r_max+type_bin+bulge_frac+gas_fraction+surface_brightness,vobs_endpoint_residual_gain;required_S_tau;posthoc_family_choice,,,,,,,,,,,body_failure,0.32653954099564786,-0.9629027147395972,-0.9359364342568757,-0.929281597669761,0.33008107047669105,-0.4016895434681918,-0.1989923469057981,-0.9742612751636451,-0.9359364342568754,-0.9586310882705384,0.33008107047669144,,
ESO116-G012,holdout,K_exponential_disk,15,16.561090368071085,25.13370846051078,46.78642194708297,11.508201668011028,9.10866648888162,-8.572618092439694,-30.22533157901189,5.052888700060057,7.452423879189464,35.949226664938266,6.92498513183424,16.561090368071085,32.52691358475983,middle,0.85,large_distance_error,7.0,late_T_6_8,inc_high_60_80,1.0,0.3,74.0,3.0,15,0.25,4.13,9.86,0.2211596507706781,0.0,0.0,1.221188713730845,2.442385687867871,2.461263408820024,1.4454999999999998,10.950317078299442,4.13,0.1795218428468051,,,,,train_only_family_amplitude_preflight,available_data_proxy:r_median+r_max+type_bin+bulge_frac+gas_fraction+surface_brightness,vobs_endpoint_residual_gain;required_S_tau;posthoc_family_choice,,,,,,,,,,,partial_success,0.8331054868296858,1.3521830675489424,-0.48990455672037103,-0.5164857850025617,-0.20607610241744206,-0.4016895434681918,0.29194889508698557,0.31659901003923935,-0.4899045567203708,-0.5269761028831234,-0.20607610241744212,,
F561-1,holdout,K_scale_tail_spiral,6,29.463668971068547,9.860638081430883,9.5934167231904,28.55685188052471,32.526019723976546,19.603030889637665,19.870252247878145,0.9068170905438356,-3.0623507529079994,4.758010102458486,29.463668971068547,18.771475059087443,6.052429082746724,candidate,0.6000000000000001,few_rotation_points;low_inclination,9.0,irregular_T_ge_9,inc_low_lt_40,1.0,0.150602409639,24.0,10.0,6,1.61,5.645,9.66,0.2551235244938438,0.0,0.0,1.092640501154487,1.6422666189026736,3.364123957091776,1.9757499999999997,10.892246623305263,5.645,0.1948055860222297,,,,,train_only_family_amplitude_preflight,available_data_proxy:r_median+r_max+type_bin+bulge_frac+gas_fraction+surface_brightness,vobs_endpoint_residual_gain;required_S_tau;posthoc_family_choice,,,,,,,,,,,body_failure,-1.9811497678038583,-0.20144965638963314,-0.2806976544083573,-0.5267161644986508,-0.04815369222638077,-0.4016895434681918,0.09926480108239959,-0.7585427699164743,-0.2806976544083571,-0.5298055306274216,-0.04815369222638071,,
F563-1,holdout,K_scale_tail_spiral,17,32.70115415824858,49.97353543816382,62.47755725522295,24.695833689633552,18.44568739642176,-17.272381279915244,-29.77640309697437,8.005320468615025,14.255466761826815,55.58586286100717,32.70115415824858,41.49463825372893,52.84010519975536,candidate,0.65,low_inclination;large_distance_error,9.0,irregular_T_ge_9,inc_low_lt_40,1.0,0.200408997955,25.0,5.0,17,1.07,9.26,20.1,0.4762978477885164,0.0,0.0,0.3289916760152911,1.5240064455573723,5.5184743742550655,3.2409999999999997,24.886793370274592,9.26,0.2943340315048324,,,,,train_only_family_amplitude_preflight,available_data_proxy:r_median+r_max+type_bin+bulge_frac+gas_fraction+surface_brightness,vobs_endpoint_residual_gain;required_S_tau;posthoc_family_choice,,,,,,,,,,,partial_success,-1.9248646627111874,0.31650478510097424,0.21849901348466574,0.007309645197205689,0.9802443783755639,-0.4016895434681918,-1.0453873030626442,-0.9174521850273757,0.21849901348466585,0.15206546278437758,0.980244378375564,,
F568-1,holdout,K_thick_flared,12,57.68198634775362,45.06244328871463,69.86283183130358,33.500610533676024,29.974188853658532,12.619543059038987,-12.18084548354996,24.181375814077597,27.70779749409509,60.46372103518709,31.40585314193465,43.31775568902216,57.68198634775362,candidate,0.7000000000000001,low_inclination;vertical_geometry_proxy_only,5.0,mid_T_3_5,inc_low_lt_40,1.0,0.106945975744,26.0,5.0,12,0.44,5.1850000000000005,13.23,0.2188489548893078,0.0,0.0,1.2025295066464603,1.9917132757130895,3.089988081048868,1.81475,14.677685836592772,5.1850000000000005,0.1784820297001885,,,,,train_only_family_amplitude_preflight,available_data_proxy:r_median+r_max+type_bin+bulge_frac+gas_fraction+surface_brightness,vobs_endpoint_residual_gain;required_S_tau;posthoc_family_choice,,,,,,,,,,,partial_success,-1.8685795576185167,-0.6554466997545249,-0.3442192221070544,-0.3441038904934585,-0.2168201849617032,-0.4016895434681918,0.26398014826553146,-0.2889817818392535,-0.3442192221070542,-0.3453636016722509,-0.21682018496170305,,
IC2574,holdout,K_scale_tail_spiral,34,3.008640169380052,13.628706701453044,23.78354699928544,7.5138151552258,13.51316984455882,-10.62006653207299,-20.77490682990539,-4.505174985845748,-10.50452967517877,17.739361050264936,3.008640169380052,7.086907440529077,16.059851613565115,control,1.0,none,9.0,irregular_T_ge_9,inc_high_60_80,2.0,0.051150895141,75.0,7.0,34,0.85,5.545,10.23,0.3765714028427711,0.0,0.0,0.5485328390367614,1.224014811372864,3.3045292014302743,1.94075,12.156162725540774,5.545,0.249457131279247,,,,,train_only_family_amplitude_preflight,available_data_proxy:r_median+r_max+type_bin+bulge_frac+gas_fraction+surface_brightness,vobs_endpoint_residual_gain;required_S_tau;posthoc_family_choice,S1,0.4900000095367431,1.0,0.0,0.0,1.5840405679354326,0.0,23.0,0.0,0.0,strong_success,0.8893905919223567,-1.2356773637842995,-0.2945066908645958,-0.4975595829347966,0.5165446050815549,-0.4016895434681918,-0.7163116259630689,-1.3205591125576641,-0.2945066908645955,-0.4682224194482665,0.5165446050815552,,
IC4202,holdout,K_compact_finite,32,29.64934598569153,62.2706809906785,69.1215936942972,26.10151495917691,26.12803028857914,-32.621335004986975,-39.47224770860568,3.547831026514615,3.5213156971123887,29.64934598569153,99.40023465637012,57.848398827642946,29.563409488022423,candidate,1.0,none,4.0,mid_T_3_5,inc_edge_ge_80,1.0,0.099601593625,90.0,1.0,32,0.77,12.905,25.9,0.0480021177055607,0.4202354154490455,0.9823511937853552,1.8322708789160744,2.5252651393808985,7.6907032181168065,4.51675,26.52162742428701,18.328138036369936,0.1016009529675023,,,,,train_only_family_amplitude_preflight,available_data_proxy:r_median+r_max+type_bin+bulge_frac+gas_fraction+surface_brightness,vobs_endpoint_residual_gain;required_S_tau;posthoc_family_choice,,,,,,,,,,,partial_success,1.73366716831242,-0.731823248864961,0.7218383923145603,0.3039906505837925,-1.0112096742611698,1.809843345752456,1.207915060630792,0.42796638581833807,0.7218383923145605,0.23172119873840535,-1.0112096742611696,,
NGC0024,holdout,K_thick_flared,29,35.41961884621026,24.205028789567773,47.18129248016706,22.157814084096987,20.65262257294937,11.21459005664249,-11.761673633956796,13.261804762113275,14.766996273260894,37.64853770135638,11.491359671073443,23.475188996273495,35.41961884621026,middle,0.9,vertical_geometry_proxy_only,5.0,mid_T_3_5,inc_high_60_80,2.0,0.049315068493,64.0,3.0,29,0.21,1.7,11.27,0.1003561854937087,0.0,0.0,1.835415645988656,2.6135775721070993,1.0131108462455305,0.595,11.835507105257047,1.7,0.1251602834721689,,,,,train_only_family_amplitude_preflight,available_data_proxy:r_median+r_max+type_bin+bulge_frac+gas_fraction+surface_brightness,vobs_endpoint_residual_gain;required_S_tau;posthoc_family_choice,S0,0.2199999988079071,-1.0,0.0,0.0,0.1210357869986905,0.0,6.0,0.0,0.0,partial_success,0.270254435902977,-1.2547687048756737,-0.8254641426069674,-0.44436160955513276,-0.7677780611359781,-0.4016895434681918,1.2126288297458303,0.5466342063919241,-0.825464142606967,-0.4838460598775853,-0.7677780611359779,,
NGC2683,holdout,K_thick_flared,11,34.31463298946919,35.525748614254226,63.99459888504826,10.314830339812676,14.151015414510422,-1.2111156247850374,-29.679965895579073,23.999802649656516,20.163617574958767,39.439379089256775,43.53932622427122,23.59854052923468,34.31463298946919,middle,0.9,vertical_geometry_proxy_only,3.0,mid_T_3_5,inc_edge_ge_80,2.0,0.0499490316,80.0,5.0,11,2.89,17.31,34.62,0.0371166982515088,0.0949683871011883,0.2121899390471468,0.831441692373184,2.8781712312545915,10.315852205005958,6.0585,35.26249004673362,18.95390278072157,0.0967025142131789,,,,,train_only_family_amplitude_preflight,available_data_proxy:r_median+r_max+type_bin+bulge_frac+gas_fraction+surface_brightness,vobs_endpoint_residual_gain;required_S_tau;posthoc_family_choice,S0,0.4600000083446502,0.0,0.0,0.0,1.1064880664396937,0.5672652734818724,8.0,0.0,25.0,partial_success,1.1708161173857112,-1.248175922311879,1.3301264482118675,0.7500351966132817,-1.0618237970828557,0.09809154063223173,-0.2922525511733311,0.9021759109893982,1.3301264482118673,0.6576114249391549,-1.0618237970828561,,
NGC3726,holdout,K_thick_flared,12,30.500307403198484,51.28155940473295,50.40406506912891,23.631876746434497,26.325344741169783,-20.78125200153447,-19.903757665930428,6.868430656763987,4.174962662028701,33.71078148849193,72.54368238270291,47.590214343004014,30.500307403198484,candidate,0.9,vertical_geometry_proxy_only,5.0,mid_T_3_5,inc_mid_40_60,4.0,0.138888888889,53.0,2.0,12,3.5,13.065,32.52,0.1226403651218742,0.0,0.0,1.1557074911807586,2.565788807262067,7.786054827175208,4.572749999999999,34.51413233688168,13.065,0.1351881643048434,,,,,train_only_family_amplitude_preflight,available_data_proxy:r_median+r_max+type_bin+bulge_frac+gas_fraction+surface_brightness,vobs_endpoint_residual_gain;required_S_tau;posthoc_family_choice,S3,0.9900000095367432,,0.0830066820540097,0.6636040825370075,2.242359733074621,0.7982364709835583,8.0,1.0,21.0,partial_success,-0.3488817201164027,-0.3232622579567615,0.743932850644542,0.6426162119043454,-0.6641629262813773,-0.4016895434681918,0.19379747167546643,0.48241914179682194,0.743932850644542,0.6211484065741888,-0.664162926281377,,
NGC3949,holdout,K_thick_flared,7,21.578815505213228,63.940165024871,28.51727644416544,8.950158230683527,11.297904622428334,-42.36134951965777,-6.938460938952211,12.6286572745297,10.280910882784896,17.487190384846073,103.76360346342818,70.56970122633875,21.578815505213228,middle,0.7000000000000001,few_rotation_points;vertical_geometry_proxy_only,4.0,mid_T_3_5,inc_mid_40_60,4.0,0.138888888889,55.0,2.0,7,1.74,4.37,7.07,0.0631191470985132,0.0,0.0,2.0782692709916564,2.8761196512188567,2.6042908224076284,1.5295,7.293126184993245,4.37,0.1084036161943309,,,,,train_only_family_amplitude_preflight,available_data_proxy:r_median+r_max+type_bin+bulge_frac+gas_fraction+surface_brightness,vobs_endpoint_residual_gain;required_S_tau;posthoc_family_choice,S1,0.209999993443489,,0.0,0.0,4.629751282143616,0.7533028453187046,10.0,0.0,17.0,partial_success,-0.23631150993106098,-0.3232622579567615,-0.45676286922539855,-0.659199578973006,-0.9409197616286229,-0.4016895434681918,1.5766481324773782,0.8994191470315109,-0.45676286922539827,-0.7051692543015733,-0.9409197616286228,,
NGC3972,holdout,K_thick_flared,10,23.750532234093132,20.7677865976719,44.45959494291804,7.806428086864266,6.774747860896815,2.9827456364212317,-20.709062708824906,15.944104147228868,16.97578437319632,28.114915989883887,24.996493383473144,9.191950419658664,23.750532234093132,middle,0.9,vertical_geometry_proxy_only,4.0,mid_T_3_5,inc_high_60_80,4.0,0.138888888889,77.0,1.0,10,0.87,4.805,8.72,0.0805146224534249,0.0,0.0,1.7273889153799096,2.4062164678532603,2.8635280095351607,1.68175,9.071043753896932,4.805,0.1162315801040412,,,,,train_only_family_amplitude_preflight,available_data_proxy:r_median+r_max+type_bin+bulge_frac+gas_fraction+surface_brightness,vobs_endpoint_residual_gain;required_S_tau;posthoc_family_choice,S2,0.4399999976158142,,0.0,0.0,248.75674086391675,1.0620178357457637,116.0,0.0,22.0,partial_success,1.0019608021076984,-0.3232622579567615,-0.39669356064076094,-0.5747989481302701,-0.8600357194590418,-0.4016895434681918,1.0507048924272964,0.2679974442292764,-0.3966935606407607,-0.6185419100344082,-0.8600357194590414,,
NGC4013,holdout,K_compact_finite,36,38.18856833872124,42.87911863902254,65.6912991112144,12.273912532057183,14.334222058319126,-4.690550300301304,-27.50273077249317,25.914655806664054,23.854346280402112,38.18856833872124,56.315128911691346,35.4974892364847,36.82473776889158,middle,1.0,none,3.0,mid_T_3_5,inc_edge_ge_80,4.0,0.138888888889,89.0,1.0,36,5.49,18.229999999999997,31.01,0.0690537022061544,0.2209200424475875,0.319161575792811,1.018111304261489,2.412830002562326,10.864123957091774,6.380499999999999,32.08067765270643,22.25737237381952,0.1110741659927694,,,,,train_only_family_amplitude_preflight,available_data_proxy:r_median+r_max+type_bin+bulge_frac+gas_fraction+surface_brightness,vobs_endpoint_residual_gain;required_S_tau;posthoc_family_choice,S3,0.800000011920929,,0.0,0.0,24.687382135441695,0.7524691001244185,12.0,0.0,27.0,partial_success,1.6773820632197491,-0.3232622579567615,1.457169583609262,0.5653768467088718,-0.9133257582575899,0.7609253190578386,-0.012448854770158418,0.27688423090228975,1.4571695836092617,0.5025806392200575,-0.9133257582575904,,
NGC4088,holdout,K_thick_flared,12,37.167495520085225,84.58767726819461,25.396289301523897,38.98773649865968,42.18384581680386,-47.420181748109385,11.771206218561328,-1.8202409785744535,-5.016350296718635,30.069978068577075,131.34621148745646,92.34684224855026,37.167495520085225,candidate,0.9,vertical_geometry_proxy_only,4.0,mid_T_3_5,inc_high_60_80,4.0,0.138888888889,69.0,2.0,12,1.74,11.33,21.48,0.0897143210371243,0.0,0.0,1.5593413672138234,2.897649080327782,6.752085816448153,3.9655,22.443531807938715,11.33,0.1203714444667059,,,,,train_only_family_amplitude_preflight,available_data_proxy:r_median+r_max+type_bin+bulge_frac+gas_fraction+surface_brightness,vobs_endpoint_residual_gain;required_S_tau;posthoc_family_choice,S1,0.3000000119209289,,0.0,0.0,2.302253268521288,0.4151508083433335,10.0,0.0,16.0,body_failure,0.5516799613663315,-0.3232622579567615,0.5043460681288034,0.07789926372022114,-0.8172597220798569,-0.4016895434681918,0.79881426774171,0.9283488271646653,0.5043460681288034,0.033019864609815944,-0.8172597220798568,,
NGC4183,holdout,K_exponential_disk,23,14.397066732861228,27.46856455935689,48.41085618248364,6.489693491114096,10.354993594406714,-13.07149782649566,-34.013789449622415,7.907373241747132,4.042073138454514,35.38239050924084,15.48482034436486,14.397066732861228,31.538482824464964,control,1.0,none,6.0,late_T_6_8,inc_edge_ge_80,4.0,0.138888888889,82.0,2.0,23,0.87,10.47,21.02,0.3105049950741936,0.0,0.0,0.7379536594352742,2.2046896204203605,6.239570917759238,3.6645,24.283407498229774,10.47,0.2197272477833871,,,,,train_only_family_amplitude_preflight,available_data_proxy:r_median+r_max+type_bin+bulge_frac+gas_fraction+surface_brightness,vobs_endpoint_residual_gain;required_S_tau;posthoc_family_choice,S3,0.8299999833106995,,0.0,0.0,0.4984578659498195,0.8999503476544564,8.0,0.0,22.0,partial_success,1.2833863275710529,-0.3232622579567615,0.3855883546051521,0.05436939087921593,0.2093544879435637,-0.4016895434681918,-0.4323840751041822,-0.002799668178121806,0.3855883546051523,0.12266605947244504,0.20935448794356357,,
NGC4214,holdout,K_scale_tail_spiral,14,17.40801895657843,31.65909768401657,43.61623680279536,17.991047303306434,15.27888150484993,-14.251078727438138,-26.208217846216925,-0.5830283467280033,2.1291374517285018,36.4881645390085,17.40801895657843,24.000547129311357,34.48858138372984,middle,0.8,low_inclination,10.0,irregular_T_ge_9,inc_low_lt_40,2.0,0.048780487805,15.0,10.0,14,0.21,2.925,5.63,0.1817104739123197,0.0,0.0,0.5123592877122507,2.7334380270910614,1.743146603098927,1.02375,6.14151498406318,2.925,0.1617697132605438,,,,,train_only_family_amplitude_preflight,available_data_proxy:r_median+r_max+type_bin+bulge_frac+gas_fraction+surface_brightness,vobs_endpoint_residual_gain;required_S_tau;posthoc_family_choice,S2,0.9900000095367432,1.2000000476837158,0.1925513199342335,1.1178239690864165,169.17439508675986,0.8536648443533152,50.0,1.0,18.0,strong_success,-2.4877157136378965,-1.260327978277979,-0.6563034460180454,-0.7328583113448484,-0.38950362132486777,-0.4016895434681918,-0.770533056383593,0.7076939635158529,-0.6563034460180451,-0.761280415870446,-0.3895036213248683,,
NGC4389,holdout,K_thick_flared,6,48.825045809729986,80.08922023169588,23.5662941993844,46.55692853885728,48.50110279830857,-31.26417442196589,25.258751610345584,2.2681172708727075,0.323943011421413,42.95794566725149,111.2475796366614,86.06213539117473,48.825045809729986,candidate,0.7000000000000001,few_rotation_points;vertical_geometry_proxy_only,4.0,mid_T_3_5,inc_mid_40_60,4.0,0.138888888889,50.0,4.0,6,0.87,3.145,5.32,0.0231227672033833,0.0,0.0,2.2501261736983182,2.89999549768761,1.8742550655542312,1.10075,5.381506560761,3.145,0.0904052452415224,,,,,train_only_family_amplitude_preflight,available_data_proxy:r_median+r_max+type_bin+bulge_frac+gas_fraction+surface_brightness,vobs_endpoint_residual_gain;required_S_tau;posthoc_family_choice,S0,0.1899999976158142,,0.0,0.0,0.2737757434344757,1.405795627372027,12.0,0.0,21.0,body_failure,-0.5177370353944154,-0.3232622579567615,-0.6259235658143206,-0.7487153995637865,-1.1268916199460695,-0.4016895434681918,1.8342486928647703,0.9315017720632626,-0.6259235658143203,-0.79831110417842,-1.1268916199460701,,
NGC5907,holdout,K_thick_flared,19,47.89710038327308,44.12559378789596,86.48374825501512,16.785509985459306,18.59536481497724,3.7715065953771183,-38.58664787174204,31.11159039781377,29.301735568295836,56.631878949791435,50.62194495289041,25.12295746100603,47.89710038327308,middle,0.9,vertical_geometry_proxy_only,5.0,mid_T_3_5,inc_edge_ge_80,2.0,0.052023121387,88.0,2.0,19,5.03,27.68,50.33,0.1572305088081207,0.0,0.0,0.8223570578314573,2.57362573693412,16.495828367103694,9.688,54.28670575415636,27.68,0.1507537289636543,,,,,train_only_family_amplitude_preflight,available_data_proxy:r_median+r_max+type_bin+bulge_frac+gas_fraction+surface_brightness,vobs_endpoint_residual_gain;required_S_tau;posthoc_family_choice,S3,1.0,,0.0,0.0,5.496345576079324,0.4091637564080515,87.0,0.0,14.0,partial_success,1.6210969581270782,-1.22660680759133,2.7621235287238033,1.5536315060310888,-0.5033285378275855,-0.4016895434681918,-0.30586973449274596,0.49294983759425604,2.7621235287238033,1.5845482595393852,-0.5033285378275854,,
NGC5985,holdout,K_compact_finite,33,98.00531823604152,57.32480566416151,136.4962034128173,72.28739039126062,69.40357999391347,40.68051257188002,-38.49088517677576,25.717927844780917,28.601738242128064,98.00531823604152,40.45024200243208,40.52777150115119,90.99640348890124,candidate,0.85,large_distance_error,3.0,mid_T_3_5,inc_high_60_80,1.0,0.249370277078,60.0,2.0,33,3.54,15.64,34.72,0.0295422230951346,0.1382475192384129,0.5574581155350338,1.8191020419726531,2.530289366272282,9.32061978545888,5.474,35.232852992931534,17.802191200888778,0.0932940003928105,,,,,train_only_family_amplitude_preflight,available_data_proxy:r_median+r_max+type_bin+bulge_frac+gas_fraction+surface_brightness,vobs_endpoint_residual_gain;required_S_tau;posthoc_family_choice,S3,0.9800000190734864,,0.0,0.0,1.350659947491188,0.886728061225545,40.0,0.0,20.0,partial_success,0.04511401553229345,0.8256685893335276,1.0995155393926843,0.7551503863613264,-1.0970429650251465,0.32585250655682785,1.188175965355313,0.43471757630038677,1.0995155393926845,0.6561673876521166,-1.097042965025147,,
NGC6789,holdout,K_scale_tail_spiral,4,10.436451225515672,19.75345768139025,26.49840257662861,15.897752239176857,15.396246199577478,-9.317006455874576,-16.06195135111294,-5.461301013661185,-4.959794974061806,22.78726425163528,10.436451225515672,15.15983775281498,21.31327103972049,middle,0.8,few_rotation_points,11.0,irregular_T_ge_9,inc_mid_40_60,2.0,0.051136363636,43.0,7.0,4,0.1,0.405,0.71,0.3124876117263441,0.0,0.0,1.6495337685489222,2.1013689632492514,0.2413587604290822,0.14175,0.8209331021628522,0.405,0.2206194252768548,,,,,train_only_family_amplitude_preflight,available_data_proxy:r_median+r_max+type_bin+bulge_frac+gas_fraction+surface_brightness,vobs_endpoint_residual_gain;required_S_tau;posthoc_family_choice,,,,,,,,,,,strong_success,-0.9117327710431116,-1.2358284814940397,-1.0042911647152564,-0.9845256469486426,0.2185730948299444,-0.4016895434681918,0.9340058879832484,-0.14163444860749838,-1.0042911647152561,-1.0205207127472185,0.21857309482994405,,
NGC6946,holdout,K_compact_finite,58,15.891419559407357,47.75276587498502,42.149896326484296,15.02544742520658,17.728143095419597,-31.86134631557767,-26.258476767076942,0.865972134200776,-1.8367235360122416,15.891419559407357,78.66190439711501,48.217679562182695,16.378713665657372,middle,0.65,low_inclination;large_distance_error,6.0,late_T_6_8,inc_low_lt_40,2.0,0.300724637681,38.0,2.0,58,0.19,10.29,20.4,0.0727529263390916,0.1522384939532083,0.992215072630338,1.4486733791800546,3.206809690842736,6.132300357568534,3.6014999999999993,21.14207984865873,11.856534102778513,0.1127388168525912,,,,,train_only_family_amplitude_preflight,available_data_proxy:r_median+r_max+type_bin+bulge_frac+gas_fraction+surface_brightness,vobs_endpoint_residual_gain;required_S_tau;posthoc_family_choice,,,,,,,,,,,partial_success,-1.193158296506466,1.359718803644017,0.36073208898392256,0.02265521444133935,-0.8961254119227747,0.399481476406886,0.6329312843674322,1.343776357858476,0.36073208898392267,-0.030392145539362758,-0.8961254119227745,,
NGC7331,holdout,K_thick_flared,36,40.83870946962385,85.2088730173941,59.354351789327744,25.485065060071012,29.311675230419706,-44.37016354777025,-18.515642319703893,15.35364440955284,11.527034239204148,34.53280674070732,131.0198096673286,90.0740026441464,40.83870946962385,candidate,0.9,vertical_geometry_proxy_only,3.0,mid_T_3_5,inc_high_60_80,3.0,0.102040816327,75.0,2.0,36,2.67,17.61,36.31,0.0717586900579991,0.0696028829307637,0.2064409735332409,1.4992933896487588,3.3073697960474604,10.494636471990464,6.163499999999999,37.612779018002975,18.83570676841075,0.1122914105260996,,,,,train_only_family_amplitude_preflight,available_data_proxy:r_median+r_max+type_bin+bulge_frac+gas_fraction+surface_brightness,vobs_endpoint_residual_gain;required_S_tau;posthoc_family_choice,,,,,,,,,,,partial_success,0.8893905919223567,-0.7064570016474264,1.3715535575805833,0.8364819033552358,-0.900748329528973,-0.035397081845278976,0.708806869567586,1.4789017094416712,1.371553557580583,0.7721270219513477,-0.9007483295289727,,
UGC00731,holdout,K_scale_tail_spiral,12,18.82780209341972,28.157434860408245,38.17360738121145,12.8454530669031,11.466827035781066,-9.329632766988524,-19.345805287791727,5.982349026516621,7.360975057638655,32.01032510969703,18.82780209341972,22.23038186939142,30.23159760213629,middle,0.85,large_distance_error,10.0,irregular_T_ge_9,inc_mid_40_60,1.0,0.3,57.0,3.0,12,0.91,5.905,10.91,0.6981765286092368,0.0,0.0,-0.0258151246394091,0.9370161074648142,3.519070321811681,2.06675,14.718552963563388,5.905,0.3941794378741566,,,,,train_only_family_amplitude_preflight,available_data_proxy:r_median+r_max+type_bin+bulge_frac+gas_fraction+surface_brightness,vobs_endpoint_residual_gain;required_S_tau;posthoc_family_choice,,,,,,,,,,,partial_success,-0.12374129974571921,1.3521830675489424,-0.24479415962213702,-0.4627762926480933,2.011917512330303,-0.4016895434681918,-1.577215988663444,-1.7062070858821254,-0.24479415962213677,-0.34337238974026213,2.011917512330303,,
UGC00891,holdout,K_scale_tail_spiral,5,5.991317747220241,18.37473393995531,28.400063073702132,5.958365558298525,7.682081654505746,-12.38341619273507,-22.408745326481892,0.0329521889217154,-1.690763907285505,22.4825040268543,5.991317747220241,11.967893831942218,20.673803961069417,control,0.65,few_rotation_points;large_distance_error,9.0,irregular_T_ge_9,inc_high_60_80,1.0,0.303921568627,60.0,5.0,5,1.48,4.45,7.39,0.6490832991042254,0.0,0.0,0.3435687262417046,1.0681858617461617,2.65196662693683,1.5575,9.788362790190112,4.45,0.3720874845969014,,,,,train_only_family_amplitude_preflight,available_data_proxy:r_median+r_max+type_bin+bulge_frac+gas_fraction+surface_brightness,vobs_endpoint_residual_gain;required_S_tau;posthoc_family_choice,S2,0.4099999964237213,,0.0,0.0,0.0552595246203164,0.5864830810900372,3.0,0.0,13.0,partial_success,0.04511401553229345,1.3929646981853931,-0.4457156400604077,-0.6428309717792633,1.7836478752833866,-0.4016895434681918,-1.0235374020811938,-1.5299507153436855,-0.4457156400604074,-0.5835912215473837,1.7836478752833864,,
UGC02023,holdout,K_scale_tail_spiral,5,15.05782046759288,8.406536391076214,15.027147630460606,12.19804888404624,13.979836766957424,6.651284076516667,0.0306728371322755,2.8597715835466424,1.077983700635459,9.12122537838346,15.05782046759288,8.54433705368652,7.554046741158659,middle,0.45,few_rotation_points;low_inclination;large_distance_error,10.0,irregular_T_ge_9,inc_low_lt_40,1.0,0.298076923077,19.0,10.0,5,0.76,2.27,3.78,0.2065996906946769,0.0,0.0,1.3052473883073463,1.750970984437319,1.3528009535160908,0.7945,4.170473415412939,2.27,0.1729698608126046,,,,,train_only_family_amplitude_preflight,available_data_proxy:r_median+r_max+type_bin+bulge_frac+gas_fraction+surface_brightness,vobs_endpoint_residual_gain;required_S_tau;posthoc_family_choice,,,,,,,,,,,body_failure,-2.2625752932672127,1.3321843832930294,-0.7467526348064079,-0.8274893216836734,-0.27377580022662995,-0.4016895434681918,0.4179465206422889,-0.6124737539623517,-0.7467526348064074,-0.8573175435296572,-0.27377580022662984,,
UGC02259,holdout,K_exponential_disk,8,25.60688547376841,32.041904354180694,48.104127634342866,16.43514083306515,13.66144175213647,-6.435018880412283,-22.497242160574455,9.17174464070326,11.94544372163194,40.18284176364018,18.155916008377496,25.60688547376841,37.7869552905244,middle,0.85,large_distance_error,8.0,late_T_6_8,inc_mid_40_60,1.0,0.295238095238,41.0,3.0,8,1.02,4.58,8.14,0.3172235144329202,0.0,0.0,0.93637921076369,1.73559889969818,2.729439809296782,1.603,9.431099703741983,4.58,0.222750581494814,,,,,train_only_family_amplitude_preflight,available_data_proxy:r_median+r_max+type_bin+bulge_frac+gas_fraction+surface_brightness,vobs_endpoint_residual_gain;required_S_tau;posthoc_family_choice,,,,,,,,,,,partial_success,-1.0243029812284534,1.3026625160551384,-0.42776389266729764,-0.6044670486689288,0.24059370343156994,-0.4016895434681918,-0.13495911042514777,-0.6331296428032998,-0.4277638926672973,-0.6009985259831996,0.24059370343156922,,
UGC03580,holdout,K_compact_finite,47,34.834374494983436,56.851887407148546,36.01201131349121,25.49452615076704,27.172706555031343,-22.01751291216511,-1.1776368185077717,9.339848344216396,7.661667939952093,34.834374494983436,73.38608257354834,57.6395304527569,39.53004919514039,candidate,0.85,large_distance_error,1.0,early_T_le_2,inc_high_60_80,1.0,0.251207729469,63.0,4.0,47,0.11,2.75,27.06,0.1211569446494558,0.4791248393342344,0.9635093511456176,1.4587470405365592,2.8163871454023504,1.6388557806912991,0.9625,28.699253461107133,4.067593308169145,0.1345206250922551,,,,,train_only_family_amplitude_preflight,available_data_proxy:r_median+r_max+type_bin+bulge_frac+gas_fraction+surface_brightness,vobs_endpoint_residual_gain;required_S_tau;posthoc_family_choice,,,,,,,,,,,partial_success,0.2139693308103061,0.8447768370397905,-0.6804692598164628,0.36332685166110984,-0.6710604120699696,2.1197551070212834,0.6480309444318156,0.8191549524687801,-0.6804692598164626,0.33782395832420603,-0.6710604120699695,,
UGC04305,holdout,K_scale_tail_spiral,22,26.773116655281804,11.16013789319982,6.361564686999685,23.999621706482884,26.588364190715332,15.612978762081983,20.41155196828212,2.77349494879892,0.1847524645664719,7.088616356566488,26.773116655281804,18.06976538932444,8.322031933708532,candidate,1.0,none,10.0,irregular_T_ge_9,inc_mid_40_60,2.0,0.049275362319,40.0,10.0,22,0.25,2.885,5.52,0.3264755733989134,0.0,0.0,0.9717774827553184,1.8678797834583796,1.7193087008343264,1.00975,6.421072582581001,2.885,0.226914008029511,,,,,train_only_family_amplitude_preflight,available_data_proxy:r_median+r_max+type_bin+bulge_frac+gas_fraction+surface_brightness,vobs_endpoint_residual_gain;required_S_tau;posthoc_family_choice,S2,0.4900000095367431,,0.0,0.0,12.82142217266122,0.1279823485048277,26.0,0.0,6.0,body_failure,-1.0805880863211241,-1.255181621918845,-0.6618270606005409,-0.7384850200676973,0.28361316178454615,-0.4016895434681918,-0.08189976536437285,-0.4553802173284245,-0.6618270606005405,-0.7476592375026332,0.28361316178454593,,
UGC04499,holdout,K_scale_tail_spiral,9,7.493103071197475,13.907996204378058,28.740791843283866,6.040634191372928,8.985021588452573,-6.414893133180583,-21.247688772086388,1.452468879824547,-1.4919185172550984,19.8836356045153,7.493103071197475,4.380055827288748,17.460297181330127,control,0.85,large_distance_error,8.0,late_T_6_8,inc_mid_40_60,1.0,0.3,50.0,3.0,9,0.91,4.55,8.18,0.4014144819607657,0.0,0.0,0.8990085544282319,1.783117137490467,2.7115613825983313,1.5924999999999998,9.82178523121953,4.55,0.2606365168823445,,,,,train_only_family_amplitude_preflight,available_data_proxy:r_median+r_max+type_bin+bulge_frac+gas_fraction+surface_brightness,vobs_endpoint_residual_gain;required_S_tau;posthoc_family_choice,S1,0.2300000041723251,,0.0,0.0,1.226082118551738,0.5589676916173236,14.0,0.0,16.0,partial_success,-0.5177370353944154,1.3521830675489424,-0.4319066036041692,-0.602420972769711,0.6320578990850297,-0.4016895434681918,-0.19097491114331985,-0.5692780927753367,-0.43190660360416894,-0.5819627448643563,0.6320578990850293,,
UGC05414,holdout,K_scale_tail_spiral,6,10.26258963247892,8.405264669568432,19.4770280367091,6.4008126343112375,8.261884143933315,1.8573249629104875,-9.21443840423018,3.8617769981676817,2.000705488545604,12.179414469928735,10.26258963247892,2.8979181052182645,10.138461433558296,control,0.65,few_rotation_points;large_distance_error,10.0,irregular_T_ge_9,inc_mid_40_60,1.0,0.3,55.0,3.0,6,0.68,2.395,4.11,0.324183597346988,0.0,0.0,1.2388119296351854,1.8004421213362567,1.427294398092968,0.8382499999999999,4.77619729254806,2.395,0.2258826188061445,,,,,train_only_family_amplitude_preflight,available_data_proxy:r_median+r_max+type_bin+bulge_frac+gas_fraction+surface_brightness,vobs_endpoint_residual_gain;required_S_tau;posthoc_family_choice,,,,,,,,,,,partial_success,-0.23631150993106098,1.3521830675489424,-0.7294913392361096,-0.8106091955151262,0.27295612115453755,-0.4016895434681918,0.31836476911524536,-0.5459980402279622,-0.7294913392361092,-0.8278042231411411,0.27295612115453666,,
UGC05716,holdout,K_scale_tail_spiral,12,13.15098250908076,27.22445230049019,38.595717422736016,5.844868825954693,5.605647282808069,-14.07346979140943,-25.444734913655257,7.306113683126066,7.54533522627269,31.922116570012896,13.15098250908076,19.84355741110352,29.90768292035415,control,0.85,large_distance_error,9.0,irregular_T_ge_9,inc_mid_40_60,1.0,0.24882629108,54.0,10.0,12,1.03,6.715,12.37,0.5919140777136948,0.0,0.0,-0.3065499209028079,1.4868553552769432,4.001787842669845,2.35025,16.0309885706592,6.715,0.3463613349711626,,,,,train_only_family_amplitude_preflight,available_data_proxy:r_median+r_max+type_bin+bulge_frac+gas_fraction+surface_brightness,vobs_endpoint_residual_gain;required_S_tau;posthoc_family_choice,,,,,,,,,,,partial_success,-0.29259661502373185,0.8200115071422087,-0.13294096432660493,-0.38809452232664216,1.5178271592977115,-0.4016895434681918,-1.998016315555921,-0.9673731166495331,-0.1329409643266047,-0.27942521178730395,1.517827159297711,,
UGC05829,holdout,K_scale_tail_spiral,11,10.32818343296438,15.057836134761038,24.75432036929144,6.222677845510406,8.606905396927852,-4.729652701796658,-14.426136936327062,4.105505587453974,1.7212780360365283,18.644317994544764,10.32818343296438,9.605804127073386,16.923386282664968,control,0.65,low_inclination;large_distance_error,10.0,irregular_T_ge_9,inc_low_lt_40,1.0,0.299768518519,34.0,10.0,11,0.63,3.77,6.91,0.4095202439337575,0.0,0.0,0.564761179691312,1.2187979981117376,2.2467222884386175,1.3195,8.324892442791132,3.77,0.2642841097701909,,,,,train_only_family_amplitude_preflight,available_data_proxy:r_median+r_max+type_bin+bulge_frac+gas_fraction+surface_brightness,vobs_endpoint_residual_gain;required_S_tau;posthoc_family_choice,S3,0.6800000071525574,,0.0,0.0,0.7176268991393161,0.563029293491483,11.0,0.0,25.0,partial_success,-1.4182987168771495,1.3497758185230488,-0.5396170879628297,-0.6673838825698774,0.6697474005136261,-0.4016895434681918,-0.691986564933049,-1.3275690865888015,-0.5396170879628295,-0.6548974237168652,0.6697474005136264,,
UGC05986,holdout,K_scale_tail_spiral,15,8.920450864778129,34.116806179962374,54.03667362248708,17.532159853325275,15.059299363743824,-25.196355315184245,-45.116222757708954,-8.611708988547147,-6.138848498965695,42.13764798930892,8.920450864778129,21.058278983399894,39.15449156717831,middle,0.85,large_distance_error,9.0,irregular_T_ge_9,inc_edge_ge_80,1.0,0.300115874855,90.0,3.0,15,0.63,5.02,9.41,0.1622868556235787,0.0,0.0,1.525243100141133,2.2808286776397315,2.9916567342073894,1.7569999999999997,10.173559655708935,5.02,0.1530290850306104,,,,,train_only_family_amplitude_preflight,available_data_proxy:r_median+r_max+type_bin+bulge_frac+gas_fraction+surface_brightness,vobs_endpoint_residual_gain;required_S_tau;posthoc_family_choice,,,,,,,,,,,strong_success,1.73366716831242,1.3533880867609303,-0.3670041322598481,-0.5395041388687624,-0.4798179547189695,-0.4016895434681918,0.7477035321947257,0.09951045624980269,-0.36700413225984796,-0.5648228702674603,-0.4798179547189692,,
UGC06818,holdout,K_scale_tail_spiral,8,11.76675901243891,16.78582548735295,27.07042994637209,12.386120759877572,13.66362183441789,-5.019066474914041,-15.30367093393318,-0.6193617474386617,-1.8968628219789796,20.232562736932728,11.76675901243891,11.533581715067251,18.59133201005887,middle,1.0,none,9.0,irregular_T_ge_9,inc_high_60_80,4.0,0.138888888889,75.0,3.0,8,0.87,3.935,6.98,0.1822137317919296,0.0,0.0,0.8897410130522616,1.8845688149183333,2.3450536352800957,1.37725,7.615925923953835,3.935,0.1619961793063683,,,,,train_only_family_amplitude_preflight,available_data_proxy:r_median+r_max+type_bin+bulge_frac+gas_fraction+surface_brightness,vobs_endpoint_residual_gain;required_S_tau;posthoc_family_choice,S1,0.2599999904632568,,0.0,0.0,0.3780944229096201,0.6400488660449744,5.0,0.0,16.0,strong_success,0.8893905919223567,-0.3232622579567615,-0.5168321778100362,-0.6638032497462462,-0.3871636144710139,-0.4016895434681918,-0.20486625803869685,-0.43295471131867835,-0.5168321778100359,-0.6894411437269458,-0.38716361447101366,,
UGC06917,holdout,K_scale_tail_spiral,11,4.599724144648295,24.950019736548356,46.43992237689648,6.430936477869006,4.61507933369384,-20.35029559190006,-41.840198232248184,-1.8312123332207104,-0.015355189045545,33.67231360360582,4.599724144648295,10.699757969678055,30.477987636361192,control,1.0,none,9.0,irregular_T_ge_9,inc_mid_40_60,4.0,0.138888888889,56.0,2.0,11,1.74,6.11,10.47,0.1850275089777395,0.0,0.0,1.2021139934622245,1.92453771777549,3.6412395709177594,2.1385,11.438619009498469,6.11,0.1632623790399827,,,,,train_only_family_amplitude_preflight,available_data_proxy:r_median+r_max+type_bin+bulge_frac+gas_fraction+surface_brightness,vobs_endpoint_residual_gain;required_S_tau;posthoc_family_choice,S2,0.5199999809265137,,0.0,0.0,5.579599577266654,1.2481239860767257,5.0,0.0,21.0,strong_success,-0.18002640483839008,-0.3232622579567615,-0.21648563488684802,-0.48528312753948954,-0.37408034609751734,-0.4016895434681918,0.2633573252807009,-0.37924740820903363,-0.21648563488684783,-0.5031840552425889,-0.37408034609751795,,
UGC06983,holdout,K_scale_tail_spiral,17,10.79216331568226,34.44784080324058,54.54130717033093,11.036839059186455,9.148970751386091,-23.65567748755832,-43.74914385464867,-0.2446757435041942,1.6431925642961698,42.687601133630295,10.79216331568226,21.24269105304757,39.41323022304388,middle,1.0,none,6.0,late_T_6_8,inc_mid_40_60,4.0,0.138888888889,49.0,1.0,17,1.74,8.72,15.68,0.3526909491487769,0.0,0.0,0.8555732325327188,1.9951962915971797,5.196662693682956,3.052,18.44509704132641,8.72,0.2387109271169496,,,,,train_only_family_amplitude_preflight,available_data_proxy:r_median+r_max+type_bin+bulge_frac+gas_fraction+surface_brightness,vobs_endpoint_residual_gain;required_S_tau;posthoc_family_choice,S1,0.2300000041723251,,0.0,0.0,0.7427914668971063,14.59297770821426,4.0,0.0,27.0,strong_success,-0.5740221404870862,-0.3232622579567615,0.14393021662097777,-0.2187817416663658,0.4055072471361526,-0.4016895434681918,-0.25608118900979054,-0.2843015585543894,0.14393021662097788,-0.16180007030466378,0.40550724713615266,,
UGC07151,holdout,K_exponential_disk,11,3.3602976505293367,15.081065927489703,27.222430951846498,4.3119123214161394,5.615951252005322,-11.720768276960367,-23.86213330131716,-0.9516146708868028,-2.2556536014759856,17.872098055102235,12.09558304461798,3.3602976505293367,15.275516682748894,control,1.0,none,6.0,late_T_6_8,inc_edge_ge_80,2.0,0.049490538574,90.0,3.0,11,0.5,3.0,5.5,0.1977479474520546,0.0,0.0,1.3717665100620258,2.2242221860846487,1.7878426698450538,1.0499999999999998,6.04380685549315,3.0,0.1689865763534245,,,,,train_only_family_amplitude_preflight,available_data_proxy:r_median+r_max+type_bin+bulge_frac+gas_fraction+surface_brightness,vobs_endpoint_residual_gain;required_S_tau;posthoc_family_choice,,,,,,,,,,,strong_success,1.73366716831242,-1.2529439360875358,-0.6459466686758665,-0.7395080580173062,-0.3149339036473802,-0.4016895434681918,0.5176536768321716,0.023446772170518475,-0.6459466686758663,-0.766041151598231,-0.31493390364738055,,
UGC07261,holdout,K_exponential_disk,7,9.826183698399836,18.390690866000977,33.05085052090242,4.296839337715027,4.6168185611277694,-8.56450716760114,-23.224666822502584,5.529344360684809,5.209365137272067,24.588191196681297,8.522642301242527,9.826183698399836,22.061239100079103,control,0.45,few_rotation_points;low_inclination;large_distance_error,8.0,late_T_6_8,inc_low_lt_40,1.0,0.3,30.0,10.0,7,0.95,3.81,6.67,0.2064259010278633,0.0,0.0,1.1989104906357924,1.9871745010875417,2.2705601907032182,1.3335,7.358430379927924,3.81,0.1728916554625384,,,,,train_only_family_amplitude_preflight,available_data_proxy:r_median+r_max+type_bin+bulge_frac+gas_fraction+surface_brightness,vobs_endpoint_residual_gain;required_S_tau;posthoc_family_choice,,,,,,,,,,,partial_success,-1.643439137247833,1.3521830675489424,-0.5340934733803343,-0.6796603379651844,-0.27458387304168075,-0.4016895434681918,0.25855551569205687,-0.2950806568929883,-0.5340934733803341,-0.7019873694517684,-0.2745838730416813,,
UGC07577,holdout,K_scale_tail_spiral,9,8.396349694432287,3.0867646541532294,2.444233288569486,10.601721967205515,13.125766123408509,5.309585040279057,5.9521164058628,-2.205372272773229,-4.729416428976222,1.7751538265743545,8.396349694432287,5.530854730974838,1.9542854049104952,middle,1.0,none,10.0,irregular_T_ge_9,inc_high_60_80,2.0,0.050193050193,63.0,3.0,9,0.19,0.94,1.69,0.1092797408700384,0.0,0.0,0.7744462575574903,1.1574567681342256,0.5601907032181168,0.3289999999999999,1.7823413810351825,0.94,0.1291758833915172,,,,,train_only_family_amplitude_preflight,available_data_proxy:r_median+r_max+type_bin+bulge_frac+gas_fraction+surface_brightness,vobs_endpoint_residual_gain;required_S_tau;posthoc_family_choice,S2,0.5099999904632568,,0.0,0.0,0.2303835987445986,0.4950356552865892,8.0,0.0,22.0,body_failure,0.2139693308103061,-1.245638295898908,-0.9304128196743804,-0.9343967874178055,-0.7262860515969661,-0.4016895434681918,-0.37768441755059384,-1.4099949676117218,-0.9304128196743799,-0.9736770078354483,-0.7262860515969667,,
UGC07603,holdout,K_exponential_disk,12,15.14416058480256,19.3914793849033,31.453943634197763,9.31889729578436,6.8156573361002755,-4.247318800100739,-16.309783049395204,5.825263289018201,8.328503248702283,25.59395015364352,8.578112923891249,15.14416058480256,24.00237507717513,middle,0.85,large_distance_error,7.0,late_T_6_8,inc_high_60_80,1.0,0.3,78.0,3.0,12,0.34,2.22,4.11,0.3367115321762238,0.0,0.0,0.6439810306985554,2.0285712526925375,1.3230035756853396,0.7769999999999999,4.8019421986221404,2.22,0.2315201894793007,,,,,train_only_family_amplitude_preflight,available_data_proxy:r_median+r_max+type_bin+bulge_frac+gas_fraction+surface_brightness,vobs_endpoint_residual_gain;required_S_tau;posthoc_family_choice,,,,,,,,,,,partial_success,1.0582459072003694,1.3521830675489424,-0.753657153034527,-0.8106091955151262,0.3312074760817003,-0.4016895434681918,-0.5732419716588183,-0.23945471454100614,-0.7536571530345268,-0.8265498270540489,0.3312074760817003,,
UGC08699,holdout,K_compact_finite,41,30.056162490520332,46.274167087778665,57.25812439420853,15.184307759904634,13.478161966003247,-16.218004597258332,-27.201961903688197,14.8718547306157,16.578000524517087,30.056162490520332,66.88447464730656,41.16018367714056,30.77784293888889,middle,0.85,large_distance_error,2.0,early_T_le_2,inc_high_60_80,1.0,0.249872773537,73.0,9.0,41,0.22,7.16,25.7,0.0491906047533491,0.5016099888270507,0.980448697417964,1.7372115100390335,3.1087036781837147,4.266984505363529,2.506,26.332099271080533,10.751527520001684,0.1021357721390071,,,,,train_only_family_amplitude_preflight,available_data_proxy:r_median+r_max+type_bin+bulge_frac+gas_fraction+surface_brightness,vobs_endpoint_residual_gain;required_S_tau;posthoc_family_choice,,,,,,,,,,,partial_success,0.776820381737015,0.8308942087058294,-0.07149075209634342,0.2937602710877033,-1.005683545510444,2.2380855613197874,1.0654282224117047,1.2119486372530994,-0.07149075209634313,0.22248661955245266,-1.0056835455104438,,
UGC11914,holdout,K_compact_finite,65,23.06323576308555,97.7858011753384,53.5297580784848,33.820143068839116,30.19760108867859,-74.72256541225283,-30.46652231539925,-10.756907305753565,-7.134365325593038,23.06323576308555,168.47778272092,103.79302986052494,21.086590944570226,candidate,0.65,low_inclination;large_distance_error,2.0,early_T_le_2,inc_low_lt_40,1.0,0.301775147929,31.0,5.0,65,0.28,3.83,9.83,0.0032428364674103,0.5692553771698209,0.9724360634892316,2.7729184940052973,3.390221289211499,2.282479141835519,1.3405,9.845938541237322,6.0102480945604135,0.0814592764103346,,,,,train_only_family_amplitude_preflight,available_data_proxy:r_median+r_max+type_bin+bulge_frac+gas_fraction+surface_brightness,vobs_endpoint_residual_gain;required_S_tau;posthoc_family_choice,,,,,,,,,,,strong_success,-1.5871540321551623,1.3706433914782779,-0.5313316660890867,-0.518020341926975,-1.2193276772063717,2.5940765026455757,2.617875027078243,1.5902315168259367,-0.5313316660890863,-0.5807858977828615,-1.2193276772063717,,
UGC12506,holdout,K_exponential_disk,31,44.622843579238854,69.09861720417109,116.02345816251234,40.697842583379504,38.12269540109571,-24.47577362493224,-71.4006145832735,3.9250009958593495,6.500148178143142,89.52727613914712,35.84235044740161,44.622843579238854,81.92622502596456,candidate,1.0,none,6.0,late_T_6_8,inc_edge_ge_80,1.0,0.100397614314,86.0,4.0,31,0.82,25.41,49.99,0.2228774584139502,0.0,0.0,1.3363116482200457,2.616212862243485,15.143027413587603,8.8935,55.56082207305669,25.41,0.1802948562862776,,,,,train_only_family_amplitude_preflight,available_data_proxy:r_median+r_max+type_bin+bulge_frac+gas_fraction+surface_brightness,vobs_endpoint_residual_gain;required_S_tau;posthoc_family_choice,,,,,,,,,,,partial_success,1.5085267479417364,-0.7235451783259773,2.4486584011671892,1.5362398608877372,-0.19808878255277282,-0.4016895434681918,0.46450950784559986,0.5501753175062959,2.448658401167189,1.6466283665838597,-0.19808878255277265,,
UGCA444,holdout,K_scale_tail_spiral,36,3.866020608838115,8.888622427975852,14.471300240102812,3.0580094444767805,4.92757139254757,-5.022601819137737,-10.605279631264697,0.8080111643613344,-1.061550783709455,11.09250053847029,3.866020608838115,5.560273847554185,10.013092897903078,control,1.0,none,10.0,irregular_T_ge_9,inc_high_60_80,2.0,0.051020408163,78.0,4.0,36,0.12,1.365,2.62,0.8579461284441405,0.0,0.0,-0.1388578837407648,0.5289167002776547,0.8134684147794994,0.4777499999999999,3.7439094282618246,1.365,0.4660757577998632,,,,,train_only_family_amplitude_preflight,available_data_proxy:r_median+r_max+type_bin+bulge_frac+gas_fraction+surface_brightness,vobs_endpoint_residual_gain;required_S_tau;posthoc_family_choice,,,,,,,,,,,partial_success,1.0582459072003694,-1.2370343390780696,-0.8717244147353664,-0.8868255227609908,2.754800979830065,-0.4016895434681918,-1.7466585751038046,-2.2545813717362715,-0.8717244147353662,-0.8781014685063926,2.7548009798300646,,
