galaxy,split,coarse_formula_family,dominant_intake_family,weight_intake_status,n_points,rmse_l2_weight_intake,rmse_single_matched_family,rmse_tpg_v6,rmse_mond,claim_boundary,rmse_mixture_proxy,intake_minus_old_l2_proxy,intake_minus_single_matched,intake_minus_tpg_v6,intake_minus_mond,intake_beats_old_l2_proxy,intake_beats_single_matched,intake_beats_tpg_v6,intake_beats_mond,dominant_intake_matches_coarse_family
CamB,holdout,K_scale_tail_spiral,K_thick_flared,SOURCE_INFORMATIVE_WEIGHT_CANDIDATE,9,15.773375142407723,19.721962031071975,13.63779853730796,15.623524086441458,l2_weight_intake_endpoint_preflight_not_validation,41.34713054835143,-25.573755405943707,-3.948586888664252,2.1355766050997627,0.14985105596626447,True,True,False,False,False
ESO116-G012,holdout,K_exponential_disk,K_scale_tail_spiral,SOURCE_INFORMATIVE_WEIGHT_CANDIDATE,15,10.754558922826295,13.446279755293979,11.508201668011028,9.108666488881621,l2_weight_intake_endpoint_preflight_not_validation,9.914510077634636,0.8400488451916583,-2.6917208324676842,-0.7536427451847327,1.6458924339446739,False,True,True,False,False
F561-1,holdout,K_scale_tail_spiral,K_scale_tail_spiral,SOURCE_INFORMATIVE_WEIGHT_CANDIDATE,6,30.72961132456212,30.72961132456212,28.55685188052471,32.526019723976546,l2_weight_intake_endpoint_preflight_not_validation,32.81474646274271,-2.08513513818059,0.0,2.1727594440374105,-1.7964083994144247,True,False,False,True,True
F563-1,holdout,K_scale_tail_spiral,K_scale_tail_spiral,SOURCE_INFORMATIVE_WEIGHT_CANDIDATE,17,24.353860854926513,22.617853241287115,24.695833689633552,18.44568739642176,l2_weight_intake_endpoint_preflight_not_validation,22.440942185209032,1.912918669717481,1.7360076136393978,-0.34197283470703965,5.908173458504752,False,False,True,False,True
F568-1,holdout,K_thick_flared,K_scale_tail_spiral,SOURCE_INFORMATIVE_WEIGHT_CANDIDATE,12,31.176877091120875,34.955430288199395,33.500610533676024,29.974188853658532,l2_weight_intake_endpoint_preflight_not_validation,30.28243549193633,0.894441599184546,-3.7785531970785193,-2.323733442555149,1.2026882374623433,False,True,True,False,False
IC2574,holdout,K_scale_tail_spiral,K_exponential_disk,SOURCE_INFORMATIVE_WEIGHT_CANDIDATE,34,25.05305541471972,10.566965630734453,7.5138151552258,13.51316984455882,l2_weight_intake_endpoint_preflight_not_validation,11.914818481303511,13.138236933416207,14.486089783985266,17.53924025949392,11.539885570160898,False,False,False,False,False
IC4202,holdout,K_compact_finite,K_scale_tail_spiral,SOURCE_INFORMATIVE_WEIGHT_CANDIDATE,32,26.05888267438966,25.94895537395008,26.101514959176914,26.12803028857914,l2_weight_intake_endpoint_preflight_not_validation,25.82365271448953,0.2352299599001313,0.10992730043957977,-0.04263228478725267,-0.0691476141894789,False,False,True,True,False
NGC0024,holdout,K_thick_flared,K_exponential_disk,SOURCE_INFORMATIVE_WEIGHT_CANDIDATE,29,21.692224929876502,22.660175260822907,22.157814084096987,20.65262257294937,l2_weight_intake_endpoint_preflight_not_validation,12.372056070443607,9.320168859432895,-0.9679503309464046,-0.46558915422048486,1.0396023569271335,False,True,True,False,False
NGC2683,holdout,K_thick_flared,K_compact_finite,SOURCE_INFORMATIVE_WEIGHT_CANDIDATE,11,11.450848580050405,9.441655141326386,10.314830339812675,14.151015414510422,l2_weight_intake_endpoint_preflight_not_validation,10.59617743375434,0.8546711462960648,2.0091934387240187,1.1360182402377301,-2.700166834460017,False,False,False,True,False
NGC3726,holdout,K_thick_flared,K_exponential_disk,SOURCE_INFORMATIVE_WEIGHT_CANDIDATE,12,26.51090685077883,22.32780920265615,23.631876746434497,26.325344741169783,l2_weight_intake_endpoint_preflight_not_validation,22.98251398182168,3.5283928689571518,4.183097648122679,2.8790301043443343,0.18556210960904806,False,False,False,False,False
NGC3949,holdout,K_thick_flared,K_compact_finite,SOURCE_INFORMATIVE_WEIGHT_CANDIDATE,7,24.44325259103885,8.55319084358932,8.950158230683527,11.297904622428334,l2_weight_intake_endpoint_preflight_not_validation,10.950671563982567,13.492581027056282,15.89006174744953,15.493094360355322,13.145347968610515,False,False,False,False,False
NGC3972,holdout,K_thick_flared,K_compact_finite,SOURCE_INFORMATIVE_WEIGHT_CANDIDATE,10,13.92630563477123,8.593962113335323,7.806428086864266,6.774747860896815,l2_weight_intake_endpoint_preflight_not_validation,6.266471836974784,7.659833797796447,5.332343521435908,6.119877547906964,7.151557773874416,False,False,False,False,False
NGC4013,holdout,K_compact_finite,K_compact_finite,SOURCE_INFORMATIVE_WEIGHT_CANDIDATE,36,12.507084507992706,16.99356852880305,12.273912532057183,14.334222058319126,l2_weight_intake_endpoint_preflight_not_validation,15.260410364871282,-2.7533258568785755,-4.486484020810343,0.23317197593552308,-1.8271375503264196,True,True,False,True,True
NGC4088,holdout,K_thick_flared,K_scale_tail_spiral,SOURCE_INFORMATIVE_WEIGHT_CANDIDATE,12,42.56348032525069,37.811387707787695,38.98773649865968,42.18384581680386,l2_weight_intake_endpoint_preflight_not_validation,38.70894315682372,3.8545371684269654,4.752092617462992,3.575743826591008,0.3796345084468271,False,False,False,False,False
NGC4183,holdout,K_exponential_disk,K_exponential_disk,SOURCE_INFORMATIVE_WEIGHT_CANDIDATE,23,9.741644276499994,6.224581287933666,6.489693491114096,10.354993594406714,l2_weight_intake_endpoint_preflight_not_validation,6.170265873085838,3.5713784034141556,3.5170629885663276,3.2519507853858975,-0.6133493179067209,False,False,False,True,True
NGC4214,holdout,K_scale_tail_spiral,K_exponential_disk,SOURCE_INFORMATIVE_WEIGHT_CANDIDATE,14,24.67008828870912,15.405984093871057,17.991047303306434,15.27888150484993,l2_weight_intake_endpoint_preflight_not_validation,10.919711713891596,13.750376574817524,9.264104194838064,6.679040985402686,9.391206783859191,False,False,False,False,False
NGC4389,holdout,K_thick_flared,K_exponential_disk,SOURCE_INFORMATIVE_WEIGHT_CANDIDATE,6,46.27429572913639,45.987913835499185,46.55692853885728,48.50110279830857,l2_weight_intake_endpoint_preflight_not_validation,50.97240947396256,-4.698113744826166,0.28638189363720556,-0.2826328097208872,-2.2268070691721817,True,False,True,True,False
NGC5907,holdout,K_thick_flared,K_exponential_disk,SOURCE_INFORMATIVE_WEIGHT_CANDIDATE,19,16.72953347222077,16.383392586061934,16.785509985459306,18.59536481497724,l2_weight_intake_endpoint_preflight_not_validation,16.493230967433664,0.2363025047871048,0.3461408861588353,-0.05597651323853725,-1.865831342756472,False,False,True,True,False
NGC5985,holdout,K_compact_finite,K_scale_tail_spiral,SOURCE_INFORMATIVE_WEIGHT_CANDIDATE,33,71.09345366054956,66.20241092491683,72.28739039126062,69.40357999391347,l2_weight_intake_endpoint_preflight_not_validation,67.77722423034764,3.316229430201915,4.891042735632723,-1.1939367307110587,1.689873666636089,False,False,True,False,False
NGC6789,holdout,K_scale_tail_spiral,K_thick_flared,SOURCE_INFORMATIVE_WEIGHT_CANDIDATE,4,14.089331192642511,11.536643562882814,15.897752239176857,15.396246199577478,l2_weight_intake_endpoint_preflight_not_validation,34.90590005866092,-20.816568866018407,2.5526876297596974,-1.8084210465343453,-1.3069150069349664,True,False,True,True,False
NGC6946,holdout,K_compact_finite,K_scale_tail_spiral,SOURCE_INFORMATIVE_WEIGHT_CANDIDATE,58,20.948752064502973,27.872527807879194,15.025447425206579,17.728143095419597,l2_weight_intake_endpoint_preflight_not_validation,24.079718854313754,-3.130966789810781,-6.923775743376222,5.9233046392963935,3.2206089690833757,True,True,False,False,False
NGC7331,holdout,K_thick_flared,K_scale_tail_spiral,SOURCE_INFORMATIVE_WEIGHT_CANDIDATE,36,26.764221798862284,24.522570438330455,25.485065060071012,29.311675230419702,l2_weight_intake_endpoint_preflight_not_validation,25.42735018986565,1.3368716089966348,2.2416513605318293,1.2791567387912721,-2.547453431557418,False,False,False,True,False
UGC00731,holdout,K_scale_tail_spiral,K_thick_flared,SOURCE_INFORMATIVE_WEIGHT_CANDIDATE,12,12.523488983592612,11.310048467799863,12.845453066903099,11.466827035781066,l2_weight_intake_endpoint_preflight_not_validation,11.034722729741045,1.4887662538515674,1.2134405157927493,-0.32196408331048687,1.0566619478115467,False,False,True,False,False
UGC00891,holdout,K_scale_tail_spiral,K_exponential_disk,SOURCE_INFORMATIVE_WEIGHT_CANDIDATE,5,5.812976613743893,7.225333270873022,5.958365558298525,7.682081654505746,l2_weight_intake_endpoint_preflight_not_validation,8.66676298769668,-2.8537863739527873,-1.4123566571291288,-0.14538894455463236,-1.8691050407618528,True,True,True,True,False
UGC02023,holdout,K_scale_tail_spiral,K_scale_tail_spiral,SOURCE_INFORMATIVE_WEIGHT_CANDIDATE,5,15.300264315382941,15.300264315382941,12.198048884046239,13.979836766957423,l2_weight_intake_endpoint_preflight_not_validation,24.895483231211234,-9.595218915828292,0.0,3.1022154313367025,1.3204275484255188,True,False,False,False,True
UGC02259,holdout,K_exponential_disk,K_thick_flared,SOURCE_INFORMATIVE_WEIGHT_CANDIDATE,8,15.926795760580907,19.573338345039396,16.43514083306515,13.66144175213647,l2_weight_intake_endpoint_preflight_not_validation,15.453884580549186,0.47291118003172095,-3.646542584458489,-0.5083450724842447,2.2653540084444366,False,True,True,False,False
UGC03580,holdout,K_compact_finite,K_scale_tail_spiral,SOURCE_INFORMATIVE_WEIGHT_CANDIDATE,47,26.623336512958982,53.98299406241329,25.49452615076704,27.172706555031343,l2_weight_intake_endpoint_preflight_not_validation,47.927084251790035,-21.303747738831053,-27.359657549454308,1.1288103621919419,-0.5493700420723613,True,True,False,True,False
UGC04305,holdout,K_scale_tail_spiral,K_exponential_disk,SOURCE_INFORMATIVE_WEIGHT_CANDIDATE,22,57.46023051372418,26.808062784312273,23.999621706482884,26.588364190715332,l2_weight_intake_endpoint_preflight_not_validation,31.0454822763056,26.41474823741858,30.652167729411904,33.46060880724129,30.871866323008845,False,False,False,False,False
UGC04499,holdout,K_scale_tail_spiral,K_exponential_disk,SOURCE_INFORMATIVE_WEIGHT_CANDIDATE,9,5.397304499008665,8.071013668884772,6.040634191372928,8.985021588452573,l2_weight_intake_endpoint_preflight_not_validation,9.236407431834207,-3.8391029328255426,-2.6737091698761075,-0.6433296923642633,-3.5877170894439088,True,True,True,True,False
UGC05414,holdout,K_scale_tail_spiral,K_thick_flared,SOURCE_INFORMATIVE_WEIGHT_CANDIDATE,6,7.455645261144433,9.440201402889352,6.4008126343112375,8.261884143933315,l2_weight_intake_endpoint_preflight_not_validation,15.266440388278756,-7.810795127134323,-1.9845561417449193,1.0548326268331953,-0.8062388827888824,True,True,False,True,False
UGC05716,holdout,K_scale_tail_spiral,K_thick_flared,SOURCE_INFORMATIVE_WEIGHT_CANDIDATE,12,5.702170825248938,4.212043634396867,5.844868825954693,5.605647282808069,l2_weight_intake_endpoint_preflight_not_validation,3.9917294431077943,1.710441382141144,1.4901271908520712,-0.14269800070575478,0.09652354244086947,False,False,True,False,False
UGC05829,holdout,K_scale_tail_spiral,K_exponential_disk,SOURCE_INFORMATIVE_WEIGHT_CANDIDATE,11,6.220924516996659,7.720215953585758,6.222677845510406,8.606905396927852,l2_weight_intake_endpoint_preflight_not_validation,10.76247324648818,-4.54154872949152,-1.4992914365890995,-0.0017533285137467658,-2.385980879931193,True,True,True,True,False
UGC05986,holdout,K_scale_tail_spiral,K_scale_tail_spiral,SOURCE_INFORMATIVE_WEIGHT_CANDIDATE,15,16.856878883305757,15.662107914873872,17.532159853325275,15.059299363743824,l2_weight_intake_endpoint_preflight_not_validation,13.945836414912607,2.91104246839315,1.194770968431886,-0.6752809700195179,1.7975795195619337,False,False,True,False,True
UGC06818,holdout,K_scale_tail_spiral,K_exponential_disk,SOURCE_INFORMATIVE_WEIGHT_CANDIDATE,8,11.90895045377944,13.901550076257113,12.386120759877572,13.66362183441789,l2_weight_intake_endpoint_preflight_not_validation,15.762229546173607,-3.8532790923941675,-1.9925996224776732,-0.4771703060981327,-1.7546713806384506,True,True,True,True,False
UGC06917,holdout,K_scale_tail_spiral,K_exponential_disk,SOURCE_INFORMATIVE_WEIGHT_CANDIDATE,11,7.341476384447996,4.9226251653474105,6.430936477869006,4.61507933369384,l2_weight_intake_endpoint_preflight_not_validation,3.720900338876371,3.6205760455716254,2.4188512191005858,0.9105399065789905,2.726397050754156,False,False,False,False,False
UGC06983,holdout,K_scale_tail_spiral,K_exponential_disk,SOURCE_INFORMATIVE_WEIGHT_CANDIDATE,17,12.385460782501298,9.70055392147702,11.036839059186455,9.148970751386091,l2_weight_intake_endpoint_preflight_not_validation,10.110482894618606,2.2749778878826916,2.6849068610242774,1.3486217233148423,3.2364900311152063,False,False,False,False,False
UGC07151,holdout,K_exponential_disk,K_thick_flared,SOURCE_INFORMATIVE_WEIGHT_CANDIDATE,11,4.641822879680751,3.9908842627101606,4.3119123214161394,5.615951252005322,l2_weight_intake_endpoint_preflight_not_validation,7.605794172487359,-2.963971292806608,0.6509386169705902,0.32991055826461135,-0.9741283723245715,True,False,False,True,False
UGC07261,holdout,K_exponential_disk,K_scale_tail_spiral,SOURCE_INFORMATIVE_WEIGHT_CANDIDATE,7,4.120854225707304,5.956232149170297,4.296839337715027,4.6168185611277694,l2_weight_intake_endpoint_preflight_not_validation,5.405932942847409,-1.285078717140105,-1.8353779234629934,-0.17598511200772293,-0.4959643354204655,True,True,True,True,False
UGC07577,holdout,K_scale_tail_spiral,K_exponential_disk,SOURCE_INFORMATIVE_WEIGHT_CANDIDATE,9,11.543046063508982,17.124297895456632,10.601721967205515,13.125766123408509,l2_weight_intake_endpoint_preflight_not_validation,43.47007794262976,-31.927031879120776,-5.58125183194765,0.9413240963034664,-1.5827200598995272,True,True,False,True,False
UGC07603,holdout,K_exponential_disk,K_thick_flared,SOURCE_INFORMATIVE_WEIGHT_CANDIDATE,12,8.654986419079288,11.387173267934267,9.318897295784359,6.8156573361002755,l2_weight_intake_endpoint_preflight_not_validation,3.564611564444469,5.090374854634819,-2.7321868488549796,-0.6639108767050708,1.8393290829790123,False,True,True,False,False
UGC08699,holdout,K_compact_finite,K_scale_tail_spiral,SOURCE_INFORMATIVE_WEIGHT_CANDIDATE,41,14.866158341353142,12.627055841271439,15.184307759904634,13.478161966003247,l2_weight_intake_endpoint_preflight_not_validation,11.993051940038056,2.873106401315086,2.239102500081703,-0.31814941855149215,1.3879963753498945,False,False,True,False,False
UGC11914,holdout,K_compact_finite,K_scale_tail_spiral,SOURCE_INFORMATIVE_WEIGHT_CANDIDATE,65,33.17967170999526,23.229579108902147,33.820143068839116,30.19760108867859,l2_weight_intake_endpoint_preflight_not_validation,23.70976365799283,9.469908052002431,9.950092601093115,-0.640471358843854,2.982070621316673,False,False,True,False,False
UGC12506,holdout,K_exponential_disk,K_scale_tail_spiral,SOURCE_INFORMATIVE_WEIGHT_CANDIDATE,31,40.90589445157975,44.999238791738094,40.697842583379504,38.12269540109571,l2_weight_intake_endpoint_preflight_not_validation,43.74308275965163,-2.8371883080718803,-4.093344340158346,0.20805186820024346,2.7831990504840363,True,True,False,False,False
UGCA444,holdout,K_scale_tail_spiral,K_thick_flared,SOURCE_INFORMATIVE_WEIGHT_CANDIDATE,36,3.7481718465386815,7.622534837373528,3.0580094444767805,4.92757139254757,l2_weight_intake_endpoint_preflight_not_validation,20.94928433467335,-17.20111248813467,-3.8743629908348463,0.690162402061901,-1.1793995460088884,True,True,False,True,False
D512-2,train,K_scale_tail_spiral,K_compact_finite,UNINFORMATIVE_EQUAL_FALLBACK,4,54.680307650513306,6.808960055926971,2.5139498188497846,6.561883790113319,l2_weight_intake_endpoint_preflight_not_validation,16.521480553693618,38.15882709681969,47.87134759458633,52.16635783166352,48.118423860399986,False,False,False,False,False
D564-8,train,K_scale_tail_spiral,K_thick_flared,SOURCE_INFORMATIVE_WEIGHT_CANDIDATE,6,2.653460866271324,9.336622485938781,3.399294537690645,7.16409055590109,l2_weight_intake_endpoint_preflight_not_validation,21.297877090196582,-18.64441622392526,-6.683161619667457,-0.7458336714193212,-4.510629689629766,True,True,True,True,False
D631-7,train,K_scale_tail_spiral,K_thick_flared,SOURCE_INFORMATIVE_WEIGHT_CANDIDATE,16,10.517806429660139,10.943013951197013,10.35809255392164,10.521817679771978,l2_weight_intake_endpoint_preflight_not_validation,12.442880225983757,-1.925073796323618,-0.42520752153687447,0.1597138757384986,-0.004011250111839004,True,True,False,True,False
DDO064,train,K_scale_tail_spiral,K_scale_tail_spiral,SOURCE_INFORMATIVE_WEIGHT_CANDIDATE,14,5.443535706033468,5.443535706033468,2.7332917850477236,3.548332793859171,l2_weight_intake_endpoint_preflight_not_validation,20.453439998316096,-15.009904292282627,0.0,2.7102439209857443,1.8952029121742968,True,False,False,False,True
DDO154,train,K_scale_tail_spiral,K_thick_flared,SOURCE_INFORMATIVE_WEIGHT_CANDIDATE,12,3.3375595690290205,4.184305567259078,3.544983778635305,4.451832612674567,l2_weight_intake_endpoint_preflight_not_validation,7.633250388489297,-4.295690819460276,-0.8467459982300576,-0.20742420960628438,-1.1142730436455461,True,True,True,True,False
DDO161,train,K_scale_tail_spiral,K_thick_flared,SOURCE_INFORMATIVE_WEIGHT_CANDIDATE,31,13.723814218849023,15.881667823431446,13.579219703882607,18.569662825271475,l2_weight_intake_endpoint_preflight_not_validation,16.433360060866608,-2.709545842017585,-2.1578536045824226,0.14459451496641584,-4.845848606422452,True,True,False,True,False
DDO168,train,K_scale_tail_spiral,K_thick_flared,SOURCE_INFORMATIVE_WEIGHT_CANDIDATE,10,7.120768721744281,8.993591610956091,6.727638673752554,7.879974549733663,l2_weight_intake_endpoint_preflight_not_validation,13.61048665711576,-6.48971793537148,-1.8728228892118102,0.39313004799172724,-0.7592058279893816,True,True,False,True,False
DDO170,train,K_scale_tail_spiral,K_thick_flared,SOURCE_INFORMATIVE_WEIGHT_CANDIDATE,8,7.504501016528399,10.159584119881025,7.480201139884626,14.370201282342645,l2_weight_intake_endpoint_preflight_not_validation,10.690170923600466,-3.185669907072066,-2.6550831033526254,0.024299876643773644,-6.865700265814246,True,True,False,True,False
ESO079-G014,train,K_thick_flared,K_scale_tail_spiral,SOURCE_INFORMATIVE_WEIGHT_CANDIDATE,15,12.186790566897495,13.175386122165875,12.522654026496923,11.397542407404476,l2_weight_intake_endpoint_preflight_not_validation,11.49375675421414,0.6930338126833551,-0.9885955552683807,-0.33586345959942854,0.7892481594930185,False,True,True,False,False
ESO444-G084,train,K_scale_tail_spiral,K_thick_flared,SOURCE_INFORMATIVE_WEIGHT_CANDIDATE,7,13.024005605195304,9.653687321801225,13.917114692092932,10.513209179623457,l2_weight_intake_endpoint_preflight_not_validation,6.474140648501736,6.549864956693568,3.370318283394079,-0.8931090868976277,2.510796425571847,False,False,True,False,False
ESO563-G021,train,K_thick_flared,K_scale_tail_spiral,SOURCE_INFORMATIVE_WEIGHT_CANDIDATE,30,47.62781180262277,49.05425860593719,47.72714916375959,44.48667176928297,l2_weight_intake_endpoint_preflight_not_validation,48.602521434929635,-0.9747096323068618,-1.4264468033144198,-0.09933736113681846,3.141140033339802,True,True,True,False,False
F563-V1,train,K_scale_tail_spiral,K_thick_flared,SOURCE_INFORMATIVE_WEIGHT_CANDIDATE,6,24.185722088310527,26.964419023751876,23.66949222725619,29.338957960123544,l2_weight_intake_endpoint_preflight_not_validation,29.059262793121295,-4.873540704810768,-2.7786969354413493,0.5162298610543381,-5.153235871813017,True,True,False,True,False
F563-V2,train,K_scale_tail_spiral,K_scale_tail_spiral,SOURCE_INFORMATIVE_WEIGHT_CANDIDATE,10,25.186946416897033,23.80775763175782,26.238947803350438,23.428832485173935,l2_weight_intake_endpoint_preflight_not_validation,22.000639165705795,3.186307251191238,1.3791887851392133,-1.052001386453405,1.7581139317230985,False,False,True,False,True
F565-V2,train,K_scale_tail_spiral,K_thick_flared,SOURCE_INFORMATIVE_WEIGHT_CANDIDATE,7,11.698062166805126,9.108198192477284,11.960771688430881,6.916649069723871,l2_weight_intake_endpoint_preflight_not_validation,7.298641930167393,4.3994202366377335,2.5898639743278427,-0.2627095216257551,4.781413097081256,False,False,True,False,False
F567-2,train,K_scale_tail_spiral,K_scale_tail_spiral,SOURCE_INFORMATIVE_WEIGHT_CANDIDATE,5,16.22869903613856,16.22869903613856,14.016635993218337,19.406231954265397,l2_weight_intake_endpoint_preflight_not_validation,19.29995436912092,-3.071255332982357,0.0,2.2120630429202244,-3.177532918126836,True,False,False,True,True
F568-3,train,K_exponential_disk,K_scale_tail_spiral,SOURCE_INFORMATIVE_WEIGHT_CANDIDATE,18,7.860002856544251,11.251672319569533,9.11490703879206,7.976415983117765,l2_weight_intake_endpoint_preflight_not_validation,7.4579823900800575,0.40202046646419376,-3.3916694630252815,-1.2549041822478086,-0.11641312657351399,False,True,True,True,False
F568-V1,train,K_exponential_disk,K_scale_tail_spiral,SOURCE_INFORMATIVE_WEIGHT_CANDIDATE,15,27.488531570335322,33.68872136932015,29.877210479611758,25.762065140172663,l2_weight_intake_endpoint_preflight_not_validation,29.470265532976914,-1.9817339626415915,-6.200189798984827,-2.388678909276436,1.7264664301626595,True,True,True,False,False
F571-8,train,K_thick_flared,K_scale_tail_spiral,SOURCE_INFORMATIVE_WEIGHT_CANDIDATE,13,29.758271974218054,30.469049603845086,30.175376192122503,28.290592925853005,l2_weight_intake_endpoint_preflight_not_validation,29.57083750426168,0.1874344699563757,-0.7107776296270316,-0.4171042179044484,1.4676790483650493,False,True,True,False,False
F571-V1,train,K_scale_tail_spiral,K_thick_flared,SOURCE_INFORMATIVE_WEIGHT_CANDIDATE,7,3.5769628763078303,3.7041860848067847,3.5735232878164758,6.360130039546406,l2_weight_intake_endpoint_preflight_not_validation,3.3561203110652684,0.22084256524256185,-0.1272232084989544,0.003439588491354506,-2.7831671632385757,False,True,False,True,False
F574-1,train,K_exponential_disk,K_scale_tail_spiral,SOURCE_INFORMATIVE_WEIGHT_CANDIDATE,14,9.943790587801379,15.653160782256908,11.820788616096635,8.776912560877792,l2_weight_intake_endpoint_preflight_not_validation,12.249371508539417,-2.3055809207380378,-5.709370194455529,-1.8769980282952563,1.1668780269235874,True,True,True,False,False
F574-2,train,K_scale_tail_spiral,K_scale_tail_spiral,SOURCE_INFORMATIVE_WEIGHT_CANDIDATE,5,35.20922291232126,35.20922291232126,32.6388165436646,38.74115873241575,l2_weight_intake_endpoint_preflight_not_validation,37.18124216123043,-1.9720192489091701,0.0,2.5704063686566556,-3.531935820094489,True,False,False,True,True
F579-V1,train,K_thick_flared,K_scale_tail_spiral,SOURCE_INFORMATIVE_WEIGHT_CANDIDATE,14,18.3734345340946,20.704633861715262,19.63941142103888,18.38890176475787,l2_weight_intake_endpoint_preflight_not_validation,18.262130457466213,0.11130407662838593,-2.331199327620663,-1.26597688694428,-0.01546723066326905,False,True,True,True,False
F583-1,train,K_scale_tail_spiral,K_scale_tail_spiral,SOURCE_INFORMATIVE_WEIGHT_CANDIDATE,25,10.359993146223937,10.359993146223937,13.297286773674033,10.320140273858495,l2_weight_intake_endpoint_preflight_not_validation,7.493925717442195,2.866067428781742,0.0,-2.937293627450096,0.03985287236544188,False,False,True,False,True
F583-4,train,K_thick_flared,K_scale_tail_spiral,SOURCE_INFORMATIVE_WEIGHT_CANDIDATE,12,4.070396257323441,1.8163548767334206,2.089348476842753,5.381087823103697,l2_weight_intake_endpoint_preflight_not_validation,6.545574644890307,-2.4751783875668654,2.254041380590021,1.9810477804806883,-1.3106915657802558,True,False,False,True,False
KK98-251,train,K_scale_tail_spiral,K_thick_flared,SOURCE_INFORMATIVE_WEIGHT_CANDIDATE,15,9.438586192012098,13.610025806267119,8.181219377823203,10.870651981388162,l2_weight_intake_endpoint_preflight_not_validation,27.27761826842789,-17.83903207641579,-4.171439614255021,1.2573668141888952,-1.4320657893760647,True,True,False,True,False
NGC0055,train,K_scale_tail_spiral,K_exponential_disk,SOURCE_INFORMATIVE_WEIGHT_CANDIDATE,21,12.15629174276546,15.50707161929844,13.646013162608714,17.518196226309797,l2_weight_intake_endpoint_preflight_not_validation,15.747113066781669,-3.5908213240162095,-3.3507798765329806,-1.4897214198432547,-5.361904483544338,True,True,True,True,False
NGC0100,train,K_exponential_disk,K_exponential_disk,SOURCE_INFORMATIVE_WEIGHT_CANDIDATE,21,7.66544892858323,8.856389899016648,7.537919334963079,6.061732881040405,l2_weight_intake_endpoint_preflight_not_validation,7.051391273420865,0.6140576551623651,-1.1909409704334175,0.12752959362015126,1.6037160475428252,False,True,False,False,True
NGC0247,train,K_exponential_disk,K_exponential_disk,SOURCE_INFORMATIVE_WEIGHT_CANDIDATE,26,4.632925839593893,6.561795274843639,3.866312004062215,5.475417572666649,l2_weight_intake_endpoint_preflight_not_validation,4.70072411234,-0.06779827274610639,-1.9288694352497453,0.7666138355316781,-0.8424917330727562,True,True,False,True,True
NGC0289,train,K_thick_flared,K_scale_tail_spiral,SOURCE_INFORMATIVE_WEIGHT_CANDIDATE,28,13.01907117049023,11.257300859223461,13.44827134683854,23.595309185371484,l2_weight_intake_endpoint_preflight_not_validation,11.839576462163318,1.1794947083269118,1.761770311266769,-0.42920017634831,-10.576238014881254,False,False,True,True,False
NGC0300,train,K_exponential_disk,K_exponential_disk,SOURCE_INFORMATIVE_WEIGHT_CANDIDATE,25,9.176325389390442,13.615448943697162,9.83189803567648,5.607034629923943,l2_weight_intake_endpoint_preflight_not_validation,9.70796649527256,-0.5316411058821178,-4.43912355430672,-0.6555726462860374,3.569290759466499,True,True,True,False,True
NGC0801,train,K_thick_flared,K_scale_tail_spiral,SOURCE_INFORMATIVE_WEIGHT_CANDIDATE,13,31.515891501543546,30.338225611407932,31.348134413644825,35.306528941160416,l2_weight_intake_endpoint_preflight_not_validation,30.72121358329897,0.7946779182445773,1.1776658901356143,0.16775708789872112,-3.7906374396168694,False,False,False,True,False
NGC0891,train,K_compact_finite,K_scale_tail_spiral,SOURCE_INFORMATIVE_WEIGHT_CANDIDATE,18,31.76658393864167,36.117714962740685,29.637636010909365,32.67571266789567,l2_weight_intake_endpoint_preflight_not_validation,34.36029562506972,-2.5937116864280476,-4.351131024099015,2.1289479277323053,-0.9091287292539967,True,True,False,True,False
NGC1003,train,K_scale_tail_spiral,K_scale_tail_spiral,SOURCE_INFORMATIVE_WEIGHT_CANDIDATE,36,11.250705560607548,10.239711077957573,11.228797331872782,8.233924992844548,l2_weight_intake_endpoint_preflight_not_validation,11.37678035751164,-0.12607479690409207,1.0109944826499753,0.021908228734766055,3.016780567763,True,False,False,False,True
NGC1090,train,K_thick_flared,K_scale_tail_spiral,SOURCE_INFORMATIVE_WEIGHT_CANDIDATE,24,17.324246875179945,13.765926902112863,15.259685358845738,18.764009439287914,l2_weight_intake_endpoint_preflight_not_validation,14.251781803652817,3.0724650715271284,3.558319973067082,2.064561516334207,-1.4397625641079692,False,False,False,True,False
NGC1705,train,K_scale_tail_spiral,K_compact_finite,SOURCE_INFORMATIVE_WEIGHT_CANDIDATE,14,28.548680919648444,17.353386930958422,20.59864390810048,16.95201559286103,l2_weight_intake_endpoint_preflight_not_validation,14.28599856276315,14.262682356885295,11.195293988690022,7.950037011547963,11.596665326787413,False,False,False,False,False
NGC2366,train,K_scale_tail_spiral,K_thick_flared,SOURCE_INFORMATIVE_WEIGHT_CANDIDATE,26,8.82073886305878,11.179048179418931,8.175530891777854,11.387781875806942,l2_weight_intake_endpoint_preflight_not_validation,14.3606005762838,-5.539861713225019,-2.3583093163601507,0.6452079712809269,-2.5670430127481616,True,True,False,True,False
NGC2403,train,K_exponential_disk,K_scale_tail_spiral,SOURCE_INFORMATIVE_WEIGHT_CANDIDATE,73,20.3190708946828,10.644397151446181,9.860995949284607,6.239762201686606,l2_weight_intake_endpoint_preflight_not_validation,9.283175729218195,11.035895165464604,9.674673743236617,10.458074945398192,14.079308692996193,False,False,False,False,False
NGC2841,train,K_compact_finite,K_compact_finite,SOURCE_INFORMATIVE_WEIGHT_CANDIDATE,50,58.21815690965729,54.87724264138518,59.09007494417434,53.02346081870857,l2_weight_intake_endpoint_preflight_not_validation,56.00791491480016,2.210241994857128,3.3409142682721082,-0.8719180345170514,5.194696090948717,False,False,True,False,True
NGC2903,train,K_thick_flared,K_compact_finite,SOURCE_INFORMATIVE_WEIGHT_CANDIDATE,34,24.295175470443166,24.47346324263098,24.362146162225375,24.96300377208502,l2_weight_intake_endpoint_preflight_not_validation,24.334722062574343,-0.039546592131177505,-0.1782877721878151,-0.06697069178220971,-0.6678283016418547,True,True,True,True,False
NGC2915,train,K_scale_tail_spiral,K_compact_finite,SOURCE_INFORMATIVE_WEIGHT_CANDIDATE,30,12.52400361934126,23.036865971923184,26.00786566771677,20.629433034344654,l2_weight_intake_endpoint_preflight_not_validation,21.204403150102102,-8.680399530760843,-10.512862352581925,-13.483862048375512,-8.105429415003394,True,True,True,True,False
NGC2955,train,K_compact_finite,K_scale_tail_spiral,SOURCE_INFORMATIVE_WEIGHT_CANDIDATE,24,20.33458377501467,24.641523770508012,19.782113998497127,23.273161362253415,l2_weight_intake_endpoint_preflight_not_validation,23.78467708255457,-3.4500933075398983,-4.306939995493341,0.5524697765175439,-2.9385775872387434,True,True,False,True,False
NGC2976,train,K_thick_flared,K_exponential_disk,SOURCE_INFORMATIVE_WEIGHT_CANDIDATE,27,94.00551637055932,4.791806857705614,5.11693008193194,5.678104979086942,l2_weight_intake_endpoint_preflight_not_validation,25.852344972327728,68.15317139823159,89.21370951285371,88.88858628862738,88.32741139147238,False,False,False,False,False
NGC2998,train,K_thick_flared,K_scale_tail_spiral,SOURCE_INFORMATIVE_WEIGHT_CANDIDATE,13,27.172575342307006,27.16527082415665,27.11504519134483,27.07347466768693,l2_weight_intake_endpoint_preflight_not_validation,27.20693252365443,-0.03435718134742416,0.007304518150355932,0.05753015096217595,0.09910067462007532,True,False,False,False,False
NGC3109,train,K_scale_tail_spiral,K_thick_flared,SOURCE_INFORMATIVE_WEIGHT_CANDIDATE,25,8.918324739341653,6.272043335416706,9.323880057063088,5.041785679362137,l2_weight_intake_endpoint_preflight_not_validation,4.846666645559974,4.071658093781679,2.646281403924947,-0.4055553177214346,3.8765390599795158,False,False,True,False,False
NGC3198,train,K_thick_flared,K_scale_tail_spiral,SOURCE_INFORMATIVE_WEIGHT_CANDIDATE,43,10.312789080466361,7.680393768171026,7.704000492040528,11.179050056995646,l2_weight_intake_endpoint_preflight_not_validation,7.70248760120374,2.6103014792626213,2.632395312295335,2.608788588425833,-0.8662609765292846,False,False,False,True,False
NGC3521,train,K_thick_flared,K_compact_finite,SOURCE_INFORMATIVE_WEIGHT_CANDIDATE,41,12.946674099741248,7.247916089313718,7.110920589361769,6.814883835390855,l2_weight_intake_endpoint_preflight_not_validation,7.188983549334054,5.757690550407194,5.69875801042753,5.835753510379479,6.131790264350393,False,False,False,False,False
NGC3741,train,K_scale_tail_spiral,K_thick_flared,SOURCE_INFORMATIVE_WEIGHT_CANDIDATE,21,7.127288876389404,3.894370209914949,7.821498388140469,2.7212527031991094,l2_weight_intake_endpoint_preflight_not_validation,6.746964830455197,0.38032404593420654,3.232918666474455,-0.6942095117510654,4.406036173190294,False,False,True,False,False
NGC3769,train,K_thick_flared,K_scale_tail_spiral,SOURCE_INFORMATIVE_WEIGHT_CANDIDATE,12,10.619032226200655,10.512927499323025,11.2553126000523,15.980528592616563,l2_weight_intake_endpoint_preflight_not_validation,11.04470497402982,-0.4256727478291644,0.10610472687763028,-0.636280373851644,-5.361496366415908,True,False,True,True,False
NGC3877,train,K_thick_flared,K_exponential_disk,SOURCE_INFORMATIVE_WEIGHT_CANDIDATE,13,27.274963034267238,22.08734115885114,22.419419150236873,23.91875443404216,l2_weight_intake_endpoint_preflight_not_validation,22.830473494204675,4.444489540062563,5.187621875416099,4.855543884030364,3.3562086002250773,False,False,False,False,False
NGC3893,train,K_thick_flared,K_compact_finite,SOURCE_INFORMATIVE_WEIGHT_CANDIDATE,10,5.57534309257808,8.268422939237203,7.421761571780209,6.883534927974165,l2_weight_intake_endpoint_preflight_not_validation,7.48852535446499,-1.9131822618869103,-2.6930798466591233,-1.8464184792021294,-1.3081918353960855,True,True,True,True,False
NGC3917,train,K_exponential_disk,K_compact_finite,SOURCE_INFORMATIVE_WEIGHT_CANDIDATE,17,8.765777766638974,8.631088151285468,6.899654025227952,6.637702160319162,l2_weight_intake_endpoint_preflight_not_validation,7.304264252010544,1.4615135146284306,0.13468961535350665,1.8661237414110223,2.128075606319812,False,False,False,False,False
NGC3953,train,K_thick_flared,K_exponential_disk,SOURCE_INFORMATIVE_WEIGHT_CANDIDATE,8,11.933213714687202,10.55383538687841,10.449994650865388,10.343662263567392,l2_weight_intake_endpoint_preflight_not_validation,10.545371842408317,1.3878418722788854,1.3793783278087925,1.4832190638218137,1.58955145111981,False,False,False,False,False
NGC3992,train,K_thick_flared,K_scale_tail_spiral,SOURCE_INFORMATIVE_WEIGHT_CANDIDATE,9,21.92399499350226,23.63875115028724,21.62991458359259,18.53931925672739,l2_weight_intake_endpoint_preflight_not_validation,23.14477661233423,-1.2207816188319711,-1.7147561567849827,0.2940804099096681,3.38467573677487,True,True,False,False,False
NGC4010,train,K_exponential_disk,K_exponential_disk,SOURCE_INFORMATIVE_WEIGHT_CANDIDATE,12,10.392179605612311,9.44159669812727,10.799199499954586,11.798351296716529,l2_weight_intake_endpoint_preflight_not_validation,10.66525951940075,-0.27307991378843965,0.9505829074850407,-0.4070198943422749,-1.406171691104218,True,False,True,True,True
NGC4051,train,K_thick_flared,K_exponential_disk,SOURCE_INFORMATIVE_WEIGHT_CANDIDATE,7,31.132120126060247,22.321198124489968,23.162699244292835,25.364933901873997,l2_weight_intake_endpoint_preflight_not_validation,23.964328828067963,7.167791297992284,8.81092200157028,7.969420881767412,5.767186224186251,False,False,False,False,False
NGC4068,train,K_scale_tail_spiral,K_exponential_disk,SOURCE_INFORMATIVE_WEIGHT_CANDIDATE,6,9.774775793779272,14.042724437389454,9.789559083112076,11.389697947293712,l2_weight_intake_endpoint_preflight_not_validation,28.44857823126138,-18.67380243748211,-4.267948643610183,-0.014783289332804372,-1.6149221535144402,True,True,True,True,False
NGC4085,train,K_thick_flared,K_compact_finite,SOURCE_INFORMATIVE_WEIGHT_CANDIDATE,7,38.46957909704749,20.992615149075316,21.45520895763762,23.247876990413115,l2_weight_intake_endpoint_preflight_not_validation,23.667960763806153,14.80161833324134,17.476963947972177,17.014370139409873,15.221702106634378,False,False,False,False,False
NGC4100,train,K_thick_flared,K_exponential_disk,SOURCE_INFORMATIVE_WEIGHT_CANDIDATE,24,9.678878041794286,11.777571748634417,10.799906207475212,9.873831807311648,l2_weight_intake_endpoint_preflight_not_validation,11.144479695995818,-1.4656016542015315,-2.0986937068401303,-1.1210281656809258,-0.19495376551736143,True,True,True,True,False
NGC4138,train,K_compact_finite,K_compact_finite,SOURCE_INFORMATIVE_WEIGHT_CANDIDATE,7,12.054569256709662,19.734164564684434,9.51519890085038,10.185247994852606,l2_weight_intake_endpoint_preflight_not_validation,16.841374754574026,-4.786805497864364,-7.679595307974772,2.5393703558592815,1.8693212618570563,True,True,False,False,True
NGC4157,train,K_thick_flared,K_scale_tail_spiral,SOURCE_INFORMATIVE_WEIGHT_CANDIDATE,17,21.594993422966017,18.880739807305662,20.216389281228402,23.480615178680974,l2_weight_intake_endpoint_preflight_not_validation,20.35197378765351,1.243019635312507,2.714253615660354,1.3786041417376147,-1.8856217557149577,False,False,False,True,False
NGC4217,train,K_compact_finite,K_compact_finite,SOURCE_INFORMATIVE_WEIGHT_CANDIDATE,19,53.12396961541972,55.742715665520755,52.35219166022327,55.35556407681141,l2_weight_intake_endpoint_preflight_not_validation,54.83742573798538,-1.7134561225656597,-2.618746050101038,0.7717779551964483,-2.231594461391694,True,True,False,True,True
NGC4559,train,K_exponential_disk,K_compact_finite,SOURCE_INFORMATIVE_WEIGHT_CANDIDATE,32,21.408523713835457,11.77662416508168,15.385306161864646,18.985298676354127,l2_weight_intake_endpoint_preflight_not_validation,13.8470492803586,7.561474433476857,9.631899548753777,6.023217551970811,2.4232250374813304,False,False,False,False,False
NGC5005,train,K_compact_finite,K_compact_finite,SOURCE_INFORMATIVE_WEIGHT_CANDIDATE,18,14.231826478699654,21.343997411839407,12.481746631320759,13.97796581666026,l2_weight_intake_endpoint_preflight_not_validation,18.268955628077983,-4.037129149378329,-7.112170933139753,1.7500798473788954,0.2538606620393935,True,True,False,False,True
NGC5033,train,K_compact_finite,K_compact_finite,SOURCE_INFORMATIVE_WEIGHT_CANDIDATE,22,14.93120795827136,13.873279524642212,15.138788047327509,15.295974840608453,l2_weight_intake_endpoint_preflight_not_validation,14.099721953983174,0.8314860042881858,1.0579284336291472,-0.20758008905614922,-0.36476688233709353,False,False,True,True,True
NGC5055,train,K_thick_flared,K_scale_tail_spiral,SOURCE_INFORMATIVE_WEIGHT_CANDIDATE,28,24.725671090263692,22.108380900027967,23.304882018533657,29.486670612228213,l2_weight_intake_endpoint_preflight_not_validation,22.655356843363,2.0703142469006934,2.6172901902357246,1.4207890717300344,-4.760999521964521,False,False,False,True,False
NGC5371,train,K_thick_flared,K_scale_tail_spiral,SOURCE_INFORMATIVE_WEIGHT_CANDIDATE,19,42.309838277493164,40.216009532545556,41.66572118681593,44.87169677347413,l2_weight_intake_endpoint_preflight_not_validation,40.713946251187146,1.595892026306018,2.093828744947608,0.6441170906772342,-2.561858495980964,False,False,False,True,False
NGC5585,train,K_exponential_disk,K_compact_finite,SOURCE_INFORMATIVE_WEIGHT_CANDIDATE,24,33.076707918682025,7.261200623297494,7.910184029247681,8.365260361585127,l2_weight_intake_endpoint_preflight_not_validation,9.18810239668253,23.888605521999494,25.81550729538453,25.166523889434345,24.711447557096896,False,False,False,False,False
NGC6015,train,K_exponential_disk,K_compact_finite,SOURCE_INFORMATIVE_WEIGHT_CANDIDATE,44,12.303262315814825,15.74229513884599,13.450865436024902,10.82252972156713,l2_weight_intake_endpoint_preflight_not_validation,14.537487658133148,-2.2342253423183234,-3.439032823031164,-1.1476031202100767,1.4807325942476943,True,True,True,False,False
NGC6195,train,K_compact_finite,K_scale_tail_spiral,SOURCE_INFORMATIVE_WEIGHT_CANDIDATE,23,32.57217973829187,36.564874545827834,31.92603912642373,36.238986538686945,l2_weight_intake_endpoint_preflight_not_validation,35.38109223849429,-2.8089125002024176,-3.992694807535962,0.646140611868141,-3.6668068003950722,True,True,False,True,False
NGC6503,train,K_exponential_disk,K_compact_finite,SOURCE_INFORMATIVE_WEIGHT_CANDIDATE,31,4.818629778271447,12.325638251735061,7.537023161651215,4.239120184630891,l2_weight_intake_endpoint_preflight_not_validation,9.657401631189796,-4.838771852918349,-7.507008473463614,-2.7183933833797678,0.5795095936405561,True,True,True,False,False
NGC6674,train,K_compact_finite,K_scale_tail_spiral,SOURCE_INFORMATIVE_WEIGHT_CANDIDATE,15,30.352765171507052,29.261624241442536,30.84415865400613,25.376939093620358,l2_weight_intake_endpoint_preflight_not_validation,29.83496948811738,0.5177956833896715,1.0911409300645154,-0.49139348249907755,4.975826077886694,False,False,True,False,False
NGC7793,train,K_exponential_disk,K_compact_finite,SOURCE_INFORMATIVE_WEIGHT_CANDIDATE,46,47.30616276620403,5.760806077336799,5.722342289485416,6.0568332273601175,l2_weight_intake_endpoint_preflight_not_validation,9.688823191304492,37.61733957489954,41.54535668886723,41.583820476718614,41.24932953884392,False,False,False,False,False
NGC7814,train,K_compact_finite,K_compact_finite,SOURCE_INFORMATIVE_WEIGHT_CANDIDATE,18,18.43011897778805,15.356217521468395,22.076573970785304,20.006224427465735,l2_weight_intake_endpoint_preflight_not_validation,16.637254006446348,1.7928649713417038,3.073901456319657,-3.6464549929972527,-1.5761054496776836,False,False,True,True,True
PGC51017,train,K_scale_tail_spiral,K_thick_flared,SOURCE_INFORMATIVE_WEIGHT_CANDIDATE,6,19.399159560993834,22.624401309139223,18.392706990319713,21.58619332313812,l2_weight_intake_endpoint_preflight_not_validation,30.596608023362187,-11.197448462368353,-3.2252417481453897,1.0064525706741208,-2.187033762144285,True,True,False,True,False
UGC00128,train,K_scale_tail_spiral,K_scale_tail_spiral,SOURCE_INFORMATIVE_WEIGHT_CANDIDATE,22,14.604079788637831,12.85495106943448,13.983592876820651,11.714529979315056,l2_weight_intake_endpoint_preflight_not_validation,15.181615589651592,-0.5775358010137612,1.7491287192033518,0.6204869118171796,2.8895498093227747,True,False,False,False,True
UGC00191,train,K_scale_tail_spiral,K_exponential_disk,SOURCE_INFORMATIVE_WEIGHT_CANDIDATE,9,6.715513974915614,5.7232425165237695,7.100447637659804,7.3035411506648025,l2_weight_intake_endpoint_preflight_not_validation,10.72193832082838,-4.006424345912767,0.9922714583918442,-0.3849336627441904,-0.5880271757491888,True,False,True,True,False
UGC00634,train,K_scale_tail_spiral,K_exponential_disk,SOURCE_INFORMATIVE_WEIGHT_CANDIDATE,4,10.32560022897114,6.473523239737815,8.17927394861286,2.390542422509193,l2_weight_intake_endpoint_preflight_not_validation,6.441948915588504,3.8836513133826367,3.8520769892333258,2.1463262803582808,7.9350578064619475,False,False,False,False,False
UGC01230,train,K_scale_tail_spiral,K_scale_tail_spiral,SOURCE_INFORMATIVE_WEIGHT_CANDIDATE,11,15.633114294757826,15.269259084422602,15.668391396233122,19.787452508603863,l2_weight_intake_endpoint_preflight_not_validation,15.027055632837271,0.6060586619205548,0.36385521033522394,-0.03527710147529639,-4.154338213846037,False,False,True,True,True
UGC01281,train,K_exponential_disk,K_thick_flared,SOURCE_INFORMATIVE_WEIGHT_CANDIDATE,23,2.3746105407048357,4.989913178659305,2.873653918392883,2.590778492828074,l2_weight_intake_endpoint_preflight_not_validation,10.110125451496538,-7.735514910791702,-2.615302637954469,-0.4990433776880474,-0.21616795212323847,True,True,True,True,False
UGC02455,train,K_scale_tail_spiral,K_scale_tail_spiral,SOURCE_INFORMATIVE_WEIGHT_CANDIDATE,8,42.14294798709024,42.14294798709024,40.12562667208877,41.15186377794972,l2_weight_intake_endpoint_preflight_not_validation,48.25327927318855,-6.110331286098308,0.0,2.0173213150014675,0.9910842091405172,True,False,False,False,True
UGC02487,train,K_compact_finite,K_scale_tail_spiral,SOURCE_INFORMATIVE_WEIGHT_CANDIDATE,17,67.09807605165417,66.03842575329956,67.62411171265585,60.82824936276332,l2_weight_intake_endpoint_preflight_not_validation,66.47459071565764,0.6234853359965342,1.0596502983546117,-0.5260356610016714,6.269826688890852,False,False,True,False,False
UGC02885,train,K_compact_finite,K_scale_tail_spiral,SOURCE_INFORMATIVE_WEIGHT_CANDIDATE,19,17.998961370423423,17.310996533690737,18.30388329245319,15.131131571665343,l2_weight_intake_endpoint_preflight_not_validation,17.77976533511529,0.21919603530813347,0.6879648367326858,-0.30492192202976653,2.8678297987580805,False,False,True,False,False
UGC02916,train,K_compact_finite,K_scale_tail_spiral,SOURCE_INFORMATIVE_WEIGHT_CANDIDATE,43,27.8605932916766,31.135460068182244,27.319935272727097,30.310716706055015,l2_weight_intake_endpoint_preflight_not_validation,30.508774350916973,-2.648181059240372,-3.274866776505643,0.5406580189495038,-2.450123414378414,True,True,False,True,False
UGC02953,train,K_compact_finite,K_scale_tail_spiral,SOURCE_INFORMATIVE_WEIGHT_CANDIDATE,115,32.107548457097785,27.22347751113864,32.750190465366245,28.930833464990883,l2_weight_intake_endpoint_preflight_not_validation,27.832111312601175,4.27543714449661,4.884070945959145,-0.6426420082684601,3.176714992106902,False,False,True,False,False
UGC03205,train,K_compact_finite,K_scale_tail_spiral,SOURCE_INFORMATIVE_WEIGHT_CANDIDATE,48,22.347123927901933,19.265882690084666,23.038239432266117,20.01236999671605,l2_weight_intake_endpoint_preflight_not_validation,19.640250375165618,2.7068735527363152,3.0812412378172667,-0.6911155043641841,2.334753931185883,False,False,True,False,False
UGC03546,train,K_compact_finite,K_scale_tail_spiral,SOURCE_INFORMATIVE_WEIGHT_CANDIDATE,30,31.452096901649615,36.762765257786825,31.144679427119854,32.99335102825052,l2_weight_intake_endpoint_preflight_not_validation,35.84516933323901,-4.393072431589392,-5.31066835613721,0.3074174745297604,-1.5412541266009079,True,True,False,True,False
UGC04278,train,K_exponential_disk,K_scale_tail_spiral,SOURCE_INFORMATIVE_WEIGHT_CANDIDATE,25,9.55402604619157,12.870915321538439,10.395694298729477,7.617050061219652,l2_weight_intake_endpoint_preflight_not_validation,7.197443474598263,2.3565825715933073,-3.3168892753468686,-0.8416682525379073,1.9369759849719177,False,True,True,False,False
UGC04325,train,K_scale_tail_spiral,K_scale_tail_spiral,SOURCE_INFORMATIVE_WEIGHT_CANDIDATE,8,15.624506638510129,15.624506638510129,17.920667735433767,16.430046998854888,l2_weight_intake_endpoint_preflight_not_validation,11.952440401509978,3.6720662370001502,0.0,-2.2961610969236386,-0.8055403603447591,False,False,True,True,True
UGC04483,train,K_scale_tail_spiral,K_exponential_disk,SOURCE_INFORMATIVE_WEIGHT_CANDIDATE,8,4.733408191914488,10.054495276935254,3.798705980303068,5.284251656234046,l2_weight_intake_endpoint_preflight_not_validation,38.75984468580866,-34.026436493894174,-5.321087085020767,0.9347022116114196,-0.5508434643195583,True,True,False,True,False
UGC05005,train,K_scale_tail_spiral,K_scale_tail_spiral,SOURCE_INFORMATIVE_WEIGHT_CANDIDATE,11,9.07514620504101,10.39639267224357,8.667266606701743,15.3370678339474,l2_weight_intake_endpoint_preflight_not_validation,10.462477700861884,-1.3873314958208738,-1.3212464672025597,0.40787959833926735,-6.261921628906389,True,True,False,True,True
UGC05253,train,K_compact_finite,K_scale_tail_spiral,SOURCE_INFORMATIVE_WEIGHT_CANDIDATE,73,14.988985130439485,17.207837701966405,15.05917273003151,15.801028556046024,l2_weight_intake_endpoint_preflight_not_validation,16.775839156485596,-1.786854026046111,-2.21885257152692,-0.0701875995920247,-0.8120434256065394,True,True,True,True,False
UGC05721,train,K_scale_tail_spiral,K_thick_flared,SOURCE_INFORMATIVE_WEIGHT_CANDIDATE,23,17.72663055720147,15.677533845245193,18.899011901061648,16.681620310362256,l2_weight_intake_endpoint_preflight_not_validation,11.026292871454904,6.700337685746566,2.0490967119562775,-1.1723813438601773,1.0450102468392153,False,False,True,False,False
UGC05750,train,K_exponential_disk,K_scale_tail_spiral,SOURCE_INFORMATIVE_WEIGHT_CANDIDATE,11,10.33003231597631,7.20491638120323,9.302313712413989,15.43158945781573,l2_weight_intake_endpoint_preflight_not_validation,9.789178789288018,0.5408535266882915,3.1251159347730795,1.0277186035623203,-5.101557141839422,False,False,False,True,False
UGC05764,train,K_scale_tail_spiral,K_exponential_disk,SOURCE_INFORMATIVE_WEIGHT_CANDIDATE,10,11.238326378310045,6.982946574188482,10.69204900722308,8.472754908677588,l2_weight_intake_endpoint_preflight_not_validation,5.664291466221383,5.5740349120886625,4.255379804121564,0.5462773710869655,2.765571469632457,False,False,False,False,False
UGC05918,train,K_scale_tail_spiral,K_exponential_disk,SOURCE_INFORMATIVE_WEIGHT_CANDIDATE,8,4.5252313182342245,3.820573804610818,3.852091274673392,4.343347077626917,l2_weight_intake_endpoint_preflight_not_validation,10.63427404957309,-6.1090427313388656,0.7046575136234066,0.6731400435608323,0.18188424060730757,True,False,False,False,False
UGC05999,train,K_scale_tail_spiral,K_scale_tail_spiral,SOURCE_INFORMATIVE_WEIGHT_CANDIDATE,5,8.45718314820061,9.169425489037593,8.462273332104134,12.11108103755705,l2_weight_intake_endpoint_preflight_not_validation,9.084005016259905,-0.6268218680592952,-0.7122423408369833,-0.005090183903524448,-3.6538978893564398,True,True,True,True,True
UGC06399,train,K_scale_tail_spiral,K_exponential_disk,SOURCE_INFORMATIVE_WEIGHT_CANDIDATE,9,7.489313861855566,4.496852360136039,6.570667508689696,4.007206920083819,l2_weight_intake_endpoint_preflight_not_validation,2.4750370402273556,5.01427682162821,2.992461501719527,0.9186463531658697,3.4821069417717467,False,False,False,False,False
UGC06446,train,K_scale_tail_spiral,K_exponential_disk,SOURCE_INFORMATIVE_WEIGHT_CANDIDATE,17,12.633602606691033,9.608036252006082,11.600558614682592,9.277034813965724,l2_weight_intake_endpoint_preflight_not_validation,9.079819064953822,3.553783541737211,3.025566354684951,1.0330439920084409,3.3565677927253095,False,False,False,False,False
UGC06614,train,K_compact_finite,K_scale_tail_spiral,SOURCE_INFORMATIVE_WEIGHT_CANDIDATE,13,28.277379480959787,30.231883780361514,27.61230809264631,31.039843849947932,l2_weight_intake_endpoint_preflight_not_validation,29.849185448631907,-1.5718059676721197,-1.9545042994017265,0.6650713883134785,-2.7624643689881445,True,True,False,True,False
UGC06628,train,K_scale_tail_spiral,K_exponential_disk,SOURCE_INFORMATIVE_WEIGHT_CANDIDATE,7,29.86780789102599,32.76752603659018,30.52936844963153,33.51825732954061,l2_weight_intake_endpoint_preflight_not_validation,36.06905685163361,-6.2012489606076215,-2.8997181455641936,-0.6615605586055402,-3.6504494385146202,True,True,True,True,False
UGC06667,train,K_scale_tail_spiral,K_thick_flared,SOURCE_INFORMATIVE_WEIGHT_CANDIDATE,9,23.109849288290228,18.254026493374933,21.777818607382592,16.71485279097738,l2_weight_intake_endpoint_preflight_not_validation,16.827136946111604,6.282712342178623,4.855822794915294,1.3320306809076357,6.3949964973128495,False,False,False,False,False
UGC06786,train,K_compact_finite,K_scale_tail_spiral,SOURCE_INFORMATIVE_WEIGHT_CANDIDATE,45,32.45698073267055,22.485512324729054,33.56822624211261,29.84835494248942,l2_weight_intake_endpoint_preflight_not_validation,24.40409718312732,8.052883549543232,9.971468407941497,-1.1112455094420568,2.608625790181133,False,False,True,False,False
UGC06787,train,K_compact_finite,K_scale_tail_spiral,SOURCE_INFORMATIVE_WEIGHT_CANDIDATE,71,31.67306372483247,25.47360509382077,32.5137827820559,29.754940330408104,l2_weight_intake_endpoint_preflight_not_validation,26.699848341536725,4.973215383295745,6.1994586310117015,-0.8407190572234278,1.9181233944243665,False,False,True,False,False
UGC06923,train,K_scale_tail_spiral,K_scale_tail_spiral,SOURCE_INFORMATIVE_WEIGHT_CANDIDATE,6,9.756185765361533,9.756185765361533,8.148037483804755,9.174294672212552,l2_weight_intake_endpoint_preflight_not_validation,12.55054618318786,-2.7943604178263275,0.0,1.6081482815567778,0.5818910931489807,True,False,False,False,True
UGC06930,train,K_exponential_disk,K_exponential_disk,SOURCE_INFORMATIVE_WEIGHT_CANDIDATE,10,6.664696108754801,6.7704197733511,7.129942401878801,10.615359911067321,l2_weight_intake_endpoint_preflight_not_validation,6.765520634968726,-0.10082452621392513,-0.10572366459629912,-0.46524629312400023,-3.95066380231252,True,True,True,True,True
UGC06973,train,K_compact_finite,K_scale_tail_spiral,SOURCE_INFORMATIVE_WEIGHT_CANDIDATE,9,43.91092028101143,59.15991593534564,43.77487056159231,46.219420778795254,l2_weight_intake_endpoint_preflight_not_validation,55.1117717422058,-11.200851461194375,-15.248995654334209,0.1360497194191197,-2.3085004977838253,True,True,False,True,False
UGC07089,train,K_exponential_disk,K_exponential_disk,SOURCE_INFORMATIVE_WEIGHT_CANDIDATE,12,26.156211830861338,8.347194825643959,11.854626156035648,15.11002549298317,l2_weight_intake_endpoint_preflight_not_validation,12.191429117015414,13.964782713845924,17.809017005217378,14.30158567482569,11.046186337878169,False,False,False,False,True
UGC07125,train,K_scale_tail_spiral,K_scale_tail_spiral,SOURCE_INFORMATIVE_WEIGHT_CANDIDATE,13,21.704699496481194,25.49714427081561,23.50738158433897,30.744216898994726,l2_weight_intake_endpoint_preflight_not_validation,25.22297362397712,-3.518274127495925,-3.7924447743344167,-1.8026820878577752,-9.039517402513532,True,True,True,True,True
UGC07232,train,K_scale_tail_spiral,K_scale_tail_spiral,SOURCE_INFORMATIVE_WEIGHT_CANDIDATE,4,6.488737231787711,6.488737231787711,4.330516350390615,4.2010085891531075,l2_weight_intake_endpoint_preflight_not_validation,47.78971378174624,-41.30097654995853,0.0,2.158220881397096,2.2877286426346037,True,False,False,False,True
UGC07323,train,K_exponential_disk,K_scale_tail_spiral,SOURCE_INFORMATIVE_WEIGHT_CANDIDATE,10,10.14153546927387,5.738379289187959,7.870558254421247,9.408514005252675,l2_weight_intake_endpoint_preflight_not_validation,12.013977748686017,-1.8724422794121462,4.403156180085912,2.270977214852624,0.7330214640211956,True,False,False,False,False
UGC07399,train,K_exponential_disk,K_scale_tail_spiral,SOURCE_INFORMATIVE_WEIGHT_CANDIDATE,10,29.122311789828107,32.593702666180214,29.951109537180738,27.270722350345288,l2_weight_intake_endpoint_preflight_not_validation,26.10949524607151,3.012816543756596,-3.471390876352107,-0.8287977473526311,1.8515894394828187,False,True,True,False,False
UGC07524,train,K_scale_tail_spiral,K_scale_tail_spiral,SOURCE_INFORMATIVE_WEIGHT_CANDIDATE,31,5.192516114689862,5.631555109722481,5.168715146792566,7.393493259839208,l2_weight_intake_endpoint_preflight_not_validation,5.974871715226457,-0.7823556005365946,-0.439038995032619,0.023800967897296132,-2.200977145149346,True,True,False,True,True
UGC07559,train,K_scale_tail_spiral,K_exponential_disk,SOURCE_INFORMATIVE_WEIGHT_CANDIDATE,7,7.933735142360967,12.843255511283772,8.085663881075234,10.488763467566779,l2_weight_intake_endpoint_preflight_not_validation,25.62482616571594,-17.691091023354975,-4.909520368922805,-0.15192873871426738,-2.5550283252058117,True,True,True,True,False
UGC07608,train,K_scale_tail_spiral,K_exponential_disk,SOURCE_INFORMATIVE_WEIGHT_CANDIDATE,8,11.626123100465469,7.4459557613823,11.086952972273936,7.643350201540864,l2_weight_intake_endpoint_preflight_not_validation,3.267922648315179,8.358200452150289,4.180167339083169,0.5391701281915324,3.9827728989246047,False,False,False,False,False
UGC07690,train,K_scale_tail_spiral,K_exponential_disk,SOURCE_INFORMATIVE_WEIGHT_CANDIDATE,7,4.4363543911016174,6.725261998780935,4.60175903715822,6.229715228813062,l2_weight_intake_endpoint_preflight_not_validation,12.472465636317963,-8.036111245216347,-2.2889076076793176,-0.16540464605660254,-1.793360837711445,True,True,True,True,False
UGC07866,train,K_scale_tail_spiral,K_thick_flared,SOURCE_INFORMATIVE_WEIGHT_CANDIDATE,7,7.195023293297549,10.64394186732065,5.7383846888435865,8.109464129446401,l2_weight_intake_endpoint_preflight_not_validation,26.508345005175496,-19.313321711877947,-3.448918574023102,1.4566386044539623,-0.9144408361488523,True,True,False,True,False
UGC08286,train,K_exponential_disk,K_thick_flared,SOURCE_INFORMATIVE_WEIGHT_CANDIDATE,17,13.720139144114567,17.334386288712363,14.190503497341913,11.134978355570606,l2_weight_intake_endpoint_preflight_not_validation,12.65618631726025,1.063952826854317,-3.6142471445977957,-0.47036435322734604,2.585160788543961,False,True,True,False,False
UGC08490,train,K_scale_tail_spiral,K_thick_flared,SOURCE_INFORMATIVE_WEIGHT_CANDIDATE,30,12.38905897834557,10.242739593575449,12.750079284525583,8.782045083335015,l2_weight_intake_endpoint_preflight_not_validation,8.897489710173426,3.491569268172144,2.1463193847701216,-0.3610203061800128,3.607013895010555,False,False,True,False,False
UGC08550,train,K_scale_tail_spiral,K_thick_flared,SOURCE_INFORMATIVE_WEIGHT_CANDIDATE,11,5.516036130117249,3.021578182399214,6.06335307483473,3.445739243845035,l2_weight_intake_endpoint_preflight_not_validation,3.304841151409172,2.211194978708077,2.4944579477180353,-0.5473169447174806,2.070296886272214,False,False,True,False,False
UGC08837,train,K_scale_tail_spiral,K_exponential_disk,SOURCE_INFORMATIVE_WEIGHT_CANDIDATE,8,11.11024458157365,15.524572119525873,11.823039060545453,14.631810600470736,l2_weight_intake_endpoint_preflight_not_validation,23.577589415450294,-12.467344833876645,-4.414327537952223,-0.7127944789718033,-3.5215660188970865,True,True,True,True,False
UGC09037,train,K_exponential_disk,K_scale_tail_spiral,SOURCE_INFORMATIVE_WEIGHT_CANDIDATE,22,35.949333454542575,31.40417997527423,35.08096095482696,38.28976483562106,l2_weight_intake_endpoint_preflight_not_validation,32.739255123654445,3.2100783308881304,4.545153479268347,0.8683724997156119,-2.3404313810784814,False,False,False,True,False
UGC09133,train,K_compact_finite,K_scale_tail_spiral,SOURCE_INFORMATIVE_WEIGHT_CANDIDATE,68,17.508027314218538,17.666260136312292,17.439689160530865,21.296066784163067,l2_weight_intake_endpoint_preflight_not_validation,17.588485301122592,-0.08045798690405448,-0.15823282209375478,0.06833815368767304,-3.788039469944529,True,True,False,True,False
UGC09992,train,K_scale_tail_spiral,K_exponential_disk,SOURCE_INFORMATIVE_WEIGHT_CANDIDATE,5,11.978897972743242,15.979683756952904,12.419100947372682,15.349374013313273,l2_weight_intake_endpoint_preflight_not_validation,23.70601793926453,-11.727119966521288,-4.000785784209661,-0.4402029746294396,-3.370476040570031,True,True,True,True,False
UGC10310,train,K_scale_tail_spiral,K_exponential_disk,SOURCE_INFORMATIVE_WEIGHT_CANDIDATE,7,5.996785205851747,6.963612099942949,6.026738625872166,8.025462221912084,l2_weight_intake_endpoint_preflight_not_validation,8.403816949683652,-2.4070317438319044,-0.9668268940912021,-0.029953420020418342,-2.028677016060337,True,True,True,True,False
UGC11455,train,K_exponential_disk,K_scale_tail_spiral,SOURCE_INFORMATIVE_WEIGHT_CANDIDATE,36,14.533914128481841,13.679951585765375,14.4032869987777,16.72257736917739,l2_weight_intake_endpoint_preflight_not_validation,13.933073746020003,0.600840382461838,0.8539625427164665,0.13062712970414125,-2.188663240695549,False,False,False,True,False
UGC11557,train,K_exponential_disk,K_scale_tail_spiral,SOURCE_INFORMATIVE_WEIGHT_CANDIDATE,12,34.67928261004577,31.049551860169803,32.96981266846553,34.503675638220066,l2_weight_intake_endpoint_preflight_not_validation,34.879227174417686,-0.19994456437191843,3.6297307498759643,1.7094699415802381,0.17560697182570095,True,False,False,False,False
UGC11820,train,K_scale_tail_spiral,K_scale_tail_spiral,SOURCE_INFORMATIVE_WEIGHT_CANDIDATE,10,5.639225532039028,6.284989425516106,5.218621983502207,9.228226219817985,l2_weight_intake_endpoint_preflight_not_validation,6.845519530859118,-1.2062939988200903,-0.6457638934770786,0.42060354853682025,-3.5890006877789578,True,True,False,True,True
UGC12632,train,K_scale_tail_spiral,K_scale_tail_spiral,SOURCE_INFORMATIVE_WEIGHT_CANDIDATE,15,5.8500062267676,5.766415468238759,6.032106398984771,7.673706532829834,l2_weight_intake_endpoint_preflight_not_validation,6.044349382047266,-0.1943431552796664,0.08359075852884068,-0.18210017221717134,-1.8237003060622339,True,False,True,True,True
UGC12732,train,K_scale_tail_spiral,K_exponential_disk,SOURCE_INFORMATIVE_WEIGHT_CANDIDATE,16,9.14130504891053,6.263565949137006,7.718129754895397,6.818578331328152,l2_weight_intake_endpoint_preflight_not_validation,5.991600040073584,3.1497050088369463,2.8777390997735237,1.4231752940151328,2.322726717582378,False,False,False,False,False
UGCA281,train,K_scale_tail_spiral,K_thick_flared,SOURCE_INFORMATIVE_WEIGHT_CANDIDATE,7,4.114038111550263,7.687221881833537,1.9407170239409501,2.958109044402935,l2_weight_intake_endpoint_preflight_not_validation,39.90266274385879,-35.788624632308526,-3.573183770283274,2.173321087609313,1.1559290671473281,True,True,False,False,False
UGCA442,train,K_scale_tail_spiral,K_thick_flared,SOURCE_INFORMATIVE_WEIGHT_CANDIDATE,8,4.967912018687803,4.318569912820944,5.207292467615204,3.4784865920272874,l2_weight_intake_endpoint_preflight_not_validation,6.1584234618891935,-1.1905114432013901,0.6493421058668591,-0.23938044892740074,1.489425426660516,True,False,True,False,False
