scenario,radial_index,radius_lo_arcsec,radius_hi_arcsec,baseline_q_shape_proxy,q_mean,q_std,q_p025,q_p16,q_median,q_p84,q_p975,positive_probability,baseline_sign_probability,conditional_sign_stable_95,v03_systematic_equal_weight_std,measurement_to_v03_systematic_std_ratio,mean_star_clipped_fraction,mean_h2_clipped_fraction,mean_hi_clipped_fraction,n_draws
co_independent_only,0,5,15,-0.06029140892,-0.06019419534,0.002217610631,-0.06422112806,-0.06237488131,-0.06032020395,-0.05777573677,-0.05572232389,0,1,True,0.03442097744,0.06442613766,0,0.002894671315,0,256
co_independent_only,1,15,25,-0.03613661107,-0.035587458,0.002800914762,-0.04197227549,-0.03849005116,-0.03565707421,-0.0327822918,-0.03003165808,0,1,True,0.03137915301,0.08926036855,0,0.002894671315,0,256
co_independent_only,2,25,35,0.03472632034,0.03398202037,0.004322109137,0.02566806061,0.02980823115,0.03402686314,0.03818522144,0.0416544387,1,1,True,0.03218840634,0.1342753379,0,0.002894671315,0,256
co_independent_only,3,35,45,0.0246084571,0.02474754984,0.004378276571,0.01733203569,0.02008010747,0.02431108562,0.02899786632,0.03297241054,1,1,True,0.02379352876,0.1840112333,0,0.002894671315,0,256
co_independent_only,4,45,55,-0.03995552359,-0.04086245883,0.004271451396,-0.04869489596,-0.04504612591,-0.04129377767,-0.03665419915,-0.03207320943,0,1,True,0.02408441543,0.1773533349,0,0.002894671315,0,256
co_independent_only,5,55,65,-0.09911625705,-0.1001931977,0.006047606118,-0.1118401292,-0.1064307025,-0.09944571384,-0.09382263848,-0.08878965701,0,1,True,0.02866274089,0.2109918986,0,0.002894671315,0,256
star_co_plus_hi_ctl01,0,5,15,-0.06029140892,-0.05960926723,0.002729525921,-0.0641510732,-0.06250215918,-0.05968138537,-0.05699102599,-0.05377570018,0,1,True,0.03442097744,0.0792983269,0.006914307057,0.002894671315,0,256
star_co_plus_hi_ctl01,1,15,25,-0.03613661107,-0.0351166002,0.004783142369,-0.04487298316,-0.03956106186,-0.03486089313,-0.03059447553,-0.02624538239,0,1,True,0.03137915301,0.152430576,0.006914307057,0.002894671315,0,256
star_co_plus_hi_ctl01,2,25,35,0.03472632034,0.03330373854,0.004419870338,0.02453819855,0.0291309952,0.0334436313,0.03775858797,0.04156805503,1,1,True,0.03218840634,0.1373124936,0.006914307057,0.002894671315,0,256
star_co_plus_hi_ctl01,3,35,45,0.0246084571,0.02699837673,0.01258943943,0.004648336374,0.01619157422,0.02681529944,0.03922706433,0.05129371946,0.98046875,0.98046875,True,0.02379352876,0.5291119094,0.006914307057,0.002894671315,0,256
star_co_plus_hi_ctl01,4,45,55,-0.03995552359,-0.0418542261,0.06153899138,-0.13465162,-0.09188230093,-0.05182732036,0.007551615823,0.142598733,0.1796875,0.8203125,False,0.02408441543,2.555137432,0.006914307057,0.002894671315,0,256
star_co_plus_hi_ctl01,5,55,65,-0.09911625705,-0.08471748221,0.08461515949,-0.2179325691,-0.1605411021,-0.09556496927,-0.003309877036,0.0911577099,0.1484375,0.8515625,False,0.02866274089,2.952095888,0.006914307057,0.002894671315,0,256
star_co_plus_hi_ctl10,0,5,15,-0.06029140892,-0.059562063,0.002882911974,-0.06464615521,-0.06245338725,-0.0596704547,-0.05692411964,-0.05352829145,0,1,True,0.03442097744,0.08375450638,0.006914307057,0.002894671315,0,256
star_co_plus_hi_ctl10,1,15,25,-0.03613661107,-0.03504071095,0.004877916671,-0.04500408098,-0.03934073546,-0.03499885523,-0.03050577993,-0.02580164096,0,1,True,0.03137915301,0.1554508711,0.006914307057,0.002894671315,0,256
star_co_plus_hi_ctl10,2,25,35,0.03472632034,0.03325383494,0.004758400833,0.02377998149,0.0284060674,0.0333764534,0.03818149256,0.04212092863,1,1,True,0.03218840634,0.1478296497,0.006914307057,0.002894671315,0,256
star_co_plus_hi_ctl10,3,35,45,0.0246084571,0.02715847646,0.01271115363,0.005195424486,0.01629040184,0.0267147234,0.03932313641,0.05206077653,0.98046875,0.98046875,True,0.02379352876,0.534227342,0.006914307057,0.002894671315,0,256
star_co_plus_hi_ctl10,4,45,55,-0.03995552359,-0.04185407518,0.06147072761,-0.1324750945,-0.09230915784,-0.05191786835,0.008736253831,0.143483064,0.1875,0.8125,False,0.02408441543,2.552303077,0.006914307057,0.002894671315,0,256
star_co_plus_hi_ctl10,5,55,65,-0.09911625705,-0.08461293451,0.08458924289,-0.2145926465,-0.1635783088,-0.09593220309,-0.003231942193,0.08919665866,0.15234375,0.84765625,False,0.02866274089,2.951191696,0.006914307057,0.002894671315,0,256
star_co_plus_hi_ctl49,0,5,15,-0.06029140892,-0.05948167159,0.003415768499,-0.06598360776,-0.0628371597,-0.05949223765,-0.05638753587,-0.05265711448,0,1,True,0.03442097744,0.09923508143,0.006914307057,0.002894671315,0,256
star_co_plus_hi_ctl49,1,15,25,-0.03613661107,-0.03484356332,0.005388802018,-0.04616274966,-0.03914276702,-0.03515320585,-0.02982171608,-0.02545479021,0,1,True,0.03137915301,0.1717319144,0.006914307057,0.002894671315,0,256
star_co_plus_hi_ctl49,2,25,35,0.03472632034,0.03312158512,0.006055180136,0.02212922781,0.02718304302,0.03260532929,0.03987683818,0.04490879611,1,1,True,0.03218840634,0.1881168043,0.006914307057,0.002894671315,0,256
star_co_plus_hi_ctl49,3,35,45,0.0246084571,0.02744013791,0.01344018526,0.002091609842,0.01575704447,0.02627055955,0.04068237409,0.05344460661,0.98046875,0.98046875,True,0.02379352876,0.5648672543,0.006914307057,0.002894671315,0,256
star_co_plus_hi_ctl49,4,45,55,-0.03995552359,-0.04203981475,0.06142958748,-0.132209842,-0.09268183567,-0.05351351363,0.006613985707,0.1428027293,0.1875,0.8125,False,0.02408441543,2.550594913,0.006914307057,0.002894671315,0,256
star_co_plus_hi_ctl49,5,55,65,-0.09911625705,-0.08451187869,0.08476661735,-0.2155175174,-0.164586315,-0.09512029672,-0.005160170251,0.0878689656,0.15234375,0.84765625,False,0.02866274089,2.957380025,0.006914307057,0.002894671315,0,256
star_only,0,5,15,-0.06029140892,-0.05970542572,0.001576674469,-0.06113684111,-0.06103737723,-0.06022145347,-0.05843766071,-0.05583208238,0,1,True,0.03442097744,0.04580562746,0.006914307057,0,0,256
star_only,1,15,25,-0.03613661107,-0.03570983882,0.004342620596,-0.04314964414,-0.04013174235,-0.03573976445,-0.03188272536,-0.02799528869,0,1,True,0.03137915301,0.1383918997,0.006914307057,0,0,256
star_only,2,25,35,0.03472632034,0.03401149091,0.001249417195,0.03098398151,0.03350596265,0.03447502304,0.03469398294,0.03472401374,1,1,True,0.03218840634,0.03881575192,0.006914307057,0,0,256
star_only,3,35,45,0.0246084571,0.02661865347,0.01151449653,0.004571587987,0.01699356964,0.0263276987,0.03848021613,0.04769402681,0.98046875,0.98046875,True,0.02379352876,0.4839339575,0.006914307057,0,0,256
star_only,4,45,55,-0.03995552359,-0.04103984619,0.06154591348,-0.1321091756,-0.09194853442,-0.05045981451,0.005818277585,0.1473264615,0.1796875,0.8203125,False,0.02408441543,2.555424841,0.006914307057,0,0,256
star_only,5,55,65,-0.09911625705,-0.08376331729,0.08501257205,-0.2144629854,-0.1609240769,-0.09481644616,-0.00309465226,0.09162022849,0.1484375,0.8515625,False,0.02866274089,2.965961015,0.006914307057,0,0,256
star_plus_co_correlated_control,0,5,15,-0.06029140892,-0.05965000305,0.0029562584,-0.06508165094,-0.0627041716,-0.05969096976,-0.05667921361,-0.05388590649,0,1,True,0.03442097744,0.08588537048,0.006914307057,0.03162350598,0,256
star_plus_co_correlated_control,1,15,25,-0.03613661107,-0.03529850098,0.005078802948,-0.04509643312,-0.03997397732,-0.03566645468,-0.03058533733,-0.02568434139,0,1,True,0.03137915301,0.1618527736,0.006914307057,0.03162350598,0,256
star_plus_co_correlated_control,2,25,35,0.03472632034,0.03355996686,0.004925091079,0.02402967156,0.02863332397,0.03358964808,0.03871591672,0.04279726535,1,1,True,0.03218840634,0.15300823,0.006914307057,0.03162350598,0,256
star_plus_co_correlated_control,3,35,45,0.0246084571,0.02652688629,0.01201441101,0.001210088378,0.01690232103,0.02643436929,0.03888189969,0.04746750394,0.98046875,0.98046875,True,0.02379352876,0.5049444804,0.006914307057,0.03162350598,0,256
star_plus_co_correlated_control,4,45,55,-0.03995552359,-0.04129967942,0.06209199575,-0.1350405598,-0.09382943695,-0.05055318972,0.005139801666,0.149545894,0.171875,0.828125,False,0.02408441543,2.578098519,0.006914307057,0.03162350598,0,256
star_plus_co_correlated_control,5,55,65,-0.09911625705,-0.0847590958,0.08582168393,-0.2223506078,-0.1646756014,-0.09415465853,-0.005061979937,0.08901733389,0.1484375,0.8515625,False,0.02866274089,2.994189714,0.006914307057,0.03162350598,0,256
star_plus_co_independent,0,5,15,-0.06029140892,-0.05962686761,0.002708875157,-0.06412983116,-0.06235900662,-0.05975096471,-0.05703587264,-0.05380380812,0,1,True,0.03442097744,0.07869837985,0.006914307057,0.002894671315,0,256
star_plus_co_independent,1,15,25,-0.03613661107,-0.03513166446,0.004787775301,-0.04481619436,-0.03962175756,-0.03486834543,-0.03082002248,-0.02631432503,0,1,True,0.03137915301,0.1525782197,0.006914307057,0.002894671315,0,256
star_plus_co_independent,2,25,35,0.03472632034,0.03330907366,0.004394678018,0.02476111893,0.0292597567,0.03361261881,0.03746120711,0.04147080392,1,1,True,0.03218840634,0.1365298416,0.006914307057,0.002894671315,0,256
star_plus_co_independent,3,35,45,0.0246084571,0.026946804,0.0126049405,0.004609706929,0.01582952105,0.02697564853,0.03920712371,0.05107930736,0.98046875,0.98046875,True,0.02379352876,0.5297633918,0.006914307057,0.002894671315,0,256
star_plus_co_independent,4,45,55,-0.03995552359,-0.04186620839,0.061588628,-0.1354805134,-0.09171554931,-0.05158915164,0.007555572384,0.1422702269,0.1796875,0.8203125,False,0.02408441543,2.557198375,0.006914307057,0.002894671315,0,256
star_plus_co_independent,5,55,65,-0.09911625705,-0.08476030629,0.08465726732,-0.2190288564,-0.1596491648,-0.09619530898,-0.003794512056,0.09131752554,0.14453125,0.85546875,False,0.02866274089,2.953564966,0.006914307057,0.002894671315,0,256
