galaxy,normalized_sparc_name,sparc_distance_mpc,s4g_name_3p6,asymmetry_3p6,asymmetry_error_3p6,s4g_name_4p5,asymmetry_4p5,asymmetry_error_4p5,match_status,source_catalog,source_paper,source_url,residual_blind,velocity_endpoint_used,claim_boundary
CamB,CAMB,3.36,,,,,,,INCOMPLETE_OR_NO_MATCH,J/ApJ/781/12/galaxies,Holwerda_et_al_2014_ApJ_781_12,https://cdsarc.cds.unistra.fr/viz-bin/cat/J/ApJ/781/12,True,False,source_only_stellar_asymmetry_crossmatch_not_endpoint
D512-2,D5122,15.2,,,,,,,INCOMPLETE_OR_NO_MATCH,J/ApJ/781/12/galaxies,Holwerda_et_al_2014_ApJ_781_12,https://cdsarc.cds.unistra.fr/viz-bin/cat/J/ApJ/781/12,True,False,source_only_stellar_asymmetry_crossmatch_not_endpoint
D564-8,D5648,8.79,,,,,,,INCOMPLETE_OR_NO_MATCH,J/ApJ/781/12/galaxies,Holwerda_et_al_2014_ApJ_781_12,https://cdsarc.cds.unistra.fr/viz-bin/cat/J/ApJ/781/12,True,False,source_only_stellar_asymmetry_crossmatch_not_endpoint
D631-7,D6317,7.72,,,,,,,INCOMPLETE_OR_NO_MATCH,J/ApJ/781/12/galaxies,Holwerda_et_al_2014_ApJ_781_12,https://cdsarc.cds.unistra.fr/viz-bin/cat/J/ApJ/781/12,True,False,source_only_stellar_asymmetry_crossmatch_not_endpoint
DDO064,DDO64,6.8,,,,,,,INCOMPLETE_OR_NO_MATCH,J/ApJ/781/12/galaxies,Holwerda_et_al_2014_ApJ_781_12,https://cdsarc.cds.unistra.fr/viz-bin/cat/J/ApJ/781/12,True,False,source_only_stellar_asymmetry_crossmatch_not_endpoint
DDO154,DDO154,4.04,,,,,,,INCOMPLETE_OR_NO_MATCH,J/ApJ/781/12/galaxies,Holwerda_et_al_2014_ApJ_781_12,https://cdsarc.cds.unistra.fr/viz-bin/cat/J/ApJ/781/12,True,False,source_only_stellar_asymmetry_crossmatch_not_endpoint
DDO161,DDO161,7.5,,,,,,,INCOMPLETE_OR_NO_MATCH,J/ApJ/781/12/galaxies,Holwerda_et_al_2014_ApJ_781_12,https://cdsarc.cds.unistra.fr/viz-bin/cat/J/ApJ/781/12,True,False,source_only_stellar_asymmetry_crossmatch_not_endpoint
DDO168,DDO168,4.25,,,,,,,INCOMPLETE_OR_NO_MATCH,J/ApJ/781/12/galaxies,Holwerda_et_al_2014_ApJ_781_12,https://cdsarc.cds.unistra.fr/viz-bin/cat/J/ApJ/781/12,True,False,source_only_stellar_asymmetry_crossmatch_not_endpoint
DDO170,DDO170,15.4,,,,,,,INCOMPLETE_OR_NO_MATCH,J/ApJ/781/12/galaxies,Holwerda_et_al_2014_ApJ_781_12,https://cdsarc.cds.unistra.fr/viz-bin/cat/J/ApJ/781/12,True,False,source_only_stellar_asymmetry_crossmatch_not_endpoint
ESO079-G014,ESO79G14,28.7,,,,,,,INCOMPLETE_OR_NO_MATCH,J/ApJ/781/12/galaxies,Holwerda_et_al_2014_ApJ_781_12,https://cdsarc.cds.unistra.fr/viz-bin/cat/J/ApJ/781/12,True,False,source_only_stellar_asymmetry_crossmatch_not_endpoint
ESO116-G012,ESO116G12,13.0,,,,,,,INCOMPLETE_OR_NO_MATCH,J/ApJ/781/12/galaxies,Holwerda_et_al_2014_ApJ_781_12,https://cdsarc.cds.unistra.fr/viz-bin/cat/J/ApJ/781/12,True,False,source_only_stellar_asymmetry_crossmatch_not_endpoint
ESO444-G084,ESO444G84,4.83,,,,,,,INCOMPLETE_OR_NO_MATCH,J/ApJ/781/12/galaxies,Holwerda_et_al_2014_ApJ_781_12,https://cdsarc.cds.unistra.fr/viz-bin/cat/J/ApJ/781/12,True,False,source_only_stellar_asymmetry_crossmatch_not_endpoint
ESO563-G021,ESO563G21,60.8,,,,,,,INCOMPLETE_OR_NO_MATCH,J/ApJ/781/12/galaxies,Holwerda_et_al_2014_ApJ_781_12,https://cdsarc.cds.unistra.fr/viz-bin/cat/J/ApJ/781/12,True,False,source_only_stellar_asymmetry_crossmatch_not_endpoint
F561-1,F5611,66.4,,,,,,,INCOMPLETE_OR_NO_MATCH,J/ApJ/781/12/galaxies,Holwerda_et_al_2014_ApJ_781_12,https://cdsarc.cds.unistra.fr/viz-bin/cat/J/ApJ/781/12,True,False,source_only_stellar_asymmetry_crossmatch_not_endpoint
F563-1,F5631,48.9,,,,,,,INCOMPLETE_OR_NO_MATCH,J/ApJ/781/12/galaxies,Holwerda_et_al_2014_ApJ_781_12,https://cdsarc.cds.unistra.fr/viz-bin/cat/J/ApJ/781/12,True,False,source_only_stellar_asymmetry_crossmatch_not_endpoint
F563-V1,F563V1,54.0,,,,,,,INCOMPLETE_OR_NO_MATCH,J/ApJ/781/12/galaxies,Holwerda_et_al_2014_ApJ_781_12,https://cdsarc.cds.unistra.fr/viz-bin/cat/J/ApJ/781/12,True,False,source_only_stellar_asymmetry_crossmatch_not_endpoint
F563-V2,F563V2,59.7,,,,,,,INCOMPLETE_OR_NO_MATCH,J/ApJ/781/12/galaxies,Holwerda_et_al_2014_ApJ_781_12,https://cdsarc.cds.unistra.fr/viz-bin/cat/J/ApJ/781/12,True,False,source_only_stellar_asymmetry_crossmatch_not_endpoint
F565-V2,F565V2,51.8,,,,,,,INCOMPLETE_OR_NO_MATCH,J/ApJ/781/12/galaxies,Holwerda_et_al_2014_ApJ_781_12,https://cdsarc.cds.unistra.fr/viz-bin/cat/J/ApJ/781/12,True,False,source_only_stellar_asymmetry_crossmatch_not_endpoint
F567-2,F5672,79.0,,,,,,,INCOMPLETE_OR_NO_MATCH,J/ApJ/781/12/galaxies,Holwerda_et_al_2014_ApJ_781_12,https://cdsarc.cds.unistra.fr/viz-bin/cat/J/ApJ/781/12,True,False,source_only_stellar_asymmetry_crossmatch_not_endpoint
F568-1,F5681,90.7,,,,,,,INCOMPLETE_OR_NO_MATCH,J/ApJ/781/12/galaxies,Holwerda_et_al_2014_ApJ_781_12,https://cdsarc.cds.unistra.fr/viz-bin/cat/J/ApJ/781/12,True,False,source_only_stellar_asymmetry_crossmatch_not_endpoint
F568-3,F5683,82.4,,,,,,,INCOMPLETE_OR_NO_MATCH,J/ApJ/781/12/galaxies,Holwerda_et_al_2014_ApJ_781_12,https://cdsarc.cds.unistra.fr/viz-bin/cat/J/ApJ/781/12,True,False,source_only_stellar_asymmetry_crossmatch_not_endpoint
F568-V1,F568V1,80.6,,,,,,,INCOMPLETE_OR_NO_MATCH,J/ApJ/781/12/galaxies,Holwerda_et_al_2014_ApJ_781_12,https://cdsarc.cds.unistra.fr/viz-bin/cat/J/ApJ/781/12,True,False,source_only_stellar_asymmetry_crossmatch_not_endpoint
F571-8,F5718,53.3,,,,,,,INCOMPLETE_OR_NO_MATCH,J/ApJ/781/12/galaxies,Holwerda_et_al_2014_ApJ_781_12,https://cdsarc.cds.unistra.fr/viz-bin/cat/J/ApJ/781/12,True,False,source_only_stellar_asymmetry_crossmatch_not_endpoint
F571-V1,F571V1,80.1,,,,,,,INCOMPLETE_OR_NO_MATCH,J/ApJ/781/12/galaxies,Holwerda_et_al_2014_ApJ_781_12,https://cdsarc.cds.unistra.fr/viz-bin/cat/J/ApJ/781/12,True,False,source_only_stellar_asymmetry_crossmatch_not_endpoint
F574-1,F5741,96.8,,,,,,,INCOMPLETE_OR_NO_MATCH,J/ApJ/781/12/galaxies,Holwerda_et_al_2014_ApJ_781_12,https://cdsarc.cds.unistra.fr/viz-bin/cat/J/ApJ/781/12,True,False,source_only_stellar_asymmetry_crossmatch_not_endpoint
F574-2,F5742,89.1,,,,,,,INCOMPLETE_OR_NO_MATCH,J/ApJ/781/12/galaxies,Holwerda_et_al_2014_ApJ_781_12,https://cdsarc.cds.unistra.fr/viz-bin/cat/J/ApJ/781/12,True,False,source_only_stellar_asymmetry_crossmatch_not_endpoint
F579-V1,F579V1,89.5,,,,,,,INCOMPLETE_OR_NO_MATCH,J/ApJ/781/12/galaxies,Holwerda_et_al_2014_ApJ_781_12,https://cdsarc.cds.unistra.fr/viz-bin/cat/J/ApJ/781/12,True,False,source_only_stellar_asymmetry_crossmatch_not_endpoint
F583-1,F5831,35.4,,,,,,,INCOMPLETE_OR_NO_MATCH,J/ApJ/781/12/galaxies,Holwerda_et_al_2014_ApJ_781_12,https://cdsarc.cds.unistra.fr/viz-bin/cat/J/ApJ/781/12,True,False,source_only_stellar_asymmetry_crossmatch_not_endpoint
F583-4,F5834,53.3,,,,,,,INCOMPLETE_OR_NO_MATCH,J/ApJ/781/12/galaxies,Holwerda_et_al_2014_ApJ_781_12,https://cdsarc.cds.unistra.fr/viz-bin/cat/J/ApJ/781/12,True,False,source_only_stellar_asymmetry_crossmatch_not_endpoint
IC2574,IC2574,3.91,IC2574,0.49000000953674316,0.009999999776482582,IC2574,0.5699999928474426,0.009999999776482582,UNIQUE_TWO_CHANNEL_NAME_MATCH,J/ApJ/781/12/galaxies,Holwerda_et_al_2014_ApJ_781_12,https://cdsarc.cds.unistra.fr/viz-bin/cat/J/ApJ/781/12,True,False,source_only_stellar_asymmetry_crossmatch_not_endpoint
IC4202,IC4202,100.4,,,,,,,INCOMPLETE_OR_NO_MATCH,J/ApJ/781/12/galaxies,Holwerda_et_al_2014_ApJ_781_12,https://cdsarc.cds.unistra.fr/viz-bin/cat/J/ApJ/781/12,True,False,source_only_stellar_asymmetry_crossmatch_not_endpoint
KK98-251,KK98251,6.8,,,,,,,INCOMPLETE_OR_NO_MATCH,J/ApJ/781/12/galaxies,Holwerda_et_al_2014_ApJ_781_12,https://cdsarc.cds.unistra.fr/viz-bin/cat/J/ApJ/781/12,True,False,source_only_stellar_asymmetry_crossmatch_not_endpoint
NGC0024,NGC24,7.3,NGC0024,0.2199999988079071,0.009999999776482582,NGC0024,0.3700000047683716,0.0,UNIQUE_TWO_CHANNEL_NAME_MATCH,J/ApJ/781/12/galaxies,Holwerda_et_al_2014_ApJ_781_12,https://cdsarc.cds.unistra.fr/viz-bin/cat/J/ApJ/781/12,True,False,source_only_stellar_asymmetry_crossmatch_not_endpoint
NGC0055,NGC55,2.11,NGC0055,0.9700000286102295,0.009999999776482582,NGC0055,1.0,0.0,UNIQUE_TWO_CHANNEL_NAME_MATCH,J/ApJ/781/12/galaxies,Holwerda_et_al_2014_ApJ_781_12,https://cdsarc.cds.unistra.fr/viz-bin/cat/J/ApJ/781/12,True,False,source_only_stellar_asymmetry_crossmatch_not_endpoint
NGC0100,NGC100,13.5,NGC0100,0.30000001192092896,0.009999999776482582,NGC0100,0.2800000011920929,0.009999999776482582,UNIQUE_TWO_CHANNEL_NAME_MATCH,J/ApJ/781/12/galaxies,Holwerda_et_al_2014_ApJ_781_12,https://cdsarc.cds.unistra.fr/viz-bin/cat/J/ApJ/781/12,True,False,source_only_stellar_asymmetry_crossmatch_not_endpoint
NGC0247,NGC247,3.7,NGC0247,0.49000000953674316,0.009999999776482582,NGC0247,0.23000000417232513,0.0,UNIQUE_TWO_CHANNEL_NAME_MATCH,J/ApJ/781/12/galaxies,Holwerda_et_al_2014_ApJ_781_12,https://cdsarc.cds.unistra.fr/viz-bin/cat/J/ApJ/781/12,True,False,source_only_stellar_asymmetry_crossmatch_not_endpoint
NGC0289,NGC289,20.8,NGC0289,0.23999999463558197,0.05000000074505806,NGC0289,0.15000000596046448,0.019999999552965164,UNIQUE_TWO_CHANNEL_NAME_MATCH,J/ApJ/781/12/galaxies,Holwerda_et_al_2014_ApJ_781_12,https://cdsarc.cds.unistra.fr/viz-bin/cat/J/ApJ/781/12,True,False,source_only_stellar_asymmetry_crossmatch_not_endpoint
NGC0300,NGC300,2.08,NGC0300,0.6100000143051147,0.009999999776482582,NGC0300,0.25999999046325684,0.0,UNIQUE_TWO_CHANNEL_NAME_MATCH,J/ApJ/781/12/galaxies,Holwerda_et_al_2014_ApJ_781_12,https://cdsarc.cds.unistra.fr/viz-bin/cat/J/ApJ/781/12,True,False,source_only_stellar_asymmetry_crossmatch_not_endpoint
NGC0801,NGC801,80.7,,,,,,,INCOMPLETE_OR_NO_MATCH,J/ApJ/781/12/galaxies,Holwerda_et_al_2014_ApJ_781_12,https://cdsarc.cds.unistra.fr/viz-bin/cat/J/ApJ/781/12,True,False,source_only_stellar_asymmetry_crossmatch_not_endpoint
NGC0891,NGC891,9.91,,,,,,,INCOMPLETE_OR_NO_MATCH,J/ApJ/781/12/galaxies,Holwerda_et_al_2014_ApJ_781_12,https://cdsarc.cds.unistra.fr/viz-bin/cat/J/ApJ/781/12,True,False,source_only_stellar_asymmetry_crossmatch_not_endpoint
NGC1003,NGC1003,11.4,,,,,,,INCOMPLETE_OR_NO_MATCH,J/ApJ/781/12/galaxies,Holwerda_et_al_2014_ApJ_781_12,https://cdsarc.cds.unistra.fr/viz-bin/cat/J/ApJ/781/12,True,False,source_only_stellar_asymmetry_crossmatch_not_endpoint
NGC1090,NGC1090,37.0,NGC1090,0.5400000214576721,0.009999999776482582,NGC1090,0.6200000047683716,0.009999999776482582,UNIQUE_TWO_CHANNEL_NAME_MATCH,J/ApJ/781/12/galaxies,Holwerda_et_al_2014_ApJ_781_12,https://cdsarc.cds.unistra.fr/viz-bin/cat/J/ApJ/781/12,True,False,source_only_stellar_asymmetry_crossmatch_not_endpoint
NGC1705,NGC1705,5.73,NGC1705,0.44999998807907104,0.03999999910593033,NGC1705,0.25999999046325684,0.019999999552965164,UNIQUE_TWO_CHANNEL_NAME_MATCH,J/ApJ/781/12/galaxies,Holwerda_et_al_2014_ApJ_781_12,https://cdsarc.cds.unistra.fr/viz-bin/cat/J/ApJ/781/12,True,False,source_only_stellar_asymmetry_crossmatch_not_endpoint
NGC2366,NGC2366,3.27,,,,,,,INCOMPLETE_OR_NO_MATCH,J/ApJ/781/12/galaxies,Holwerda_et_al_2014_ApJ_781_12,https://cdsarc.cds.unistra.fr/viz-bin/cat/J/ApJ/781/12,True,False,source_only_stellar_asymmetry_crossmatch_not_endpoint
NGC2403,NGC2403,3.16,,,,,,,INCOMPLETE_OR_NO_MATCH,J/ApJ/781/12/galaxies,Holwerda_et_al_2014_ApJ_781_12,https://cdsarc.cds.unistra.fr/viz-bin/cat/J/ApJ/781/12,True,False,source_only_stellar_asymmetry_crossmatch_not_endpoint
NGC2683,NGC2683,9.81,NGC2683,0.46000000834465027,0.009999999776482582,NGC2683,0.6899999976158142,0.009999999776482582,UNIQUE_TWO_CHANNEL_NAME_MATCH,J/ApJ/781/12/galaxies,Holwerda_et_al_2014_ApJ_781_12,https://cdsarc.cds.unistra.fr/viz-bin/cat/J/ApJ/781/12,True,False,source_only_stellar_asymmetry_crossmatch_not_endpoint
NGC2841,NGC2841,14.1,NGC2841,0.9200000166893005,0.0,NGC2841,0.5400000214576721,0.009999999776482582,UNIQUE_TWO_CHANNEL_NAME_MATCH,J/ApJ/781/12/galaxies,Holwerda_et_al_2014_ApJ_781_12,https://cdsarc.cds.unistra.fr/viz-bin/cat/J/ApJ/781/12,True,False,source_only_stellar_asymmetry_crossmatch_not_endpoint
NGC2903,NGC2903,6.6,NGC2903,0.5600000023841858,0.009999999776482582,NGC2903,0.6800000071525574,0.009999999776482582,UNIQUE_TWO_CHANNEL_NAME_MATCH,J/ApJ/781/12/galaxies,Holwerda_et_al_2014_ApJ_781_12,https://cdsarc.cds.unistra.fr/viz-bin/cat/J/ApJ/781/12,True,False,source_only_stellar_asymmetry_crossmatch_not_endpoint
NGC2915,NGC2915,4.06,,,,,,,INCOMPLETE_OR_NO_MATCH,J/ApJ/781/12/galaxies,Holwerda_et_al_2014_ApJ_781_12,https://cdsarc.cds.unistra.fr/viz-bin/cat/J/ApJ/781/12,True,False,source_only_stellar_asymmetry_crossmatch_not_endpoint
NGC2955,NGC2955,97.9,,,,,,,INCOMPLETE_OR_NO_MATCH,J/ApJ/781/12/galaxies,Holwerda_et_al_2014_ApJ_781_12,https://cdsarc.cds.unistra.fr/viz-bin/cat/J/ApJ/781/12,True,False,source_only_stellar_asymmetry_crossmatch_not_endpoint
NGC2976,NGC2976,3.58,NGC2976,0.8500000238418579,0.0,NGC2976,0.8199999928474426,0.009999999776482582,UNIQUE_TWO_CHANNEL_NAME_MATCH,J/ApJ/781/12/galaxies,Holwerda_et_al_2014_ApJ_781_12,https://cdsarc.cds.unistra.fr/viz-bin/cat/J/ApJ/781/12,True,False,source_only_stellar_asymmetry_crossmatch_not_endpoint
NGC2998,NGC2998,68.1,,,,,,,INCOMPLETE_OR_NO_MATCH,J/ApJ/781/12/galaxies,Holwerda_et_al_2014_ApJ_781_12,https://cdsarc.cds.unistra.fr/viz-bin/cat/J/ApJ/781/12,True,False,source_only_stellar_asymmetry_crossmatch_not_endpoint
NGC3109,NGC3109,1.33,,,,,,,INCOMPLETE_OR_NO_MATCH,J/ApJ/781/12/galaxies,Holwerda_et_al_2014_ApJ_781_12,https://cdsarc.cds.unistra.fr/viz-bin/cat/J/ApJ/781/12,True,False,source_only_stellar_asymmetry_crossmatch_not_endpoint
NGC3198,NGC3198,13.8,NGC3198,0.8399999737739563,0.009999999776482582,NGC3198,0.7900000214576721,0.009999999776482582,UNIQUE_TWO_CHANNEL_NAME_MATCH,J/ApJ/781/12/galaxies,Holwerda_et_al_2014_ApJ_781_12,https://cdsarc.cds.unistra.fr/viz-bin/cat/J/ApJ/781/12,True,False,source_only_stellar_asymmetry_crossmatch_not_endpoint
NGC3521,NGC3521,7.7,NGC3521,0.9300000071525574,0.0,NGC3521,0.6299999952316284,0.009999999776482582,UNIQUE_TWO_CHANNEL_NAME_MATCH,J/ApJ/781/12/galaxies,Holwerda_et_al_2014_ApJ_781_12,https://cdsarc.cds.unistra.fr/viz-bin/cat/J/ApJ/781/12,True,False,source_only_stellar_asymmetry_crossmatch_not_endpoint
NGC3726,NGC3726,18.0,NGC3726,0.9900000095367432,0.0,NGC3726,1.0,2.8499999046325684,UNIQUE_TWO_CHANNEL_NAME_MATCH,J/ApJ/781/12/galaxies,Holwerda_et_al_2014_ApJ_781_12,https://cdsarc.cds.unistra.fr/viz-bin/cat/J/ApJ/781/12,True,False,source_only_stellar_asymmetry_crossmatch_not_endpoint
NGC3741,NGC3741,3.21,,,,,,,INCOMPLETE_OR_NO_MATCH,J/ApJ/781/12/galaxies,Holwerda_et_al_2014_ApJ_781_12,https://cdsarc.cds.unistra.fr/viz-bin/cat/J/ApJ/781/12,True,False,source_only_stellar_asymmetry_crossmatch_not_endpoint
NGC3769,NGC3769,18.0,NGC3769,0.800000011920929,0.0,NGC3769,0.5,0.029999999329447746,UNIQUE_TWO_CHANNEL_NAME_MATCH,J/ApJ/781/12/galaxies,Holwerda_et_al_2014_ApJ_781_12,https://cdsarc.cds.unistra.fr/viz-bin/cat/J/ApJ/781/12,True,False,source_only_stellar_asymmetry_crossmatch_not_endpoint
NGC3877,NGC3877,18.0,NGC3877,0.8399999737739563,0.0,NGC3877,0.7699999809265137,0.009999999776482582,UNIQUE_TWO_CHANNEL_NAME_MATCH,J/ApJ/781/12/galaxies,Holwerda_et_al_2014_ApJ_781_12,https://cdsarc.cds.unistra.fr/viz-bin/cat/J/ApJ/781/12,True,False,source_only_stellar_asymmetry_crossmatch_not_endpoint
NGC3893,NGC3893,18.0,NGC3893,0.7099999785423279,0.019999999552965164,NGC3893,0.7900000214576721,0.019999999552965164,UNIQUE_TWO_CHANNEL_NAME_MATCH,J/ApJ/781/12/galaxies,Holwerda_et_al_2014_ApJ_781_12,https://cdsarc.cds.unistra.fr/viz-bin/cat/J/ApJ/781/12,True,False,source_only_stellar_asymmetry_crossmatch_not_endpoint
NGC3917,NGC3917,18.0,NGC3917,0.20000000298023224,0.009999999776482582,NGC3917,0.17000000178813934,0.009999999776482582,UNIQUE_TWO_CHANNEL_NAME_MATCH,J/ApJ/781/12/galaxies,Holwerda_et_al_2014_ApJ_781_12,https://cdsarc.cds.unistra.fr/viz-bin/cat/J/ApJ/781/12,True,False,source_only_stellar_asymmetry_crossmatch_not_endpoint
NGC3949,NGC3949,18.0,NGC3949,0.20999999344348907,0.09000000357627869,NGC3949,0.27000001072883606,0.07000000029802322,UNIQUE_TWO_CHANNEL_NAME_MATCH,J/ApJ/781/12/galaxies,Holwerda_et_al_2014_ApJ_781_12,https://cdsarc.cds.unistra.fr/viz-bin/cat/J/ApJ/781/12,True,False,source_only_stellar_asymmetry_crossmatch_not_endpoint
NGC3953,NGC3953,18.0,NGC3953,0.7799999713897705,0.029999999329447746,NGC3953,1.0,4.599999904632568,UNIQUE_TWO_CHANNEL_NAME_MATCH,J/ApJ/781/12/galaxies,Holwerda_et_al_2014_ApJ_781_12,https://cdsarc.cds.unistra.fr/viz-bin/cat/J/ApJ/781/12,True,False,source_only_stellar_asymmetry_crossmatch_not_endpoint
NGC3972,NGC3972,18.0,NGC3972,0.4399999976158142,0.019999999552965164,NGC3972,0.41999998688697815,0.019999999552965164,UNIQUE_TWO_CHANNEL_NAME_MATCH,J/ApJ/781/12/galaxies,Holwerda_et_al_2014_ApJ_781_12,https://cdsarc.cds.unistra.fr/viz-bin/cat/J/ApJ/781/12,True,False,source_only_stellar_asymmetry_crossmatch_not_endpoint
NGC3992,NGC3992,23.7,NGC3992,0.4300000071525574,0.009999999776482582,NGC3992,0.3400000035762787,0.0,UNIQUE_TWO_CHANNEL_NAME_MATCH,J/ApJ/781/12/galaxies,Holwerda_et_al_2014_ApJ_781_12,https://cdsarc.cds.unistra.fr/viz-bin/cat/J/ApJ/781/12,True,False,source_only_stellar_asymmetry_crossmatch_not_endpoint
NGC4010,NGC4010,18.0,NGC4010,0.7599999904632568,0.009999999776482582,NGC4010,0.7699999809265137,0.009999999776482582,UNIQUE_TWO_CHANNEL_NAME_MATCH,J/ApJ/781/12/galaxies,Holwerda_et_al_2014_ApJ_781_12,https://cdsarc.cds.unistra.fr/viz-bin/cat/J/ApJ/781/12,True,False,source_only_stellar_asymmetry_crossmatch_not_endpoint
NGC4013,NGC4013,18.0,NGC4013,0.800000011920929,0.019999999552965164,NGC4013,0.6100000143051147,0.009999999776482582,UNIQUE_TWO_CHANNEL_NAME_MATCH,J/ApJ/781/12/galaxies,Holwerda_et_al_2014_ApJ_781_12,https://cdsarc.cds.unistra.fr/viz-bin/cat/J/ApJ/781/12,True,False,source_only_stellar_asymmetry_crossmatch_not_endpoint
NGC4051,NGC4051,18.0,NGC4051,0.3199999928474426,0.05000000074505806,NGC4051,0.800000011920929,0.009999999776482582,UNIQUE_TWO_CHANNEL_NAME_MATCH,J/ApJ/781/12/galaxies,Holwerda_et_al_2014_ApJ_781_12,https://cdsarc.cds.unistra.fr/viz-bin/cat/J/ApJ/781/12,True,False,source_only_stellar_asymmetry_crossmatch_not_endpoint
NGC4068,NGC4068,4.37,NGC4068,0.30000001192092896,0.019999999552965164,NGC4068,0.17000000178813934,0.009999999776482582,UNIQUE_TWO_CHANNEL_NAME_MATCH,J/ApJ/781/12/galaxies,Holwerda_et_al_2014_ApJ_781_12,https://cdsarc.cds.unistra.fr/viz-bin/cat/J/ApJ/781/12,True,False,source_only_stellar_asymmetry_crossmatch_not_endpoint
NGC4085,NGC4085,18.0,NGC4085,0.18000000715255737,0.05999999865889549,NGC4085,0.18000000715255737,0.03999999910593033,UNIQUE_TWO_CHANNEL_NAME_MATCH,J/ApJ/781/12/galaxies,Holwerda_et_al_2014_ApJ_781_12,https://cdsarc.cds.unistra.fr/viz-bin/cat/J/ApJ/781/12,True,False,source_only_stellar_asymmetry_crossmatch_not_endpoint
NGC4088,NGC4088,18.0,NGC4088,0.30000001192092896,0.009999999776482582,NGC4088,0.30000001192092896,0.009999999776482582,UNIQUE_TWO_CHANNEL_NAME_MATCH,J/ApJ/781/12/galaxies,Holwerda_et_al_2014_ApJ_781_12,https://cdsarc.cds.unistra.fr/viz-bin/cat/J/ApJ/781/12,True,False,source_only_stellar_asymmetry_crossmatch_not_endpoint
NGC4100,NGC4100,18.0,NGC4100,0.6000000238418579,0.009999999776482582,NGC4100,0.4699999988079071,0.0,UNIQUE_TWO_CHANNEL_NAME_MATCH,J/ApJ/781/12/galaxies,Holwerda_et_al_2014_ApJ_781_12,https://cdsarc.cds.unistra.fr/viz-bin/cat/J/ApJ/781/12,True,False,source_only_stellar_asymmetry_crossmatch_not_endpoint
NGC4138,NGC4138,18.0,NGC4138,0.33000001311302185,0.10000000149011612,NGC4138,0.25,0.1599999964237213,UNIQUE_TWO_CHANNEL_NAME_MATCH,J/ApJ/781/12/galaxies,Holwerda_et_al_2014_ApJ_781_12,https://cdsarc.cds.unistra.fr/viz-bin/cat/J/ApJ/781/12,True,False,source_only_stellar_asymmetry_crossmatch_not_endpoint
NGC4157,NGC4157,18.0,NGC4157,1.0,1.1200000047683716,NGC4157,1.0,0.0,UNIQUE_TWO_CHANNEL_NAME_MATCH,J/ApJ/781/12/galaxies,Holwerda_et_al_2014_ApJ_781_12,https://cdsarc.cds.unistra.fr/viz-bin/cat/J/ApJ/781/12,True,False,source_only_stellar_asymmetry_crossmatch_not_endpoint
NGC4183,NGC4183,18.0,NGC4183,0.8299999833106995,0.009999999776482582,NGC4183,0.6899999976158142,0.029999999329447746,UNIQUE_TWO_CHANNEL_NAME_MATCH,J/ApJ/781/12/galaxies,Holwerda_et_al_2014_ApJ_781_12,https://cdsarc.cds.unistra.fr/viz-bin/cat/J/ApJ/781/12,True,False,source_only_stellar_asymmetry_crossmatch_not_endpoint
NGC4214,NGC4214,2.87,NGC4214,0.9900000095367432,3.9800000190734863,NGC4214,0.9800000190734863,0.0,UNIQUE_TWO_CHANNEL_NAME_MATCH,J/ApJ/781/12/galaxies,Holwerda_et_al_2014_ApJ_781_12,https://cdsarc.cds.unistra.fr/viz-bin/cat/J/ApJ/781/12,True,False,source_only_stellar_asymmetry_crossmatch_not_endpoint
NGC4217,NGC4217,18.0,NGC4217,0.36000001430511475,0.029999999329447746,NGC4217,0.3499999940395355,0.019999999552965164,UNIQUE_TWO_CHANNEL_NAME_MATCH,J/ApJ/781/12/galaxies,Holwerda_et_al_2014_ApJ_781_12,https://cdsarc.cds.unistra.fr/viz-bin/cat/J/ApJ/781/12,True,False,source_only_stellar_asymmetry_crossmatch_not_endpoint
NGC4389,NGC4389,18.0,NGC4389,0.1899999976158142,0.029999999329447746,NGC4389,0.1599999964237213,0.029999999329447746,UNIQUE_TWO_CHANNEL_NAME_MATCH,J/ApJ/781/12/galaxies,Holwerda_et_al_2014_ApJ_781_12,https://cdsarc.cds.unistra.fr/viz-bin/cat/J/ApJ/781/12,True,False,source_only_stellar_asymmetry_crossmatch_not_endpoint
NGC4559,NGC4559,9.0,NGC4559,0.9700000286102295,0.0,NGC4559,0.9200000166893005,0.0,UNIQUE_TWO_CHANNEL_NAME_MATCH,J/ApJ/781/12/galaxies,Holwerda_et_al_2014_ApJ_781_12,https://cdsarc.cds.unistra.fr/viz-bin/cat/J/ApJ/781/12,True,False,source_only_stellar_asymmetry_crossmatch_not_endpoint
NGC5005,NGC5005,16.9,NGC5005,0.2199999988079071,0.029999999329447746,NGC5005,0.1899999976158142,0.05000000074505806,UNIQUE_TWO_CHANNEL_NAME_MATCH,J/ApJ/781/12/galaxies,Holwerda_et_al_2014_ApJ_781_12,https://cdsarc.cds.unistra.fr/viz-bin/cat/J/ApJ/781/12,True,False,source_only_stellar_asymmetry_crossmatch_not_endpoint
NGC5033,NGC5033,15.7,NGC5033,0.9300000071525574,0.0,NGC5033,0.3700000047683716,0.009999999776482582,UNIQUE_TWO_CHANNEL_NAME_MATCH,J/ApJ/781/12/galaxies,Holwerda_et_al_2014_ApJ_781_12,https://cdsarc.cds.unistra.fr/viz-bin/cat/J/ApJ/781/12,True,False,source_only_stellar_asymmetry_crossmatch_not_endpoint
NGC5055,NGC5055,9.9,NGC5055,0.5600000023841858,0.009999999776482582,NGC5055,0.25,0.019999999552965164,UNIQUE_TWO_CHANNEL_NAME_MATCH,J/ApJ/781/12/galaxies,Holwerda_et_al_2014_ApJ_781_12,https://cdsarc.cds.unistra.fr/viz-bin/cat/J/ApJ/781/12,True,False,source_only_stellar_asymmetry_crossmatch_not_endpoint
NGC5371,NGC5371,39.7,NGC5371,0.8700000047683716,0.009999999776482582,NGC5371,0.5799999833106995,0.009999999776482582,UNIQUE_TWO_CHANNEL_NAME_MATCH,J/ApJ/781/12/galaxies,Holwerda_et_al_2014_ApJ_781_12,https://cdsarc.cds.unistra.fr/viz-bin/cat/J/ApJ/781/12,True,False,source_only_stellar_asymmetry_crossmatch_not_endpoint
NGC5585,NGC5585,7.06,NGC5585,1.0,0.0,NGC5585,1.0,0.0,UNIQUE_TWO_CHANNEL_NAME_MATCH,J/ApJ/781/12/galaxies,Holwerda_et_al_2014_ApJ_781_12,https://cdsarc.cds.unistra.fr/viz-bin/cat/J/ApJ/781/12,True,False,source_only_stellar_asymmetry_crossmatch_not_endpoint
NGC5907,NGC5907,17.3,NGC5907,1.0,3.75,NGC5907,0.4300000071525574,0.05999999865889549,UNIQUE_TWO_CHANNEL_NAME_MATCH,J/ApJ/781/12/galaxies,Holwerda_et_al_2014_ApJ_781_12,https://cdsarc.cds.unistra.fr/viz-bin/cat/J/ApJ/781/12,True,False,source_only_stellar_asymmetry_crossmatch_not_endpoint
NGC5985,NGC5985,39.7,NGC5985,0.9800000190734863,0.0,NGC5985,0.7200000286102295,0.009999999776482582,UNIQUE_TWO_CHANNEL_NAME_MATCH,J/ApJ/781/12/galaxies,Holwerda_et_al_2014_ApJ_781_12,https://cdsarc.cds.unistra.fr/viz-bin/cat/J/ApJ/781/12,True,False,source_only_stellar_asymmetry_crossmatch_not_endpoint
NGC6015,NGC6015,17.0,NGC6015,0.9800000190734863,0.0,NGC6015,0.949999988079071,0.0,UNIQUE_TWO_CHANNEL_NAME_MATCH,J/ApJ/781/12/galaxies,Holwerda_et_al_2014_ApJ_781_12,https://cdsarc.cds.unistra.fr/viz-bin/cat/J/ApJ/781/12,True,False,source_only_stellar_asymmetry_crossmatch_not_endpoint
NGC6195,NGC6195,127.8,,,,,,,INCOMPLETE_OR_NO_MATCH,J/ApJ/781/12/galaxies,Holwerda_et_al_2014_ApJ_781_12,https://cdsarc.cds.unistra.fr/viz-bin/cat/J/ApJ/781/12,True,False,source_only_stellar_asymmetry_crossmatch_not_endpoint
NGC6503,NGC6503,6.26,NGC6503,0.9900000095367432,0.0,NGC6503,0.9900000095367432,0.0,UNIQUE_TWO_CHANNEL_NAME_MATCH,J/ApJ/781/12/galaxies,Holwerda_et_al_2014_ApJ_781_12,https://cdsarc.cds.unistra.fr/viz-bin/cat/J/ApJ/781/12,True,False,source_only_stellar_asymmetry_crossmatch_not_endpoint
NGC6674,NGC6674,51.2,,,,,,,INCOMPLETE_OR_NO_MATCH,J/ApJ/781/12/galaxies,Holwerda_et_al_2014_ApJ_781_12,https://cdsarc.cds.unistra.fr/viz-bin/cat/J/ApJ/781/12,True,False,source_only_stellar_asymmetry_crossmatch_not_endpoint
NGC6789,NGC6789,3.52,,,,,,,INCOMPLETE_OR_NO_MATCH,J/ApJ/781/12/galaxies,Holwerda_et_al_2014_ApJ_781_12,https://cdsarc.cds.unistra.fr/viz-bin/cat/J/ApJ/781/12,True,False,source_only_stellar_asymmetry_crossmatch_not_endpoint
NGC6946,NGC6946,5.52,,,,,,,INCOMPLETE_OR_NO_MATCH,J/ApJ/781/12/galaxies,Holwerda_et_al_2014_ApJ_781_12,https://cdsarc.cds.unistra.fr/viz-bin/cat/J/ApJ/781/12,True,False,source_only_stellar_asymmetry_crossmatch_not_endpoint
NGC7331,NGC7331,14.7,,,,,,,INCOMPLETE_OR_NO_MATCH,J/ApJ/781/12/galaxies,Holwerda_et_al_2014_ApJ_781_12,https://cdsarc.cds.unistra.fr/viz-bin/cat/J/ApJ/781/12,True,False,source_only_stellar_asymmetry_crossmatch_not_endpoint
NGC7793,NGC7793,3.61,NGC7793,0.8100000023841858,0.0,NGC7793,0.7699999809265137,0.009999999776482582,UNIQUE_TWO_CHANNEL_NAME_MATCH,J/ApJ/781/12/galaxies,Holwerda_et_al_2014_ApJ_781_12,https://cdsarc.cds.unistra.fr/viz-bin/cat/J/ApJ/781/12,True,False,source_only_stellar_asymmetry_crossmatch_not_endpoint
NGC7814,NGC7814,14.4,NGC7814,0.7900000214576721,0.019999999552965164,NGC7814,0.5799999833106995,0.009999999776482582,UNIQUE_TWO_CHANNEL_NAME_MATCH,J/ApJ/781/12/galaxies,Holwerda_et_al_2014_ApJ_781_12,https://cdsarc.cds.unistra.fr/viz-bin/cat/J/ApJ/781/12,True,False,source_only_stellar_asymmetry_crossmatch_not_endpoint
PGC51017,PGC51017,13.6,,,,,,,INCOMPLETE_OR_NO_MATCH,J/ApJ/781/12/galaxies,Holwerda_et_al_2014_ApJ_781_12,https://cdsarc.cds.unistra.fr/viz-bin/cat/J/ApJ/781/12,True,False,source_only_stellar_asymmetry_crossmatch_not_endpoint
UGC00128,UGC128,64.5,,,,,,,INCOMPLETE_OR_NO_MATCH,J/ApJ/781/12/galaxies,Holwerda_et_al_2014_ApJ_781_12,https://cdsarc.cds.unistra.fr/viz-bin/cat/J/ApJ/781/12,True,False,source_only_stellar_asymmetry_crossmatch_not_endpoint
UGC00191,UGC191,17.1,UGC00191,0.18000000715255737,0.019999999552965164,UGC00191,0.12999999523162842,0.019999999552965164,UNIQUE_TWO_CHANNEL_NAME_MATCH,J/ApJ/781/12/galaxies,Holwerda_et_al_2014_ApJ_781_12,https://cdsarc.cds.unistra.fr/viz-bin/cat/J/ApJ/781/12,True,False,source_only_stellar_asymmetry_crossmatch_not_endpoint
UGC00634,UGC634,30.9,UGC00634,0.10999999940395355,0.009999999776482582,UGC00634,0.09000000357627869,0.019999999552965164,UNIQUE_TWO_CHANNEL_NAME_MATCH,J/ApJ/781/12/galaxies,Holwerda_et_al_2014_ApJ_781_12,https://cdsarc.cds.unistra.fr/viz-bin/cat/J/ApJ/781/12,True,False,source_only_stellar_asymmetry_crossmatch_not_endpoint
UGC00731,UGC731,12.5,,,,,,,INCOMPLETE_OR_NO_MATCH,J/ApJ/781/12/galaxies,Holwerda_et_al_2014_ApJ_781_12,https://cdsarc.cds.unistra.fr/viz-bin/cat/J/ApJ/781/12,True,False,source_only_stellar_asymmetry_crossmatch_not_endpoint
UGC00891,UGC891,10.2,UGC00891,0.4099999964237213,0.009999999776482582,UGC00891,0.4300000071525574,0.03999999910593033,UNIQUE_TWO_CHANNEL_NAME_MATCH,J/ApJ/781/12/galaxies,Holwerda_et_al_2014_ApJ_781_12,https://cdsarc.cds.unistra.fr/viz-bin/cat/J/ApJ/781/12,True,False,source_only_stellar_asymmetry_crossmatch_not_endpoint
UGC01230,UGC1230,53.7,,,,,,,INCOMPLETE_OR_NO_MATCH,J/ApJ/781/12/galaxies,Holwerda_et_al_2014_ApJ_781_12,https://cdsarc.cds.unistra.fr/viz-bin/cat/J/ApJ/781/12,True,False,source_only_stellar_asymmetry_crossmatch_not_endpoint
UGC01281,UGC1281,5.27,,,,,,,INCOMPLETE_OR_NO_MATCH,J/ApJ/781/12/galaxies,Holwerda_et_al_2014_ApJ_781_12,https://cdsarc.cds.unistra.fr/viz-bin/cat/J/ApJ/781/12,True,False,source_only_stellar_asymmetry_crossmatch_not_endpoint
UGC02023,UGC2023,10.4,,,,,,,INCOMPLETE_OR_NO_MATCH,J/ApJ/781/12/galaxies,Holwerda_et_al_2014_ApJ_781_12,https://cdsarc.cds.unistra.fr/viz-bin/cat/J/ApJ/781/12,True,False,source_only_stellar_asymmetry_crossmatch_not_endpoint
UGC02259,UGC2259,10.5,,,,,,,INCOMPLETE_OR_NO_MATCH,J/ApJ/781/12/galaxies,Holwerda_et_al_2014_ApJ_781_12,https://cdsarc.cds.unistra.fr/viz-bin/cat/J/ApJ/781/12,True,False,source_only_stellar_asymmetry_crossmatch_not_endpoint
UGC02455,UGC2455,6.92,,,,,,,INCOMPLETE_OR_NO_MATCH,J/ApJ/781/12/galaxies,Holwerda_et_al_2014_ApJ_781_12,https://cdsarc.cds.unistra.fr/viz-bin/cat/J/ApJ/781/12,True,False,source_only_stellar_asymmetry_crossmatch_not_endpoint
UGC02487,UGC2487,69.1,,,,,,,INCOMPLETE_OR_NO_MATCH,J/ApJ/781/12/galaxies,Holwerda_et_al_2014_ApJ_781_12,https://cdsarc.cds.unistra.fr/viz-bin/cat/J/ApJ/781/12,True,False,source_only_stellar_asymmetry_crossmatch_not_endpoint
UGC02885,UGC2885,80.6,,,,,,,INCOMPLETE_OR_NO_MATCH,J/ApJ/781/12/galaxies,Holwerda_et_al_2014_ApJ_781_12,https://cdsarc.cds.unistra.fr/viz-bin/cat/J/ApJ/781/12,True,False,source_only_stellar_asymmetry_crossmatch_not_endpoint
UGC02916,UGC2916,65.4,,,,,,,INCOMPLETE_OR_NO_MATCH,J/ApJ/781/12/galaxies,Holwerda_et_al_2014_ApJ_781_12,https://cdsarc.cds.unistra.fr/viz-bin/cat/J/ApJ/781/12,True,False,source_only_stellar_asymmetry_crossmatch_not_endpoint
UGC02953,UGC2953,16.5,,,,,,,INCOMPLETE_OR_NO_MATCH,J/ApJ/781/12/galaxies,Holwerda_et_al_2014_ApJ_781_12,https://cdsarc.cds.unistra.fr/viz-bin/cat/J/ApJ/781/12,True,False,source_only_stellar_asymmetry_crossmatch_not_endpoint
UGC03205,UGC3205,50.0,,,,,,,INCOMPLETE_OR_NO_MATCH,J/ApJ/781/12/galaxies,Holwerda_et_al_2014_ApJ_781_12,https://cdsarc.cds.unistra.fr/viz-bin/cat/J/ApJ/781/12,True,False,source_only_stellar_asymmetry_crossmatch_not_endpoint
UGC03546,UGC3546,28.7,,,,,,,INCOMPLETE_OR_NO_MATCH,J/ApJ/781/12/galaxies,Holwerda_et_al_2014_ApJ_781_12,https://cdsarc.cds.unistra.fr/viz-bin/cat/J/ApJ/781/12,True,False,source_only_stellar_asymmetry_crossmatch_not_endpoint
UGC03580,UGC3580,20.7,,,,,,,INCOMPLETE_OR_NO_MATCH,J/ApJ/781/12/galaxies,Holwerda_et_al_2014_ApJ_781_12,https://cdsarc.cds.unistra.fr/viz-bin/cat/J/ApJ/781/12,True,False,source_only_stellar_asymmetry_crossmatch_not_endpoint
UGC04278,UGC4278,9.51,,,,,,,INCOMPLETE_OR_NO_MATCH,J/ApJ/781/12/galaxies,Holwerda_et_al_2014_ApJ_781_12,https://cdsarc.cds.unistra.fr/viz-bin/cat/J/ApJ/781/12,True,False,source_only_stellar_asymmetry_crossmatch_not_endpoint
UGC04305,UGC4305,3.45,UGC04305,0.49000000953674316,0.0,UGC04305,0.3400000035762787,0.0,UNIQUE_TWO_CHANNEL_NAME_MATCH,J/ApJ/781/12/galaxies,Holwerda_et_al_2014_ApJ_781_12,https://cdsarc.cds.unistra.fr/viz-bin/cat/J/ApJ/781/12,True,False,source_only_stellar_asymmetry_crossmatch_not_endpoint
UGC04325,UGC4325,9.6,,,,,,,INCOMPLETE_OR_NO_MATCH,J/ApJ/781/12/galaxies,Holwerda_et_al_2014_ApJ_781_12,https://cdsarc.cds.unistra.fr/viz-bin/cat/J/ApJ/781/12,True,False,source_only_stellar_asymmetry_crossmatch_not_endpoint
UGC04483,UGC4483,3.34,UGC04483,0.699999988079071,0.029999999329447746,UGC04483,0.9599999785423279,0.019999999552965164,UNIQUE_TWO_CHANNEL_NAME_MATCH,J/ApJ/781/12/galaxies,Holwerda_et_al_2014_ApJ_781_12,https://cdsarc.cds.unistra.fr/viz-bin/cat/J/ApJ/781/12,True,False,source_only_stellar_asymmetry_crossmatch_not_endpoint
UGC04499,UGC4499,12.5,UGC04499,0.23000000417232513,0.019999999552965164,UGC04499,0.15000000596046448,0.019999999552965164,UNIQUE_TWO_CHANNEL_NAME_MATCH,J/ApJ/781/12/galaxies,Holwerda_et_al_2014_ApJ_781_12,https://cdsarc.cds.unistra.fr/viz-bin/cat/J/ApJ/781/12,True,False,source_only_stellar_asymmetry_crossmatch_not_endpoint
UGC05005,UGC5005,53.7,,,,,,,INCOMPLETE_OR_NO_MATCH,J/ApJ/781/12/galaxies,Holwerda_et_al_2014_ApJ_781_12,https://cdsarc.cds.unistra.fr/viz-bin/cat/J/ApJ/781/12,True,False,source_only_stellar_asymmetry_crossmatch_not_endpoint
UGC05253,UGC5253,22.9,,,,,,,INCOMPLETE_OR_NO_MATCH,J/ApJ/781/12/galaxies,Holwerda_et_al_2014_ApJ_781_12,https://cdsarc.cds.unistra.fr/viz-bin/cat/J/ApJ/781/12,True,False,source_only_stellar_asymmetry_crossmatch_not_endpoint
UGC05414,UGC5414,9.4,,,,,,,INCOMPLETE_OR_NO_MATCH,J/ApJ/781/12/galaxies,Holwerda_et_al_2014_ApJ_781_12,https://cdsarc.cds.unistra.fr/viz-bin/cat/J/ApJ/781/12,True,False,source_only_stellar_asymmetry_crossmatch_not_endpoint
UGC05716,UGC5716,21.3,,,,,,,INCOMPLETE_OR_NO_MATCH,J/ApJ/781/12/galaxies,Holwerda_et_al_2014_ApJ_781_12,https://cdsarc.cds.unistra.fr/viz-bin/cat/J/ApJ/781/12,True,False,source_only_stellar_asymmetry_crossmatch_not_endpoint
UGC05721,UGC5721,6.18,,,,,,,INCOMPLETE_OR_NO_MATCH,J/ApJ/781/12/galaxies,Holwerda_et_al_2014_ApJ_781_12,https://cdsarc.cds.unistra.fr/viz-bin/cat/J/ApJ/781/12,True,False,source_only_stellar_asymmetry_crossmatch_not_endpoint
UGC05750,UGC5750,58.7,,,,,,,INCOMPLETE_OR_NO_MATCH,J/ApJ/781/12/galaxies,Holwerda_et_al_2014_ApJ_781_12,https://cdsarc.cds.unistra.fr/viz-bin/cat/J/ApJ/781/12,True,False,source_only_stellar_asymmetry_crossmatch_not_endpoint
UGC05764,UGC5764,7.47,UGC05764,0.14000000059604645,0.009999999776482582,UGC05764,0.11999999731779099,0.019999999552965164,UNIQUE_TWO_CHANNEL_NAME_MATCH,J/ApJ/781/12/galaxies,Holwerda_et_al_2014_ApJ_781_12,https://cdsarc.cds.unistra.fr/viz-bin/cat/J/ApJ/781/12,True,False,source_only_stellar_asymmetry_crossmatch_not_endpoint
UGC05829,UGC5829,8.64,UGC05829,0.6800000071525574,0.009999999776482582,UGC05829,0.8600000143051147,0.009999999776482582,UNIQUE_TWO_CHANNEL_NAME_MATCH,J/ApJ/781/12/galaxies,Holwerda_et_al_2014_ApJ_781_12,https://cdsarc.cds.unistra.fr/viz-bin/cat/J/ApJ/781/12,True,False,source_only_stellar_asymmetry_crossmatch_not_endpoint
UGC05918,UGC5918,7.66,UGC05918,0.47999998927116394,0.009999999776482582,UGC05918,0.23999999463558197,0.019999999552965164,UNIQUE_TWO_CHANNEL_NAME_MATCH,J/ApJ/781/12/galaxies,Holwerda_et_al_2014_ApJ_781_12,https://cdsarc.cds.unistra.fr/viz-bin/cat/J/ApJ/781/12,True,False,source_only_stellar_asymmetry_crossmatch_not_endpoint
UGC05986,UGC5986,8.63,,,,,,,INCOMPLETE_OR_NO_MATCH,J/ApJ/781/12/galaxies,Holwerda_et_al_2014_ApJ_781_12,https://cdsarc.cds.unistra.fr/viz-bin/cat/J/ApJ/781/12,True,False,source_only_stellar_asymmetry_crossmatch_not_endpoint
UGC05999,UGC5999,47.7,,,,,,,INCOMPLETE_OR_NO_MATCH,J/ApJ/781/12/galaxies,Holwerda_et_al_2014_ApJ_781_12,https://cdsarc.cds.unistra.fr/viz-bin/cat/J/ApJ/781/12,True,False,source_only_stellar_asymmetry_crossmatch_not_endpoint
UGC06399,UGC6399,18.0,UGC06399,0.3700000047683716,0.019999999552965164,UGC06399,0.20000000298023224,0.019999999552965164,UNIQUE_TWO_CHANNEL_NAME_MATCH,J/ApJ/781/12/galaxies,Holwerda_et_al_2014_ApJ_781_12,https://cdsarc.cds.unistra.fr/viz-bin/cat/J/ApJ/781/12,True,False,source_only_stellar_asymmetry_crossmatch_not_endpoint
UGC06446,UGC6446,12.0,UGC06446,0.38999998569488525,0.019999999552965164,UGC06446,0.30000001192092896,0.019999999552965164,UNIQUE_TWO_CHANNEL_NAME_MATCH,J/ApJ/781/12/galaxies,Holwerda_et_al_2014_ApJ_781_12,https://cdsarc.cds.unistra.fr/viz-bin/cat/J/ApJ/781/12,True,False,source_only_stellar_asymmetry_crossmatch_not_endpoint
UGC06614,UGC6614,88.7,,,,,,,INCOMPLETE_OR_NO_MATCH,J/ApJ/781/12/galaxies,Holwerda_et_al_2014_ApJ_781_12,https://cdsarc.cds.unistra.fr/viz-bin/cat/J/ApJ/781/12,True,False,source_only_stellar_asymmetry_crossmatch_not_endpoint
UGC06628,UGC6628,15.1,UGC06628,0.25,0.009999999776482582,UGC06628,0.18000000715255737,0.019999999552965164,UNIQUE_TWO_CHANNEL_NAME_MATCH,J/ApJ/781/12/galaxies,Holwerda_et_al_2014_ApJ_781_12,https://cdsarc.cds.unistra.fr/viz-bin/cat/J/ApJ/781/12,True,False,source_only_stellar_asymmetry_crossmatch_not_endpoint
UGC06667,UGC6667,18.0,UGC06667,0.23000000417232513,0.029999999329447746,UGC06667,0.15000000596046448,0.019999999552965164,UNIQUE_TWO_CHANNEL_NAME_MATCH,J/ApJ/781/12/galaxies,Holwerda_et_al_2014_ApJ_781_12,https://cdsarc.cds.unistra.fr/viz-bin/cat/J/ApJ/781/12,True,False,source_only_stellar_asymmetry_crossmatch_not_endpoint
UGC06786,UGC6786,29.3,,,,,,,INCOMPLETE_OR_NO_MATCH,J/ApJ/781/12/galaxies,Holwerda_et_al_2014_ApJ_781_12,https://cdsarc.cds.unistra.fr/viz-bin/cat/J/ApJ/781/12,True,False,source_only_stellar_asymmetry_crossmatch_not_endpoint
UGC06787,UGC6787,21.3,,,,,,,INCOMPLETE_OR_NO_MATCH,J/ApJ/781/12/galaxies,Holwerda_et_al_2014_ApJ_781_12,https://cdsarc.cds.unistra.fr/viz-bin/cat/J/ApJ/781/12,True,False,source_only_stellar_asymmetry_crossmatch_not_endpoint
UGC06818,UGC6818,18.0,UGC06818,0.25999999046325684,0.009999999776482582,UGC06818,0.1899999976158142,0.019999999552965164,UNIQUE_TWO_CHANNEL_NAME_MATCH,J/ApJ/781/12/galaxies,Holwerda_et_al_2014_ApJ_781_12,https://cdsarc.cds.unistra.fr/viz-bin/cat/J/ApJ/781/12,True,False,source_only_stellar_asymmetry_crossmatch_not_endpoint
UGC06917,UGC6917,18.0,UGC06917,0.5199999809265137,0.03999999910593033,UGC06917,0.7200000286102295,0.019999999552965164,UNIQUE_TWO_CHANNEL_NAME_MATCH,J/ApJ/781/12/galaxies,Holwerda_et_al_2014_ApJ_781_12,https://cdsarc.cds.unistra.fr/viz-bin/cat/J/ApJ/781/12,True,False,source_only_stellar_asymmetry_crossmatch_not_endpoint
UGC06923,UGC6923,18.0,,,,,,,INCOMPLETE_OR_NO_MATCH,J/ApJ/781/12/galaxies,Holwerda_et_al_2014_ApJ_781_12,https://cdsarc.cds.unistra.fr/viz-bin/cat/J/ApJ/781/12,True,False,source_only_stellar_asymmetry_crossmatch_not_endpoint
UGC06930,UGC6930,18.0,UGC06930,0.18000000715255737,0.019999999552965164,UGC06930,0.1599999964237213,0.019999999552965164,UNIQUE_TWO_CHANNEL_NAME_MATCH,J/ApJ/781/12/galaxies,Holwerda_et_al_2014_ApJ_781_12,https://cdsarc.cds.unistra.fr/viz-bin/cat/J/ApJ/781/12,True,False,source_only_stellar_asymmetry_crossmatch_not_endpoint
UGC06973,UGC6973,18.0,,,,,,,INCOMPLETE_OR_NO_MATCH,J/ApJ/781/12/galaxies,Holwerda_et_al_2014_ApJ_781_12,https://cdsarc.cds.unistra.fr/viz-bin/cat/J/ApJ/781/12,True,False,source_only_stellar_asymmetry_crossmatch_not_endpoint
UGC06983,UGC6983,18.0,UGC06983,0.23000000417232513,0.009999999776482582,UGC06983,0.12999999523162842,0.019999999552965164,UNIQUE_TWO_CHANNEL_NAME_MATCH,J/ApJ/781/12/galaxies,Holwerda_et_al_2014_ApJ_781_12,https://cdsarc.cds.unistra.fr/viz-bin/cat/J/ApJ/781/12,True,False,source_only_stellar_asymmetry_crossmatch_not_endpoint
UGC07089,UGC7089,18.0,UGC07089,0.2800000011920929,0.019999999552965164,UGC07089,0.1599999964237213,0.029999999329447746,UNIQUE_TWO_CHANNEL_NAME_MATCH,J/ApJ/781/12/galaxies,Holwerda_et_al_2014_ApJ_781_12,https://cdsarc.cds.unistra.fr/viz-bin/cat/J/ApJ/781/12,True,False,source_only_stellar_asymmetry_crossmatch_not_endpoint
UGC07125,UGC7125,19.8,UGC07125,0.1899999976158142,0.019999999552965164,UGC07125,0.12999999523162842,0.029999999329447746,UNIQUE_TWO_CHANNEL_NAME_MATCH,J/ApJ/781/12/galaxies,Holwerda_et_al_2014_ApJ_781_12,https://cdsarc.cds.unistra.fr/viz-bin/cat/J/ApJ/781/12,True,False,source_only_stellar_asymmetry_crossmatch_not_endpoint
UGC07151,UGC7151,6.87,,,,,,,INCOMPLETE_OR_NO_MATCH,J/ApJ/781/12/galaxies,Holwerda_et_al_2014_ApJ_781_12,https://cdsarc.cds.unistra.fr/viz-bin/cat/J/ApJ/781/12,True,False,source_only_stellar_asymmetry_crossmatch_not_endpoint
UGC07232,UGC7232,2.83,,,,,,,INCOMPLETE_OR_NO_MATCH,J/ApJ/781/12/galaxies,Holwerda_et_al_2014_ApJ_781_12,https://cdsarc.cds.unistra.fr/viz-bin/cat/J/ApJ/781/12,True,False,source_only_stellar_asymmetry_crossmatch_not_endpoint
UGC07261,UGC7261,13.1,,,,,,,INCOMPLETE_OR_NO_MATCH,J/ApJ/781/12/galaxies,Holwerda_et_al_2014_ApJ_781_12,https://cdsarc.cds.unistra.fr/viz-bin/cat/J/ApJ/781/12,True,False,source_only_stellar_asymmetry_crossmatch_not_endpoint
UGC07323,UGC7323,8.0,,,,,,,INCOMPLETE_OR_NO_MATCH,J/ApJ/781/12/galaxies,Holwerda_et_al_2014_ApJ_781_12,https://cdsarc.cds.unistra.fr/viz-bin/cat/J/ApJ/781/12,True,False,source_only_stellar_asymmetry_crossmatch_not_endpoint
UGC07399,UGC7399,8.43,,,,,,,INCOMPLETE_OR_NO_MATCH,J/ApJ/781/12/galaxies,Holwerda_et_al_2014_ApJ_781_12,https://cdsarc.cds.unistra.fr/viz-bin/cat/J/ApJ/781/12,True,False,source_only_stellar_asymmetry_crossmatch_not_endpoint
UGC07524,UGC7524,4.74,,,,,,,INCOMPLETE_OR_NO_MATCH,J/ApJ/781/12/galaxies,Holwerda_et_al_2014_ApJ_781_12,https://cdsarc.cds.unistra.fr/viz-bin/cat/J/ApJ/781/12,True,False,source_only_stellar_asymmetry_crossmatch_not_endpoint
UGC07559,UGC7559,4.97,UGC07559,0.8899999856948853,0.009999999776482582,UGC07559,0.9900000095367432,0.0,UNIQUE_TWO_CHANNEL_NAME_MATCH,J/ApJ/781/12/galaxies,Holwerda_et_al_2014_ApJ_781_12,https://cdsarc.cds.unistra.fr/viz-bin/cat/J/ApJ/781/12,True,False,source_only_stellar_asymmetry_crossmatch_not_endpoint
UGC07577,UGC7577,2.59,UGC07577,0.5099999904632568,0.009999999776482582,UGC07577,0.4300000071525574,0.009999999776482582,UNIQUE_TWO_CHANNEL_NAME_MATCH,J/ApJ/781/12/galaxies,Holwerda_et_al_2014_ApJ_781_12,https://cdsarc.cds.unistra.fr/viz-bin/cat/J/ApJ/781/12,True,False,source_only_stellar_asymmetry_crossmatch_not_endpoint
UGC07603,UGC7603,4.7,,,,,,,INCOMPLETE_OR_NO_MATCH,J/ApJ/781/12/galaxies,Holwerda_et_al_2014_ApJ_781_12,https://cdsarc.cds.unistra.fr/viz-bin/cat/J/ApJ/781/12,True,False,source_only_stellar_asymmetry_crossmatch_not_endpoint
UGC07608,UGC7608,8.21,UGC07608,0.4699999988079071,0.009999999776482582,UGC07608,0.4000000059604645,0.019999999552965164,UNIQUE_TWO_CHANNEL_NAME_MATCH,J/ApJ/781/12/galaxies,Holwerda_et_al_2014_ApJ_781_12,https://cdsarc.cds.unistra.fr/viz-bin/cat/J/ApJ/781/12,True,False,source_only_stellar_asymmetry_crossmatch_not_endpoint
UGC07690,UGC7690,8.11,UGC07690,0.25,0.05000000074505806,UGC07690,0.20999999344348907,0.019999999552965164,UNIQUE_TWO_CHANNEL_NAME_MATCH,J/ApJ/781/12/galaxies,Holwerda_et_al_2014_ApJ_781_12,https://cdsarc.cds.unistra.fr/viz-bin/cat/J/ApJ/781/12,True,False,source_only_stellar_asymmetry_crossmatch_not_endpoint
UGC07866,UGC7866,4.57,,,,,,,INCOMPLETE_OR_NO_MATCH,J/ApJ/781/12/galaxies,Holwerda_et_al_2014_ApJ_781_12,https://cdsarc.cds.unistra.fr/viz-bin/cat/J/ApJ/781/12,True,False,source_only_stellar_asymmetry_crossmatch_not_endpoint
UGC08286,UGC8286,6.5,,,,,,,INCOMPLETE_OR_NO_MATCH,J/ApJ/781/12/galaxies,Holwerda_et_al_2014_ApJ_781_12,https://cdsarc.cds.unistra.fr/viz-bin/cat/J/ApJ/781/12,True,False,source_only_stellar_asymmetry_crossmatch_not_endpoint
UGC08490,UGC8490,4.65,,,,,,,INCOMPLETE_OR_NO_MATCH,J/ApJ/781/12/galaxies,Holwerda_et_al_2014_ApJ_781_12,https://cdsarc.cds.unistra.fr/viz-bin/cat/J/ApJ/781/12,True,False,source_only_stellar_asymmetry_crossmatch_not_endpoint
UGC08550,UGC8550,6.7,,,,,,,INCOMPLETE_OR_NO_MATCH,J/ApJ/781/12/galaxies,Holwerda_et_al_2014_ApJ_781_12,https://cdsarc.cds.unistra.fr/viz-bin/cat/J/ApJ/781/12,True,False,source_only_stellar_asymmetry_crossmatch_not_endpoint
UGC08699,UGC8699,39.3,,,,,,,INCOMPLETE_OR_NO_MATCH,J/ApJ/781/12/galaxies,Holwerda_et_al_2014_ApJ_781_12,https://cdsarc.cds.unistra.fr/viz-bin/cat/J/ApJ/781/12,True,False,source_only_stellar_asymmetry_crossmatch_not_endpoint
UGC08837,UGC8837,7.21,UGC08837,0.6899999976158142,0.009999999776482582,UGC08837,0.4399999976158142,0.019999999552965164,UNIQUE_TWO_CHANNEL_NAME_MATCH,J/ApJ/781/12/galaxies,Holwerda_et_al_2014_ApJ_781_12,https://cdsarc.cds.unistra.fr/viz-bin/cat/J/ApJ/781/12,True,False,source_only_stellar_asymmetry_crossmatch_not_endpoint
UGC09037,UGC9037,83.6,,,,,,,INCOMPLETE_OR_NO_MATCH,J/ApJ/781/12/galaxies,Holwerda_et_al_2014_ApJ_781_12,https://cdsarc.cds.unistra.fr/viz-bin/cat/J/ApJ/781/12,True,False,source_only_stellar_asymmetry_crossmatch_not_endpoint
UGC09133,UGC9133,57.1,,,,,,,INCOMPLETE_OR_NO_MATCH,J/ApJ/781/12/galaxies,Holwerda_et_al_2014_ApJ_781_12,https://cdsarc.cds.unistra.fr/viz-bin/cat/J/ApJ/781/12,True,False,source_only_stellar_asymmetry_crossmatch_not_endpoint
UGC09992,UGC9992,10.7,UGC09992,0.47999998927116394,0.07000000029802322,UGC09992,0.4699999988079071,0.009999999776482582,UNIQUE_TWO_CHANNEL_NAME_MATCH,J/ApJ/781/12/galaxies,Holwerda_et_al_2014_ApJ_781_12,https://cdsarc.cds.unistra.fr/viz-bin/cat/J/ApJ/781/12,True,False,source_only_stellar_asymmetry_crossmatch_not_endpoint
UGC10310,UGC10310,15.2,UGC10310,0.8299999833106995,0.03999999910593033,UGC10310,1.0,0.0,UNIQUE_TWO_CHANNEL_NAME_MATCH,J/ApJ/781/12/galaxies,Holwerda_et_al_2014_ApJ_781_12,https://cdsarc.cds.unistra.fr/viz-bin/cat/J/ApJ/781/12,True,False,source_only_stellar_asymmetry_crossmatch_not_endpoint
UGC11455,UGC11455,78.6,,,,,,,INCOMPLETE_OR_NO_MATCH,J/ApJ/781/12/galaxies,Holwerda_et_al_2014_ApJ_781_12,https://cdsarc.cds.unistra.fr/viz-bin/cat/J/ApJ/781/12,True,False,source_only_stellar_asymmetry_crossmatch_not_endpoint
UGC11557,UGC11557,24.2,,,,,,,INCOMPLETE_OR_NO_MATCH,J/ApJ/781/12/galaxies,Holwerda_et_al_2014_ApJ_781_12,https://cdsarc.cds.unistra.fr/viz-bin/cat/J/ApJ/781/12,True,False,source_only_stellar_asymmetry_crossmatch_not_endpoint
UGC11820,UGC11820,18.1,,,,,,,INCOMPLETE_OR_NO_MATCH,J/ApJ/781/12/galaxies,Holwerda_et_al_2014_ApJ_781_12,https://cdsarc.cds.unistra.fr/viz-bin/cat/J/ApJ/781/12,True,False,source_only_stellar_asymmetry_crossmatch_not_endpoint
UGC11914,UGC11914,16.9,,,,,,,INCOMPLETE_OR_NO_MATCH,J/ApJ/781/12/galaxies,Holwerda_et_al_2014_ApJ_781_12,https://cdsarc.cds.unistra.fr/viz-bin/cat/J/ApJ/781/12,True,False,source_only_stellar_asymmetry_crossmatch_not_endpoint
UGC12506,UGC12506,100.6,,,,,,,INCOMPLETE_OR_NO_MATCH,J/ApJ/781/12/galaxies,Holwerda_et_al_2014_ApJ_781_12,https://cdsarc.cds.unistra.fr/viz-bin/cat/J/ApJ/781/12,True,False,source_only_stellar_asymmetry_crossmatch_not_endpoint
UGC12632,UGC12632,9.77,,,,,,,INCOMPLETE_OR_NO_MATCH,J/ApJ/781/12/galaxies,Holwerda_et_al_2014_ApJ_781_12,https://cdsarc.cds.unistra.fr/viz-bin/cat/J/ApJ/781/12,True,False,source_only_stellar_asymmetry_crossmatch_not_endpoint
UGC12732,UGC12732,13.2,UGC12732,0.4099999964237213,0.009999999776482582,UGC12732,0.4399999976158142,0.019999999552965164,UNIQUE_TWO_CHANNEL_NAME_MATCH,J/ApJ/781/12/galaxies,Holwerda_et_al_2014_ApJ_781_12,https://cdsarc.cds.unistra.fr/viz-bin/cat/J/ApJ/781/12,True,False,source_only_stellar_asymmetry_crossmatch_not_endpoint
UGCA281,UGCA281,5.68,,,,,,,INCOMPLETE_OR_NO_MATCH,J/ApJ/781/12/galaxies,Holwerda_et_al_2014_ApJ_781_12,https://cdsarc.cds.unistra.fr/viz-bin/cat/J/ApJ/781/12,True,False,source_only_stellar_asymmetry_crossmatch_not_endpoint
UGCA442,UGCA442,4.35,,,,,,,INCOMPLETE_OR_NO_MATCH,J/ApJ/781/12/galaxies,Holwerda_et_al_2014_ApJ_781_12,https://cdsarc.cds.unistra.fr/viz-bin/cat/J/ApJ/781/12,True,False,source_only_stellar_asymmetry_crossmatch_not_endpoint
UGCA444,UGCA444,0.98,,,,,,,INCOMPLETE_OR_NO_MATCH,J/ApJ/781/12/galaxies,Holwerda_et_al_2014_ApJ_781_12,https://cdsarc.cds.unistra.fr/viz-bin/cat/J/ApJ/781/12,True,False,source_only_stellar_asymmetry_crossmatch_not_endpoint
