permutation,row_shuffle_mse_reduction,column_shuffle_mse_reduction
0,-0.05329089178018964,-0.24975156026301598
1,-0.10466536144491867,-0.22809709858034471
2,-0.06946283720284846,-0.27911059561121404
3,-0.13225057844751026,-0.18321804628610072
4,0.06051789043820757,-0.13638895599590162
5,-0.13314325098051694,-0.2804101923309313
6,-0.11430145917219536,-0.032758746061632316
7,-0.0671795102133329,-0.12388486255865527
8,-0.05184344079796399,-0.27891879601777764
9,-0.18250796557825005,-0.34752408036899035
10,-0.07527113545151937,-0.35836601941575247
11,-0.02925384211891019,-0.08941566956603136
12,0.023155957752145462,-0.0715163240363001
13,-0.13267124707813832,-0.19735844670314912
14,-0.07611180973106424,-0.2191056998985324
15,-0.05849371216988958,-0.21859244025779423
16,-0.1371750587863338,-0.12618924148279848
17,-0.0710412579921138,-0.24095147323606775
18,0.015296999304138192,-0.4250905098799706
19,-0.06118337041084271,-0.2623229481034203
20,-0.09834998090110131,-0.48305060146153583
21,-0.26870476665310244,-0.08115938922288746
22,-0.07304495629390456,-0.06822523678407721
23,-0.052249406687284894,-0.07015847997766145
24,-0.09491481048909994,-0.21205186536862514
25,-0.11947576694344036,-0.289349473288459
26,-0.08748699939965593,-0.36336972117751704
27,-0.1188830591384909,-0.09616061357268058
28,-0.17120674754195336,-0.0750828397271921
29,0.002259024573909807,-0.14709895651009192
30,-0.011674859304335122,-0.2511732933443595
31,-0.06340072700069793,-0.10747181046725474
32,-0.2119710540532314,-0.10528233022900996
33,-0.01537752257913963,-0.20042169266016047
34,-0.052785089735578994,-0.05350307444650082
35,-0.1663644381684154,-0.16585118522842762
36,-0.1909613431224419,-0.10016565851940767
37,0.03248732605584814,-0.22888834300204575
38,-0.08125829385467503,-0.09110846262721839
39,-0.21209797016179416,-0.046541870753139314
40,-0.01188330086066125,-0.002005235467145594
41,-0.01754637410451984,-0.1729708086578955
42,-0.1512352541710421,-0.5212054710216387
43,-0.2111195038891875,-0.041269053554920776
44,-0.1231155282337083,-0.029730037598991566
45,-0.29810394651652045,-0.11532004136604596
46,-0.06412318464855404,-0.6292237185045397
47,-0.05761270936016488,-0.18348295043123242
48,0.01173638512771727,-0.15483804793582462
49,-0.09544093614359017,-0.19706554737207121
50,-0.015651238175428184,-0.031444005531419184
51,-0.12297569497018895,-0.09754044259365052
52,-0.0871546307860876,-0.05627133968818421
53,-0.1647547631491268,-0.22098011906052678
54,-0.3002723489865838,-0.1377139459291215
55,-0.24218504355807563,-0.15064938111494147
56,-0.13182956140675878,-0.20325822775724933
57,-0.2581660831220915,-0.23967765480662145
58,-0.0007874415915806454,-0.11858184439008401
59,-0.05099782894174115,-0.13820062584529957
60,-0.053668958761514896,-0.38741013174555433
61,-0.03440628480740021,-0.23626101682915768
62,-0.049625317796385626,-0.14129040647375607
63,-0.07658943544806812,0.022999138837486166
64,0.04499270355068119,0.006792873296164403
65,-0.39238984705270036,-0.2903208690688131
66,0.030591641196202807,-0.8434162306433803
67,-0.08830081935514811,-0.17961142534001018
68,-0.05152520438898328,-0.3721327990590641
69,-0.13687816464970143,-0.16126595942300653
70,0.004182107838911708,-0.458086429176433
71,-0.2509358832496378,-0.19866965521357666
72,-0.054660132892597246,-0.2628062370921667
73,-0.08593670639166556,-0.19130395869960093
74,-0.10989718444400315,-0.055716832189795173
75,-0.0369761610198317,-0.03263831382422577
76,-0.05645847254647379,-0.08998929150958812
77,-0.06886637135346324,-0.08569594647543083
78,-0.0324354065544839,-0.2938944897099573
79,-0.0012778114517123518,-0.33872953379817355
80,-0.30332139861735513,-0.22447335454801498
81,-0.1441397760697815,-0.11264334111699753
82,-0.12279141291697154,-0.25441690545396456
83,-0.19308812328728908,-0.11849905289690116
84,-0.05030902111146934,-0.23156878584973856
85,0.0422018483374311,-0.3123909867022276
86,-0.05261048034292076,-0.14947243372384494
87,-0.10828058605629853,-0.4649256722553135
88,-0.07794196655435831,-0.25597276719554624
89,-0.05283223410667365,-0.18484819490969018
90,-0.16031027102470302,-0.36394187344034473
91,0.0068143351531642915,-0.11524629815012394
92,-0.02514676083682496,-0.1762191837486668
93,-0.04095252383061371,-0.16216295314381213
94,-0.21359279885752114,-0.1780819932432695
95,-0.09487484902330268,-0.019531112758387315
96,-0.19004187441475823,-0.06304725885668311
97,0.01479004233255965,-0.19169659521640642
98,-0.026097166757837575,-0.08134643969632582
99,-0.05336710553236862,-0.2876479590685039
100,-0.1002364793768073,-0.09913234155696032
101,-0.05260011914432139,-0.009857787227876114
102,-0.12304601599528175,-0.09899999940535026
103,0.0022484123026121627,-0.10458386430559441
104,0.04308018318965248,-0.13118832019344417
105,-0.10913896378760396,-0.06502250651948327
106,-0.2598816461068586,-0.2376959653087775
107,-0.03419130241847168,-0.12431317800931552
108,-0.07910483035636079,-0.28126041581573963
109,-0.16479509943598686,-0.06412264388433692
110,-0.1996365727057296,-0.4676783265374022
111,-0.018055265185952435,-0.06723944134797494
112,-0.11374289544912386,-0.4594376508208407
113,-0.10024787169358251,-0.15702709648938445
114,-0.03078404555430081,-0.3968104312539074
115,-0.2918410881381787,-0.1826112415743133
116,-0.12807588946421522,-0.12939753888065458
117,-0.07549839572831335,-0.44652983806304886
118,-0.14772221382764017,-0.24607912795603432
119,-0.2186358406487124,-0.07321515939923767
120,-0.1279188700002472,-0.024935824179159405
121,-0.029823497406698263,-0.1610621464565421
122,-0.11501661122676904,-0.17634033863612797
123,-0.03699028370882124,-0.2164525789741958
124,-0.056437763240102023,-0.209826090436241
125,-0.08722115422227933,-0.4959189342729921
126,-0.13137651013481277,-0.30962643351588576
127,-0.07034993906739867,-0.15231888345996575
128,-0.03485709112502072,-0.018556307432809893
129,-0.0069257555037307295,-0.034308120678636755
130,-0.10109889005071149,-0.14708707536470794
131,-0.095094281984408,-0.10050959204770099
132,-0.23328229220345137,-0.10318359011458261
133,-0.06774044619985409,-0.038927512303011
134,-0.047329132554961795,-0.1095245145249551
135,-0.14291558644652436,-0.08023681303546576
136,-0.15221775399707854,-0.2863082798791841
137,-0.03838062837685691,-0.20851660944956474
138,-0.5119524770720658,-0.26850446610086365
139,0.041279901062307944,-0.467455503124703
140,-0.19043569242659658,-0.1444949505721626
141,-0.02855779156291216,-0.1662940832319028
142,-0.11146764158378619,0.01583985039509206
143,-0.11766062510726044,0.008921757764813382
144,0.001247521865150869,-0.1703657792868884
145,-0.044737654922415826,0.03319547439613199
146,-0.09721710541829548,-0.1018623391427817
147,-0.09736601266751993,-0.2513287360573061
148,-0.059420671612002096,-0.1494853397114248
149,-0.05063914760352939,-0.0880092985506074
150,0.020435035106733973,-0.10193535158044509
151,-0.14677668757691265,-0.08590587528203164
152,-0.05502890608637401,-0.31388066182622415
153,-0.05576397606535122,-0.15208484555451163
154,-0.178357961650919,-0.24073691855415608
155,-0.05180671327966879,-0.05915641027067009
156,-0.08944510847110476,-0.08295787331819432
157,-0.21827058664878451,-0.410478931336922
158,-0.10469359013331853,-0.10135170240390934
159,-0.03429448464035745,-0.046525279943611386
160,-0.1382439841159972,-0.42002113664753643
161,0.009794182905035143,-0.1007193246295261
162,-0.07801096625545306,-0.23333507983860452
163,-0.21795486192602015,-0.2844659650252164
164,-0.1521742830191095,-0.308163517443997
165,0.06215024576371764,-0.050989868614550404
166,-0.04251491303450339,-0.16044180124333407
167,-0.13199275916562636,-0.3417354118951483
168,0.0006459140598693014,-0.28945196802055867
169,-0.022845796229577497,-0.1741760957995288
170,-0.2694489637761518,-0.4025235645235367
171,-0.05929918458977751,-0.417574159068783
172,-0.11133417998531087,-0.4688289228645562
173,-0.2081477762726387,-0.07023748638423027
174,-0.18328071938833118,-0.35288429903381974
175,-0.036621663993803455,-0.23777206874193663
176,-0.0798584265674519,-0.1927650854892718
177,-0.2866974746935849,-0.1446340582219509
178,-0.3336752466405792,-0.3495378588151364
179,0.01270874684570783,-0.13279933224498014
180,0.031067500877858506,-0.1019955318969874
181,0.06562999618403131,-0.0986280313046286
182,-0.17041056856806164,-0.007620354797578305
183,-0.0689292919055216,-0.3615393532822922
184,-0.043961006607320385,-0.09197608098507848
185,-0.031064139031002247,-0.08569064326325088
186,-0.12687852206869538,-0.1441096220455108
187,-0.16954248864958454,-0.659802622781954
188,0.04285040740954971,-0.1644896506498913
189,-0.18067907350096568,-0.07677729956803275
190,-0.06665815327398716,-0.12247591478593933
191,-0.04685467174820074,0.0025853162468585378
192,-0.032612657015965774,-0.08001020707931461
193,-0.3622268163600402,-0.22255357848465968
194,-0.011578435418310523,-0.3425147294930447
195,-0.18973697020503777,-0.14363922629576426
196,-0.029023442994014992,-0.15778412881706932
197,-0.12034418149899812,-0.09729348672983623
198,-0.17495454344023792,-0.08571266720057275
199,-0.16925859649233765,0.01700539956586042
200,-0.22038438715054665,-0.516838127155756
201,-0.284564883113196,-0.2038675136576767
202,0.09872085724448774,-0.3131229414897064
203,-0.10424198684112612,-0.23721561540397684
204,-0.15245105694045274,-0.2763553825539912
205,-0.03393812154137643,-0.053244340487679065
206,-0.10923806942132591,-0.13645990759024085
207,-0.18537358911708018,-0.14246022884942477
208,-0.11551304047133676,-0.06960139490510725
209,-0.09883720523601569,-0.3606431596026121
210,-0.06972858610667987,-0.1583234817723469
211,-0.20229217890851642,-0.5620359816300102
212,0.044998033677403515,-0.37695752315282
213,-0.15341418909922938,-0.581388752826244
214,-0.02751026576356727,0.0008894534372922425
215,-0.06518685291102938,-0.009279902341116752
216,-0.22184725277055012,-0.09728665187071822
217,-0.13320838011037578,0.0647205656339902
218,-0.0972915770438591,-0.09436864286134639
219,-0.3834993293853511,-0.20155294128291862
220,-0.1803893758750919,-0.08286611399533983
221,-0.07903635888865501,-0.3026601449809116
222,-0.06293902785500077,-0.12679430654224405
223,-0.14247526453173298,-0.13938381470894096
224,-0.01259125303487943,-0.4667357255388846
225,-0.07847442624585887,-0.14383677359097452
226,-0.2072885710040293,-0.435059963383911
227,-0.21894731549716018,-0.15986716295618897
228,-0.23359620983621976,-0.15863724378300953
229,-0.05414502610199262,-0.28902871587723405
230,-0.0770321389655581,-0.16077330377169757
231,-0.08449423737120226,-0.17249537770735296
232,-0.13253653789730363,-0.25302630690507816
233,-0.00821508596895093,-0.2593350014494424
234,-0.008273673390256309,-0.06472714918132705
235,-0.05528900477387316,-0.0641221392020736
236,-0.03465530127140354,-0.17629106796978905
237,-0.0768512621795509,-0.0966764270502734
238,-0.09985989136370188,-0.023359589274325437
239,-0.016360984496368774,-0.332627131656469
240,-0.12208893762586431,-0.08301794253298628
241,-0.20091997141938217,0.0019556135106808814
242,-0.04625697892335828,-0.27461459231922425
243,0.018761931892462114,-0.4111843397914277
244,-0.009477721476979423,-0.13266034085475414
245,-0.20360668258738934,-0.18706729427698626
246,-0.4286837224692271,-0.35581327855799066
247,-0.13917152225594737,-0.1945612610423758
248,-0.11716442320943249,-0.042885178306353244
249,-0.0443821654571927,-0.06695598722179857
250,-0.1594144286583849,0.010945748586506349
251,-0.13927772421286672,-0.13067722551119626
252,-0.08955364983084585,-0.44520104590089943
253,-0.0682020926087451,-0.2815214150180128
254,-0.07079602923232547,-0.16516963230729037
255,-0.04590079998187835,-0.08052592232239592
256,-0.06381134750058065,-0.288835453901303
257,-0.07963829148453339,-0.3405145906352239
258,-0.07982689894243267,-0.12985252427642635
259,-0.28138415193815597,-0.06939534873671493
260,-0.04815281421319534,-0.11999248317181949
261,-0.019619144376656433,-0.30407973962261786
262,-0.12943084393167598,-0.2447040104086135
263,-0.1006742058962602,-0.20307865410054643
264,-0.21978098591590095,-0.157181055086404
265,-0.24185446652240866,-0.5395995820271189
266,-0.09503325871238161,-0.1490503208659188
267,-0.07088948498701692,-0.03648984956624657
268,-0.18697165224831813,-0.09400097848112848
269,-0.004281614213340168,-0.16682072817745985
270,-0.12243228738584228,-0.07052735520983572
271,-0.049911392436682356,-0.07209949101850421
272,-0.08107699795872014,-0.0804832594961638
273,-0.04979457407027221,-0.21964172757330125
274,-0.1485360910166395,-0.08309024694751366
275,-0.2001991484987513,-0.07595688089720876
276,-0.02867665586180368,-0.14291446165604416
277,-0.07544319232559615,-0.5087167611873833
278,-0.05023136605097178,-0.20672311361595042
279,-0.048712748060567024,-0.42624255677232054
280,-0.22086393425074413,-0.12359694479580141
281,-0.208637566053812,-0.09674658097846683
282,-0.04050560193657543,-0.22262700685041342
283,-0.05294297247966717,-0.17717587932996498
284,-0.05510627208839958,-0.07602745252950621
285,-0.12807729028648324,-0.23204696185070722
286,-0.24125301351481876,-0.12198981207653903
287,-0.024391560380872174,-0.38960931709830365
288,-0.19073541341832995,-0.13739446372468267
289,-0.07466183761881212,-0.21354276227382613
290,-0.3517215200420419,-0.08549502347279431
291,-0.11447717092803289,-0.20829546251159908
292,0.06157846443289475,-0.37441321161490165
293,-0.17353359395003803,-0.2507648493145878
294,-0.14832244406634426,-0.14117936703970785
295,-0.1980295771405326,-0.09132351387464832
296,0.06961573413203581,-0.136345743996862
297,-0.0034846902791689782,-0.10954846658329592
298,-0.03821175229260099,-0.0800666590637355
299,-0.15282020658104295,-0.19050072650404126
300,-0.3031728337143305,0.0039387471841994814
301,-0.10914723884162858,-0.17696310461279147
302,-0.12994611299267061,0.0223883810539241
303,-0.07632387214530467,0.0604133446941425
304,-0.13978737225354193,-0.7269100075423804
305,-0.15643738061435153,-0.2520991110294836
306,-0.1521522607401306,-0.18838271233721116
307,-0.07795018828370881,-0.20358918333577763
308,-0.050074969544441406,-0.18163162730446014
309,-0.28141583933374364,-0.20589937488125254
310,-0.06228454327112526,-0.30867547643607113
311,-0.07006560524493427,-0.05534162767061551
312,-0.32446152679569124,0.016238528161026666
313,-0.2075682612313045,-0.19604371559656308
314,-0.11989409877332063,-0.08588702958822275
315,0.03626373781944525,-0.14470224842917118
316,0.011517619401026996,-0.3779090911703202
317,-0.07949383707483032,-0.5465143857967092
318,-0.16939939684128874,-0.17145037207428415
319,-0.08981992407509187,-0.01363659774675488
320,0.03221725342052367,-0.06921833300418484
321,-0.22521094573617428,-0.20933626194231586
322,-0.17938261790972632,-0.17706631425057257
323,-0.14627038374773604,-0.21531479670442644
324,-0.13325550264191938,-0.06155978087955122
325,-0.09093490192484421,-0.03729027975483484
326,-0.016489881372711818,-0.022602118447646147
327,-0.005448919553849518,-0.008247724064119888
328,0.0012830720265460949,-0.29026689761985053
329,-0.12990581137922735,-0.25225645700396027
330,-0.022301316956334916,-0.011169361036836412
331,-0.3199389540018191,0.034353485228856034
332,0.04821093736434412,-0.09368446127299868
333,0.002262437473263018,-0.21267677861977047
334,-0.06900696806709794,-0.2228223075018782
335,-0.14014688628949473,-0.3818419992986269
336,-0.0019914353727872314,-0.08241824640051804
337,-0.31073151157330164,-0.2275580760417094
338,-0.08167859960579377,-0.005935937557444343
339,-0.06458103982847307,-0.01604613196486554
340,-0.08711258753438467,-0.2453292906717
341,-0.055534692860150836,-0.16365169607284136
342,-0.024304584787037536,-0.007272424601306476
343,-0.45654710055467,-0.18696095311936473
344,-0.1583352040464358,-0.2573961893054402
345,-0.20023063614643005,-0.11407793048590431
346,-0.06999034685638889,-0.12871484067064687
347,-0.13947045693315197,-0.23625419176872425
348,-0.004519436122042614,-0.1313911841557362
349,-0.046899597252984926,-0.0314693701848095
350,-0.1391629557343496,0.023509117139750596
351,-0.056752742512502286,-0.5427043940622083
352,-0.03618114714694892,-0.47641798238232297
353,-0.05699547164328578,-0.04444991040665597
354,0.027180875173139607,-0.31752770310505823
355,-0.04122791696615452,-0.24681778391164583
356,-0.11769105403963714,-0.26960241100964016
357,-0.10820541106936382,-0.14994939787916062
358,-0.06963665746968534,-0.04656739703737228
359,-0.0361973653756385,-0.14179677534389828
360,-0.0007623403042814891,-0.5527174283838285
361,-0.3761329105232078,-0.1517420353844291
362,-0.016148383614119022,-0.08831131637876849
363,-0.1565664177067489,-0.2302029190881114
364,-0.18958197421789075,-0.11614697507804478
365,-0.02531490468803918,-0.0915681839112985
366,0.003483177044019875,-0.22560156811346527
367,-0.0731099805335777,-0.3830651441904676
368,-0.10236306052041627,-0.11716737480986156
369,-0.05612376645768563,-0.0016966645182667772
370,-0.28731069171665874,-0.07432864090878599
371,-0.025975476042381068,-0.15077133306697044
372,-0.34510774102036185,-0.26645361720872435
373,-0.03495411990435543,0.012953285611147475
374,-0.1937975469023837,-0.0324653456624982
375,-0.1700248847146315,-0.17490035804841236
376,-0.13631227416357944,-0.16075605040863622
377,-0.0884906351019315,-0.1331208564628999
378,-0.03728107405611458,-0.35489342710515254
379,-0.1597703008790442,-0.15720073322538342
380,0.06071248944329519,-0.1220572628768341
381,-0.23880305777771998,-0.15516943374345077
382,-0.02887016240882609,-0.005510566888762419
383,-0.07367492208949761,-0.08822553231395935
384,-0.27733328275863406,-0.05623588506646554
385,-0.1626776033832985,-0.1977005051820228
386,-0.07644797614855064,-0.11761848723029888
387,-0.24534514777440586,-0.28795723634048037
388,0.03848159912682986,-0.14296281615559603
389,-0.08664781782317516,-0.15852627516435075
390,-0.07080617830405717,-0.07189037008954158
391,-0.054580218575413786,-0.08813592158846745
392,-0.0219252076598922,-0.012790545643884266
393,-0.10816964066136525,-0.09916103058598713
394,-0.014757643505331791,-0.10447359047065685
395,0.003500754443386961,-0.07009737243438274
396,-0.22704625300847314,-0.6224635177403097
397,-0.08764717381823556,-0.351999742966482
398,-0.19657647997150168,-0.24495952858125974
399,-0.21482070212373033,-0.11326733371042902
400,-0.5041257175547975,-0.2313623198987283
401,-0.27243634195910543,-0.2385604145877649
402,-0.09325902316244594,-0.3974615788492359
403,-0.12693474304072255,-0.221878649662207
404,-0.06357463492844989,-0.1966474724311541
405,-0.12226612567271128,-0.07533513436838057
406,-0.13154093369009834,-0.23303150100270437
407,-0.05319959816036157,-0.21770267319178055
408,-0.08149379002317919,-0.2994330630745879
409,-0.12354442703363694,-0.11084393074491805
410,-0.14498543595709307,-0.51349869637536
411,-0.24847395189234073,-0.15896552537474923
412,-0.09805609435429413,-0.5302629395976586
413,-0.16973330401826486,-0.14682221796281986
414,-0.17035145931280005,-0.21380596805922863
415,-0.18420270561565055,-0.05888526515210407
416,-0.13231685965129508,-0.14672923237319047
417,-0.07512688153666464,-0.15063530227891414
418,-0.024854025748375586,-0.3561410940111281
419,-0.03336814818919204,-0.3008118938104765
420,-0.02819798523422859,-0.23068454248222942
421,-0.0019447499260881185,-0.06871698827245803
422,-0.03823779670574595,-0.11777765269405699
423,0.004877482045593767,-0.10028336839443575
424,-0.10997732318367476,-0.059658777920948036
425,-0.0516828414543844,-0.09191241709061149
426,-0.05355333333234297,-0.11531352393284505
427,-0.11753538632672678,-0.21436531803270914
428,-0.27326411175505433,-0.02578909706928642
429,-0.1649254858600654,-0.03277601268903674
430,-0.03456915668100374,-0.1678909320713215
431,-0.09390752680110742,-0.18183787221982617
432,-0.07692557869124544,-0.12606075930289923
433,0.011185893125557317,-0.3964147151856335
434,-0.1275364897419466,-0.05105600774588098
435,-0.008513249753389879,-0.03375085885020912
436,-0.11140056228156009,-0.16512274840431956
437,-0.03841124146447711,-0.4189622985443608
438,-0.0592467082703671,-0.42357355507573474
439,-0.21340061625203205,-0.1600801225850076
440,-0.06632791428074286,-0.11116751947036757
441,-0.04936056596996918,-0.056283417481900966
442,-0.06853204354635739,-0.45452970750928084
443,-0.029427564240440574,-0.163863924417038
444,0.05286981031603738,-0.2797334753921484
445,0.010318911536166042,-0.5321151596845326
446,-0.08377923561791528,-0.0005230700512503239
447,-0.11470673311113727,-0.11118453239789106
448,-0.1132265303028292,-0.13993384047160523
449,-0.03176456628201002,-0.13205841267069152
450,-0.23723903443697486,-0.20712879004670248
451,-0.18788278796784658,-0.16293371490879177
452,-0.5188529556520012,-0.09832424499261455
453,-0.098976469630767,-0.22339088604902257
454,-0.23323608606835922,-0.283338909615058
455,-0.02700573266848455,-0.09839130161539528
456,-0.02827140642976228,-0.17349103365860236
457,-0.013690861216247185,-0.23153998424416117
458,-0.0012280972360318165,-0.019039470345618092
459,-0.11457205158332678,-0.09892550661486915
460,-0.032588373508921964,-0.13486411532162396
461,-0.06804780371574998,-0.047462616852861905
462,-0.0054150653963096484,-0.1312591283084683
463,-0.15912819496912706,-0.18724745893699235
464,-0.07019395616468516,-0.03003660712091255
465,-0.05770597079286577,-0.09617255820888443
466,-0.2382596433224985,-0.0331437347809313
467,-0.22407933659930712,-0.14907775286712355
468,-0.10783161920142187,-0.05267826987401264
469,-0.013397212743734788,-0.04775141576049502
470,-0.06955392784324821,-0.07428548085887926
471,-0.04407466694271234,-0.13211498817953593
472,-0.03506259519738375,-0.1907677457513754
473,-0.09218066678689135,-0.2357513805701269
474,-0.00322405018983965,-0.11924190398395956
475,-0.011348894899817025,-0.0684642541817928
476,-0.029105270513801074,-0.12900660029100564
477,-0.1961235143853312,-0.02996634361157713
478,-0.0145127211224505,-0.09644577647185071
479,-0.0818968896615535,-0.17592022405941737
480,-0.023300949721481112,-0.08371965953367588
481,-0.11392026636045366,-0.18489439327251705
482,-0.18849573841154793,-0.19656519464104844
483,-0.11064779896585258,-0.3151879173902095
484,-0.034653672212981435,-0.061828345836216714
485,-0.2817591115062053,-0.08151572990141787
486,-0.2119140139076911,-0.05537571310553274
487,-0.07245782076753343,0.03194803418805889
488,-0.059280589723946675,-0.22278813752696647
489,0.05234381763124382,-0.11995582096550339
490,-0.11614372153327507,-0.13170563131208807
491,0.023220735953162625,-0.25183672209407787
492,-0.3137723865091671,-0.12776393954773924
493,-0.08922225772716463,-0.4756995382846984
494,-0.09421419881790583,-0.08393188611876212
495,-0.07943493804263951,-0.09468011458624698
496,-0.12386330354984998,-0.19244746553124953
497,-0.00018391880967238983,-0.11825838815273404
498,-0.12042694154184891,-0.11598025100501186
499,-0.05392653552610133,-0.008677622154129705
500,-0.08386012409591931,-0.19042371848190132
501,-0.08708569434543423,-0.0866750601546008
502,-0.06708096121406232,-0.3286860389623419
503,-0.07157535707155288,-0.3131338219923508
504,-0.04549530353953235,-0.0997540659475325
505,-0.26256878426681884,-0.025029419885967963
506,-0.09975376591825119,0.02098096627924767
507,-0.16055432044038737,-0.24060559622432443
508,-0.1347758210318592,-0.4172539768426112
509,-0.15880123767275917,-0.506848229218795
510,-0.017270480789759346,-0.1011550487078065
511,0.025199977884903885,-0.11685633985152782
512,-0.11867822210228879,-0.14696116202216097
513,-0.2063545242138931,-0.28708671660160096
514,0.01157025396529296,-0.24741434403815032
515,-0.16355592534393248,-0.4387238109372253
516,-0.044658182575799676,-0.22962015646001405
517,-0.09619598520764244,-0.43973897322090344
518,-0.11165966762231483,-0.10946585781432372
519,-0.13695449137606414,-0.347984335663637
520,-0.07079822512771256,-0.16605671663268556
521,-0.05082330366731458,-0.07971632393948519
522,-0.057986953280626585,-0.21930193561647998
523,-0.14417769460968732,-0.12774659252848164
524,-0.09817544578630594,-0.19563192678178826
525,-0.12689086555370283,-0.05844727653416121
526,-0.2707390467882801,-0.09073373998303202
527,-0.06642588104943331,-0.10570463832492966
528,-0.11600347976870345,-0.033607938417568206
529,0.008932826982113479,-0.34045562229976306
530,-0.08423546854226971,-0.22473675908628166
531,-0.17693202916202677,-0.0009205188224970517
532,-0.06509787416747781,-0.21903974718756447
533,-0.07250318362238267,0.015532686440056398
534,-0.12491118104571541,-0.34150718057846235
535,0.006722492347153497,-0.11333738091733908
536,-0.0194606281444199,-0.1415750222949393
537,-0.04774706012006619,-0.032648020412604006
538,-0.16170759103860327,-0.1512881157594898
539,-0.11084376583098843,-0.21149201057615757
540,-0.06204182327885904,-0.12539049196758006
541,-0.03950814693717403,-0.25941958973767637
542,-0.3640360137979534,-0.027429800286886435
543,-0.18019900710037068,-0.3133019551095198
544,-0.03425827659995895,-0.13521532478202808
545,-0.18460358151540013,-0.32096929356925513
546,-0.10781521602810179,-0.10738454123088892
547,-0.03497757541107854,-0.05529382951583295
548,-0.2168561527147641,-0.158329289416605
549,-0.07317391806901075,-0.22767863745307798
550,-0.1916523310117239,-0.08090782859466822
551,-0.288605602346697,-0.09977045351787178
552,-0.039676848148384625,-0.33145086515733174
553,-0.37509377416052286,-0.19074957419300248
554,0.029272797837556458,-0.09341110985431217
555,-0.09899979585894625,-0.1987981938966052
556,-0.0765150951218162,-0.17675774789723192
557,-0.09005843223576554,-0.015767364897921077
558,-0.03311369374913509,0.009167741499791354
559,-0.053660203213904134,-0.08547413492164674
560,-0.20620133954807673,-0.053771777828990064
561,-0.0810627673500613,-0.014262735940901605
562,-0.30046886080381646,-0.3047405145404863
563,0.010550465776723722,-0.15996317938517524
564,-0.10971468939610729,-0.21114145539655876
565,-0.027583185236913027,-0.09826027800141696
566,-0.038027140495815626,-0.27838124159256883
567,0.01616871125852376,-0.332464132546993
568,-0.185512140697555,-0.2739791354940969
569,-0.15391886301556873,-0.12654833414500638
570,-0.13970135681612222,-0.10599622484921822
571,-0.10434338039085223,-0.14428120101265723
572,-0.1422250786386839,0.0021848657897293733
573,-0.1272278404645188,-0.08066098698207114
574,-0.0089378887046212,-0.2460791571527674
575,-0.20477912703875883,-0.1405507875799305
576,-0.1350176563862529,-0.21437209225391357
577,-0.05777615226325339,-0.3630769608916476
578,0.05402904523625732,-0.20892155760010905
579,-0.11788277964950927,-0.09020055417975653
580,0.008195022942864255,-0.0634444236902616
581,-0.16336606421859617,-0.21437787987639306
582,-0.0016843071706631185,-0.30313274143021846
583,-0.11006570903657703,-0.13535260504137991
584,0.020509765142213504,-0.32144344943030273
585,-0.1936449918971841,-0.04778452766854624
586,-0.14049414224181273,-0.30943592631048517
587,-0.17307873230600024,-0.27951366604238786
588,-0.11142538429287652,-0.15099685658060474
589,-0.07050288621149386,-0.1397199668830305
590,-0.028043276402659745,-0.21449006989535968
591,-0.044097884512137975,-0.019844311946542098
592,-0.008854044366380015,-0.1313141939785108
593,-0.0540631801889947,-0.23073568768146452
594,-0.6545274799508691,-0.6217649673779095
595,-0.0013972344938368575,-0.2839386014385403
596,-0.14892716229233482,-0.2557721026207154
597,-0.12816333296695498,-0.09801193145592207
598,-0.04153160300645836,-0.466655025141473
599,0.01895446013393881,-0.01295562923247126
600,-0.2341988106570877,-0.06372007885003733
601,-0.11972005366244948,-0.15376336108791017
602,-0.1280892972603318,-0.32146130795613265
603,-0.06421644565331641,-0.1264120764408927
604,-0.025025384104849085,-0.07594753971502155
605,-0.14359744306187794,-0.16553044546578072
606,-0.059635068409184144,-0.03840627760706922
607,-0.15814380854728538,-0.1461929817340934
608,-0.0858771287373788,-0.07428939394459089
609,-0.03192895055948214,-0.34997236125493675
610,-0.0629401389792471,-0.1752210482059352
611,-0.18829898121865907,-0.5375227952937709
612,0.013406277720924675,-0.21801566141591805
613,-0.0620241970875921,-0.07889601480049596
614,-0.10935254927478744,-0.1639041024106419
615,-0.14700996136293354,-0.12893427682275765
616,-0.09610375258429682,-0.25580901939690237
617,-0.05663835228924269,-0.15120854374680337
618,-0.04705879381175365,-0.12580867731395823
619,-0.13403666649175366,-0.18367319593736542
620,-0.08162812740273201,-0.24912044949387258
621,-0.026071135471182227,-0.14638089727383108
622,-0.1595423677703191,-0.11813155702594907
623,-0.1558866224006294,-0.38539054374955756
624,-0.2364443287170111,-0.23871256523892775
625,-0.26519060086939,-0.3389496257980989
626,-0.13230740216375875,-0.22239761940096592
627,-0.08763160510376494,-0.07628318568537723
628,-0.31991609318967046,-0.1167993249198081
629,-0.09633641400943005,-0.21765665412454832
630,-0.1070531511493728,-0.17677918548130522
631,-0.11967922792053182,-0.2931877929529792
632,-0.1079077268045659,-0.06486410819120147
633,-0.13668208303448104,-0.188290692277081
634,-0.04294590374482238,-0.11075904001891507
635,-0.047962289425315274,-0.17064794792886961
636,-0.2828132854824846,-0.09346532220158282
637,-0.06182814631231931,-0.2280155545156814
638,-0.10037215210843353,-0.2852967627154684
639,-0.02844931313675314,-0.35064606109009006
640,-0.11917489974778178,-0.003146006626671888
641,-0.1264160406936824,-0.23204736739676296
642,-0.034984258725314354,-0.003909336847015388
643,0.025145091789347013,-0.2996985817498012
644,-0.22933224184218942,-0.18268942923081644
645,-0.08286112326442352,-0.15741416776481298
646,-0.11643589173590735,-0.08141427799535289
647,0.03479048737632959,-0.1840459417022982
648,-0.11544288527483443,-0.43660358203781485
649,0.03474549419045969,-0.19508473583396396
650,-0.01563629293776772,-0.12289500217447102
651,-0.11268819895467669,-0.1650338585956136
652,-0.1052483243134934,-0.12928275074685075
653,-0.1479467068271922,-0.047361271728954824
654,-0.126908484266388,-0.03728300506596899
655,-0.07106806278219496,-0.34368922811931596
656,-0.10561301300032583,-0.43077928684168637
657,-0.09953251995368467,-0.14554502916190204
658,-0.32248114215146934,-0.0187485203491925
659,-0.07533196364408168,-0.19596618078442274
660,-0.14188392525341265,-0.14663527694178136
661,-0.06617396137698955,-0.21137136895175634
662,-0.055509120189962846,-0.1416513397917873
663,-0.07806488676538992,-0.3106342810486387
664,0.02833573751423535,-0.28010789995455404
665,-0.18578536339824114,-0.5077362936703509
666,-0.14590510695727338,-0.15678453773677614
667,-0.02335358208664201,-0.11376540197675239
668,-0.11977963803197061,-0.09769846931191778
669,-0.07528237365880108,-0.42904310734413514
670,-0.02064621764031449,-0.12598418136273842
671,-0.14414458284022708,-0.2258482095944252
672,-0.02856735350396203,-0.17025339580956045
673,-0.17374444512437415,-0.0774581936871172
674,-0.09886821184309136,-0.2111147057269388
675,-0.05728969085896546,-0.19526011533646936
676,-0.044611499679935274,-0.1758028714032438
677,-0.020515710568074413,-0.1432953372468821
678,-0.23323855636591284,-0.3514586173143895
679,-0.16156355081203527,-0.2548434573259773
680,-0.01378025078517739,-0.23668274140103035
681,-0.09493287601231426,-0.014856819106513264
682,-0.24917709583648706,-0.0722920976759377
683,-0.029615220376111473,-0.023234342439925504
684,-0.06715624142425974,-0.12281726898225898
685,0.017750626229134148,-0.3214588159709149
686,0.023525739310012395,-0.20746083822982553
687,-0.05864349647706274,-0.033349146739826974
688,-0.12455132619490528,-0.6220351683536556
689,-0.004541636033730312,-0.13378861608436082
690,0.05174798950967277,-0.20456224343460055
691,-0.20940073322391312,-0.12074962004428097
692,-0.2775516466471284,-0.3100093852055668
693,-0.20528764304950003,-0.14758335599867245
694,-0.07254945162184095,-0.06247925028988305
695,0.011451006427606047,-0.1548005621028697
696,-0.04920627045024356,-0.35432039469974325
697,-0.1362277265755662,-0.15204259217981436
698,-0.029574027961177585,-0.35500907145425636
699,-0.08415441621246211,-0.6082598245087645
700,-0.30374660419402083,-0.1797883949822912
701,-0.13369305349710664,-0.21340013435317
702,-0.2875736012079447,-0.010987197641652652
703,-0.11068364404008618,-0.09242134700518906
704,-0.13757688891530045,-0.18020543794115906
705,-0.011562376647783923,-0.09897675916643645
706,-0.17148306748435993,-0.04300419154283963
707,-0.25288446636305256,-0.023057094760624397
708,-0.09827060944057076,0.017336778237495243
709,-0.09550255675313674,-0.1832451262314334
710,-0.023743294958696648,-0.049837080260485445
711,-0.016111220873212567,-0.13042819783719994
712,-0.29546370022550034,-0.37175916599522724
713,-0.011578412075422373,-0.5327450722997555
714,0.013863395148177055,-0.0042917001140831135
715,-0.016745617205783714,-0.2651451262349071
716,-0.09634881687541941,-0.016762424264555126
717,-0.022975676750265545,-0.27509439687910237
718,-0.1394116700378178,-0.23891112909850382
719,-0.4335443131116034,0.0445424378708103
720,0.07533114374419111,-0.11609588330853521
721,-0.1488171142765275,-0.092574378888573
722,-0.17582066865706203,-0.09392309090578804
723,-0.02151876619419868,-0.10519522556204475
724,-0.0820551507028307,-0.15213103833649572
725,-0.14799268628033818,-0.0794558311114385
726,-0.008384856189845413,-0.1839712070246679
727,-0.5315971161145734,-0.33535616604214896
728,-0.15724401740991523,-0.3202902149056301
729,-0.08841272866665228,-0.179107494765397
730,-0.15381674775301923,-0.1485337144076081
731,-0.21589179269500813,-0.2452781288802614
732,-0.15699908824114417,-0.40300438980648495
733,-0.003726538879959357,-0.21039570906413968
734,-0.06317980718954125,-0.13460127464824673
735,-0.030013355842273715,-0.17364417045699032
736,-0.2201611617253454,-0.2393207510381299
737,-0.2450485059039597,-0.1057898380423909
738,-0.022599674206438325,-0.04333427317437322
739,-0.0016990804120491365,-0.4489407028079356
740,-0.049462452943390633,-0.16958211271986035
741,-0.0737610976733416,-0.211194102564969
742,-0.009485801154877405,-0.43349294254153486
743,-0.10077962855446576,-0.06718063456021528
744,-0.18053357161353184,-0.05035117179139065
745,-0.07037824118804753,-0.2070277355114633
746,0.02734548982517615,-0.02731193347776603
747,-0.09632252579207284,-0.06793466746723426
748,-0.361224528303103,-0.02049321997354961
749,-0.03290275765017475,-0.12219474315871742
750,-0.17370412750819175,-0.33885335517503085
751,-0.12912021423141,-0.020243582681353622
752,-0.15396910876772768,-0.21612910640994182
753,-0.03767947745488737,-0.1580920463822652
754,-0.23360938438338985,-0.10655229959949569
755,0.010069271460691448,-0.23744249598238726
756,-0.27015598205852304,-0.02995703447695408
757,-0.16772408269490646,-0.035334879076526604
758,-0.08306280614157141,-0.1356201652681061
759,-0.24010702395268874,0.017478096493799583
760,-0.04933831384865245,-0.32285391061548935
761,-0.06644822108068776,-0.22837641955969507
762,-0.17765991531406777,-0.05098708819160369
763,-0.06398431714361691,-0.2630916061342599
764,-0.04852058719488561,-0.14335270877533846
765,-0.1475566276626028,-0.2239559636038495
766,-0.22243907770162535,-0.1442080219333412
767,-0.11589749035946756,-0.08968774433015286
768,0.0020180405387021094,-0.12532048066375695
769,0.013562769556856619,-0.09871828133350868
770,-0.11350738609880673,-0.364983654288442
771,-0.12131977817351086,-0.13940141006131174
772,-0.11025433653575845,-0.2601925429600464
773,-0.081213357324044,-0.23106231472225525
774,-0.11186087184702792,-0.20981848678243709
775,-0.41890604537240067,-0.05951129983160025
776,-0.3457242978596437,-0.19683255541766093
777,-0.16020316618228375,-0.6632903388744946
778,-0.08788391348525099,0.02483325059439989
779,-0.00018173476909502662,-0.072534284246141
780,-0.2758909890327161,-0.07087635873803155
781,-0.30577773247861945,-0.21910825734496314
782,-0.14756509803770534,-0.10350846311061151
783,-0.06902030259408826,-0.04586620911144729
784,-0.02377485412375857,-0.27757991866803794
785,-0.016292966872414466,-0.39022830610392695
786,-0.03660058039991981,-0.1266919824584895
787,-0.05817139988619996,-0.08298839197686908
788,-0.17958648685728879,-0.04356736411515555
789,-0.2278816080478009,-0.17110444601080887
790,-0.02220708143241784,-0.19569097696043414
791,-0.03515478121088339,-0.13501015495463708
792,0.03663448372739175,-0.2939335893457489
793,-0.08016124671948915,-0.010209717068064672
794,-0.023992254125176526,-0.1447973781276316
795,-0.03424247083395038,-0.21316258188639164
796,-0.03139280981020448,-0.0012125834761637366
797,-0.11827807581398792,-0.17226922310061077
798,-0.03146482861742078,-0.14088269531553088
799,-0.039668203231501165,-0.1644028221465373
800,-0.10236956480769321,-0.25955813280151907
801,0.003510201997033474,-0.2890428658589323
802,-0.0834891391507987,-0.5780123754303432
803,-0.11285747833973137,-0.3798639651150773
804,-0.196778346694155,-0.15007459593282363
805,-0.024636600624846516,-0.22881490282247346
806,-0.3266558469323975,-0.1368504729906213
807,-0.11372099860128176,-0.21285792170243567
808,0.004653122723852876,-0.16657803395712917
809,-0.06473672020223253,-0.07522978934231234
810,-0.19732098639156637,-0.5155218751029518
811,-0.02205589353311052,-0.20866000563961762
812,0.004127858491312197,-0.06344370373019653
813,-0.014679276163437088,-0.09078447637345222
814,-0.09630971086202667,-0.06753406291088732
815,-0.11323116414644002,-0.10277161839516613
816,-0.11923712723400298,-0.1818155416976721
817,-0.363766864323758,-0.15644992284467218
818,-0.05225017319591663,-0.178985226835901
819,-0.16337791394337436,-0.18382576585431715
820,-0.2865174780235253,-0.11924270593861747
821,-0.45803466702968426,-0.06358862278157573
822,-0.20089381215069568,-0.20190450905335372
823,-0.2778167474990743,-0.1554032335712116
824,-0.17254464637113126,-0.12108807247439829
825,-0.010801584733381692,-0.26345379902557375
826,-0.08776470600924985,-0.30973229469693847
827,-0.10258326984931693,0.055448039238475355
828,-0.20914284488927704,-0.060469566775549655
829,-0.06122994434200618,-0.014606461942156784
830,-0.05204318344451442,-0.030956765492800686
831,-0.08884171525647044,-0.11880506245844996
832,-0.05517378023118069,-0.11629601780324345
833,-0.09176155606252673,-0.19003518666167085
834,-0.03818328297979179,-0.10064985146095745
835,-0.24104326130619114,-0.1607338931886912
836,-0.06275647590620131,-0.20694112072430088
837,0.020658600545068406,-0.26696345658397225
838,-0.10240416586350903,-0.10212198344841283
839,-0.2199004357291589,-0.08563408248361448
840,-0.04303094147240366,-0.10617392660135544
841,-0.13628581908499554,-0.11585060670522068
842,0.03897553265323725,-0.13388341631303668
843,-0.007084418014813354,-0.24882269004495483
844,-0.08644885239950989,-0.16976713032741603
845,-0.12589337780423238,-0.13465302222903702
846,-0.1582293502481127,-0.07156968573305317
847,0.028098314150785786,-0.1710964868571319
848,-0.10197097902208246,-0.11994096432816542
849,-0.12232747076345535,-0.15254416757156797
850,-0.06913814622063519,-0.06117865552333929
851,-0.05077866109605211,-0.13972568794755058
852,-0.08425999763644015,-0.0596678222175937
853,-0.2654460976724286,-0.33822468854345117
854,-0.04787492356490075,-0.1727572217403861
855,-0.3065994262641006,-0.3040525728128712
856,-0.16114965729722136,-0.14687989122879347
857,-0.2626384198282822,-0.14934153079536316
858,-0.1673885461471335,-0.4349799056913954
859,-0.013932470243465556,-0.062347254247124784
860,-0.2440171793699198,-0.15488392275970425
861,-0.1122553038586695,-0.45813575293642556
862,-0.05641812515602762,-0.03834080532567413
863,0.019540034619601965,-0.09305905943181825
864,-0.13576277622976374,-0.06949463727280242
865,-0.42969658885260636,-0.014386704788940108
866,-0.19171870884318953,-0.07620335498854497
867,-0.23939037657578965,-0.1820584893488968
868,-0.17934367789092637,-0.07482250700986365
869,-0.13907426769372233,-0.019791588929909815
870,-0.30110410249187086,-0.19494972867959326
871,-0.016558349864399136,-0.1161129599450027
872,-0.26928228486479894,-0.06631743799823714
873,0.028521274585936895,-0.16621766712369562
874,-0.22064392898694368,-0.14465885210603763
875,-0.03674623523724874,-0.04570467363050951
876,-0.3277554618531207,-0.3602283055521121
877,-0.029384796379894607,-0.15436447107379142
878,-0.0964679246411308,-0.12079370056636746
879,-0.023370326165921634,-0.1852171291475248
880,-0.1826458030498614,-0.17452048193445374
881,-0.07776150924164765,-0.17367777689981928
882,-0.05268945271916675,-0.3308353248346985
883,-0.013743660879105696,-0.2076380059148505
884,-0.252349188355474,-0.046011982922932126
885,0.03955328000033442,-0.09166537561746801
886,-0.07539130258803983,-0.27301586226908875
887,-0.004762444505360508,-0.03876975523474435
888,-0.12747893440575786,-0.04352132306013118
889,-0.18115087254049456,-0.18546163358036177
890,-0.049852830266875925,-0.06123249805149822
891,-0.09691902148010428,-0.1338372192402274
892,-0.034631022330282535,-0.26338133564116245
893,-0.0013979507305412753,-0.07139691330395959
894,-0.17829453163947617,-0.37996828259868004
895,-0.10409505901336913,-0.11834457758770595
896,-0.08575947473783607,-0.33466584853613207
897,-0.14749959118585854,-0.33820808025754473
898,-0.00539233808141526,-0.030622935650722494
899,0.04527441424273937,-0.08176739609475309
900,-0.12599768737008515,-0.08356180469145119
901,-0.13683725709864197,-0.2803105509693273
902,-0.024936451395222048,-0.19257619972831613
903,-0.21169919588424574,-0.07951010029495431
904,-0.03223509513605122,-0.2708927340044699
905,0.0015803598942794872,-0.05955790077150103
906,0.016261844404908632,-0.12546012833983405
907,-0.06466391894043272,-0.32411283493174053
908,-0.23161116651999952,-0.31930935558567747
909,0.04141689875223112,-0.16639516497574464
910,0.032754511974036254,-0.06193594140194664
911,-0.09428760072924042,-0.15408884951313623
912,-0.009959278500695362,-0.17265441720986846
913,-0.14994992811731422,-0.039647525939441874
914,-0.2174392294481728,-0.12408137885789844
915,-0.22503867331600974,-0.5847687635185523
916,-0.27989610663847336,0.010456279315871897
917,-0.24753494484361604,-0.35511016320093364
918,0.02924780160996565,-0.13529045256243294
919,-0.10043689812546702,-0.06796608575248353
920,-0.1432741616392485,-0.027917133613574674
921,-0.01874750133466427,-0.1147563403119411
922,-0.09243426774933688,-0.15330875514772724
923,-0.08392901248117524,-0.2035794017125825
924,0.030882705142341094,-0.11745459042514628
925,-0.23806194983846923,-0.29467276714936025
926,-0.03940787090547654,-0.26090516822538595
927,-0.1953019010303002,-0.008634456780947458
928,-0.04388162158606723,-0.21734754819808272
929,-0.012709288565236676,-0.36741739496447706
930,0.011936833641723626,-0.105856543207698
931,-0.06546408824242134,-0.13712535603302767
932,-0.12982900681440473,-0.14132861292678245
933,-0.15145696503529787,-0.302452027680799
934,-0.05831619579682956,-0.01854239938127364
935,-0.13158560197218766,-0.2098539967041988
936,-0.07355955110181184,-0.21106432621290716
937,-0.33369175367461595,-0.36079075243820685
938,-0.27919564992105067,-0.04765661153284739
939,-0.3576917685965813,-0.48385691099992706
940,-0.08399538096438625,-0.39343039717964384
941,-0.02665732712130403,-0.407460344212253
942,-0.34171667310689685,-0.061253400067099006
943,-0.018882680162608495,-0.3006263798845115
944,-0.06442604179905226,-0.07821241968807024
945,-0.04993854879316717,-0.05306597241207878
946,-0.08666402307668541,-0.2308851254464252
947,-0.019127374152821702,-0.17843496614899035
948,-0.009727326546242643,-0.25681503289856333
949,-0.07356964659099657,-0.30285147015829866
950,-0.1385721233569988,-0.19376394683764414
951,-0.20663698520259172,-0.1972262462545717
952,-0.2556931258316614,-0.14025920153818466
953,0.019665018374281945,-0.29082638121542886
954,-0.08889203397738937,-0.16724159720781
955,-0.15688328009919034,-0.1034215720204757
956,-0.04517262888278489,-0.008869679726057816
957,-0.25949937623047553,-0.06094849655816098
958,-0.049213812563771,-0.4665732459701612
959,-0.04660601648986712,-0.07763723757582885
960,-0.05757593480718087,-0.037084964597237924
961,-0.11491110958605438,-0.4015401465194725
962,-0.15519466263272175,0.04229073781804171
963,-0.13415840340711327,-0.2127602351382744
964,-0.15195581317578094,-0.13620612979453822
965,-0.3209363269505366,-0.10973568584936516
966,-0.05426740998294405,-0.08541100656905115
967,0.006090091802104847,-0.2943792642139414
968,-0.10172526448230107,-0.09166812347809766
969,-0.10767765045374306,0.0040023537637338125
970,-0.05095836674366261,-0.2964637495498668
971,-0.16045560485955862,-0.02159691537038322
972,-0.07647899063569236,-0.30307950153496815
973,0.041954653173918915,-0.430416563057533
974,-0.0945718118185836,-0.31418199530353413
975,-0.11072044385220686,-0.20767921447593313
976,-0.1152213144355006,-0.26231930588719643
977,-0.012600935658489049,-0.1695382665632948
978,-0.09654910011350754,-0.09688584289143781
979,-0.1842353068018771,-0.31449993337724363
980,-0.09916893979898356,-0.09685083079841722
981,-0.021136041212753226,-0.10212525051227106
982,-0.19402941575987254,-0.3581797776451649
983,-0.17112117487739026,-0.18566201024338863
984,-0.21400521244380505,-0.03676542389889431
985,-0.031783548511202575,-0.0667834552337232
986,-0.06271288092805899,-0.10403600652113904
987,-0.11555714691367447,-0.09133283864765196
988,-0.008175371253797081,-0.11686468522812654
989,-0.037981214195348834,-0.02587960930148242
990,-0.11814413865377488,-0.3403076646709679
991,-0.08472410784582318,-0.058249034707835656
992,-0.02134980908687345,-0.0016090723155695041
993,0.025156251477471248,-0.20011895702054677
994,-0.13168574596287946,-0.15919688722666403
995,-0.06977359090459895,-0.2989420466158859
996,-0.2573436471958824,-0.3128687598891717
997,-0.126290842283738,-0.11019997117096203
998,-0.06761945808086867,-0.05961600577217513
999,-0.2167916071490536,-0.15736502543015474
1000,-0.18115946716001735,-0.24866120329003533
1001,-0.03077976113818348,0.021497183926625613
1002,-0.03994365095304503,-0.0685211752057992
1003,-0.018894908287864276,-0.16029776568161336
1004,0.022384858482749626,-0.1909573339135921
1005,-0.17806001812860156,-0.042103926619553145
1006,-0.12429148438342036,-0.13190527044102457
1007,-0.06440055322990568,-0.140566185800855
1008,-0.04451241224197655,-0.20684631937234782
1009,-0.04054581169211641,-0.2999203865400342
1010,-0.14550517079744757,-0.23000620689114482
1011,-0.10862397843132204,0.04232229626272674
1012,-0.003460458406683853,-0.11783759380005226
1013,-0.2518201483348094,-0.05429973410601435
1014,-0.157214792940424,-0.2923685277267139
1015,-0.01411346144643183,-0.18539268566288952
1016,-0.3115572507539051,-0.2208934902803471
1017,0.004186875817811936,-0.6209367873744664
1018,-0.28191087008205956,-0.1720267009994242
1019,-0.1662128284086452,-0.13144259639855715
1020,-0.11462027153240045,-0.10864462324819463
1021,-0.09545388623572587,-0.309100855357958
1022,-0.3047731987970385,-0.14350766397319653
1023,-0.19120003859873058,-0.4583466385728739
1024,-0.16121564589286835,-0.12361972931738008
1025,-0.23489114076924306,-0.14064283629724567
1026,-0.09517077522165113,-0.2190808185421727
1027,-0.1645436504375345,-0.363445033114613
1028,-0.04288011748101567,-0.11377580253267744
1029,-0.15071957622169735,-0.26264278337765473
1030,-0.15561650444740527,-0.3540451563434917
1031,-0.3592544595201888,-0.20513304212951666
1032,-0.06911861849052842,-0.30711172975694784
1033,-0.07848970444468878,-0.07073072288922949
1034,-0.24096089339501459,-0.15658206004895625
1035,-0.006953142485915026,-0.4844966468911161
1036,0.001617175796171627,-0.1090347295967038
1037,-0.11354873524214076,-0.3692105425812689
1038,-0.36179218696407306,-0.23400364894886355
1039,0.0318179653407602,-0.08094507603519147
1040,0.0012434752595553156,-0.29485562911722846
1041,-0.38088675494618424,-0.1218307490115354
1042,0.06920235086318868,0.012438384620545001
1043,0.019395755861930458,-0.19815317720448183
1044,-0.1094047744676005,0.03368592561383621
1045,-0.16082993669448215,-0.07015227307159183
1046,-0.06596108322473182,-0.31187533035365816
1047,-0.24702255198846806,-0.3298421813492483
1048,-0.1491948116465422,-0.1196704707736686
1049,-0.0836666008888709,-0.2345857116065288
1050,-0.35821312781623643,-0.11939222758864965
1051,-0.1294566747916403,-0.1274790512633745
1052,-0.033614846848577296,-0.342391768275685
1053,-0.00924838331290237,-0.2702986256878371
1054,-0.0660142391247675,-0.007760054289473128
1055,-0.039485949725135694,-0.21786330042985547
1056,-0.1597669418158214,-0.17707155117966522
1057,-0.38142449140779394,-0.13639388568446836
1058,-0.02404410524681,-0.5889858422236594
1059,-0.045429860449788195,-0.06153512055602922
1060,0.0559044901625842,-0.16052009931165884
1061,-0.17908536505193123,-0.19863175563003382
1062,-0.1849961318726679,-0.36852944646081026
1063,0.002441335745607176,-0.12195340352548961
1064,-0.027394477059454136,-0.17878507289405
1065,-0.07669736222268358,-0.213887141757177
1066,-0.061997890582062676,-0.2989409759608222
1067,-0.08639567460474873,-0.22195477556178383
1068,-0.1393393754480547,-0.1434998114210505
1069,-0.05326164665807326,-0.2572794663215261
1070,-0.03689752976158733,-0.2486303083145422
1071,-0.208750093427632,-0.10045356532640981
1072,-0.026925869297138028,-0.15369037584508505
1073,-0.2283075722009072,-0.3337446459105355
1074,-0.11377149641505063,-0.46280798610229484
1075,-0.1650337503323493,-0.09089283603761933
1076,-0.03861998996927113,-0.0672484570871647
1077,-0.21915274968801313,-0.22669298580681152
1078,0.03371844862279544,-0.30899318068779597
1079,-0.019902911077804397,-0.01275404186568957
1080,-0.07657579306086543,-0.34060779078446207
1081,-0.14500267658025945,-0.05785223576998577
1082,-0.08311426238660141,-0.09407936981814641
1083,-0.16178902050480692,-0.24476269472540219
1084,-0.10946031304208087,-0.2585828768143975
1085,-0.15194713025966528,-0.07134248854296898
1086,0.029092138997659805,-0.06977778516773847
1087,0.00380100938454761,-0.21348502462248686
1088,-0.15734828838297898,-0.11717715270710066
1089,-0.12150593323129005,-0.16140673230418934
1090,-0.11285718665468086,-0.19174805377347764
1091,-0.10958467290847174,-0.24543492109087894
1092,-0.03934725752901297,-0.3773115653735802
1093,-0.046893657183081916,-0.277966438285661
1094,0.008099073541140756,-0.04345856923263752
1095,-0.10316415749257024,-0.1355690389770478
1096,-0.12236293602656118,0.023931839563532092
1097,-0.1614055696658072,-0.1660204056988484
1098,-0.054049694322754915,-0.17943183939163104
1099,-0.11311356882363499,-0.01551968052593869
1100,-0.05967650300690702,-0.5851953009078792
1101,-0.034756564285072844,-0.07237493340557383
1102,-0.015653910428431866,-0.45160421983840143
1103,-0.07677145694876142,-0.19522575831822758
1104,-0.04917876466976717,-0.2792390174124048
1105,-0.08340718723825985,-0.10349611550150589
1106,-0.1485296364387736,-0.5310128903129965
1107,-0.13207782844331145,-0.24108983580661797
1108,-0.0518227525361416,-0.14559188767160575
1109,0.05363638400497353,-0.26440869593530303
1110,0.03501168867211393,-0.21082535276789466
1111,-0.41082301844328245,-0.2752072636985338
1112,-0.09074948490920798,-0.01013554816716003
1113,0.018970323827367908,-0.06222985292908195
1114,-0.175832861385757,0.041177975619152346
1115,0.01620556370444437,-0.4369098870373625
1116,0.002918354194380579,-0.252043365976774
1117,-0.09053046807736054,-0.19749801837172415
1118,-0.11156889628982386,-0.1919063254117636
1119,-0.018752593242790605,-0.1306072062780393
1120,-0.1297759129006017,-0.27927241889626037
1121,-0.06183942782992086,-0.40379033674465
1122,-0.22200727784696628,-0.014071995827126177
1123,-0.07209579233356439,-0.1261049876733868
1124,-0.11246308429468038,-0.25172103928244755
1125,-0.1204909522854602,-0.065145719119021
1126,-0.08606754787784582,-0.02130188029505367
1127,-0.09641303779236865,-0.0169935598778177
1128,-0.08126375184765822,-0.17715993649852985
1129,-0.07604484165321651,-0.350260895091904
1130,-0.1516339963520429,0.008228782454970163
1131,-0.11338576264735234,-0.18860929995629555
1132,-0.04155906566702189,-0.283088021193908
1133,-0.04621784970029835,-0.23863528906631293
1134,-0.13683208354409854,-0.08075238750654418
1135,-0.07582020859306299,-0.29442079805134364
1136,-0.12022200750729944,-0.12318876686631913
1137,-0.1177190121492761,-0.05013515186941858
1138,-0.20037595082456544,-0.16384731786611723
1139,-0.3387767467999386,-0.11551196764839533
1140,-0.07860821515211835,-0.447044345705179
1141,-0.08477142670695248,-0.20019832017000005
1142,-0.1489589964267607,-0.14433697996527595
1143,-0.09656808805853817,-0.13738366232378424
1144,0.0032133751163840873,-0.11122988295914682
1145,-0.11232181916730272,-0.17021821310021373
1146,0.01626542431751954,-0.09514644923188587
1147,-0.16448223440551596,-0.04052478230833939
1148,-0.029125475777170617,-0.1503114273992282
1149,0.009927724622489253,-0.1476111985379554
1150,-0.04480873445676925,-0.18741080951419736
1151,-0.039029752627022685,-0.05595935270847752
1152,-0.09112186985419995,-0.14007027772922714
1153,-0.13404014895307836,-0.25486778685986805
1154,-0.012396612046314426,-0.07576801475720557
1155,-0.2538165291312151,-0.19718273079658571
1156,-0.06177888883132282,-0.14448310758354244
1157,-0.07820208609891532,-0.2882714819570929
1158,-0.035083700433092335,-0.21729814811378334
1159,-0.0874479125394732,-0.13695479324329723
1160,-0.11958075833193033,-0.3427346792848239
1161,-0.11526827324905103,-0.2163089906307365
1162,-0.1195234248005212,-0.09382742474571243
1163,-0.06822494643347005,-0.11588683509731257
1164,-0.1653482359399523,-0.06516773184093905
1165,-0.09674241155869023,-0.2762223663428342
1166,-0.04400065826059718,-0.11093693153960599
1167,-0.051220549327045395,-0.2465413152094914
1168,-0.18081296058795465,-0.1908502029114501
1169,-0.019033999325577228,-0.21063107566149436
1170,-0.12991939914730039,-0.6085995664649848
1171,-0.041651701899960425,-0.21111062260129426
1172,-0.21834851889314616,-0.12005719693329259
1173,-0.004478569045590908,-0.3938409626781724
1174,-0.16937398696782535,-0.09786461161111087
1175,-0.03528211224799627,-0.12233941499720014
1176,-0.04628706498940638,-0.026318161131658635
1177,-0.009478228035768477,-0.07420098128490749
1178,-0.05518065102068265,-0.43051432584609045
1179,-0.09521886751358444,-0.14854077340512478
1180,-0.16524803189459275,-0.14457666638053496
1181,-0.27755267144245427,0.03932934206150063
1182,-0.04048091818298055,-0.2751660013481016
1183,-0.07594876119472976,-0.1552621287332096
1184,-0.07927789807648772,-0.13528189617230246
1185,-0.13010526740187423,-0.10979154429797239
1186,0.02778407986176526,-0.3115708563361523
1187,-0.0727719220893504,-0.15365244248990578
1188,-0.11884660436654831,-0.19945315774614225
1189,0.07317496399831738,-0.10551946735695394
1190,-0.17944152865144142,0.0426753631253515
1191,-0.10706714406408524,-0.383835896193549
1192,-0.09606802674537779,-0.4555954581317399
1193,-0.1495064629254234,-0.0027330244856281216
1194,0.021874050684665358,0.004470171639854914
1195,-0.16402422970127412,-0.4488342638433624
1196,-0.0641581884775459,-0.021145503939299926
1197,-0.051032759005657014,-0.2019068659005735
1198,-0.12292837750610952,-0.15296620105907816
1199,0.04960351040765221,-0.05590575924294228
1200,-0.07144394650276192,-0.18490978637460243
1201,-0.08088827528615566,0.06228707934436731
1202,-0.07155037114494239,-0.2579110162797841
1203,-0.23401194143581516,0.07106750918845647
1204,-0.18027769526707815,-0.08322794832543101
1205,-0.16670863110006107,-0.05581069489066731
1206,-0.35963467851104375,-0.20712331370023357
1207,-0.10509960731829371,-0.2864882629819932
1208,-0.040296615983669626,-0.11265546465114301
1209,-0.09228643900786077,-0.4052616930047573
1210,-0.07108121170783865,-0.35497622986349425
1211,-0.630733479504719,-0.1443168010228631
1212,-0.31496489008983725,-0.011002561808266809
1213,-0.0924027607043329,-0.1639911460798495
1214,-0.09100750737233188,-0.09094159065725993
1215,-0.22228217121567223,-0.28751382223595306
1216,-0.22687269541121063,0.015849886102601407
1217,-0.05961210722208249,-0.37168203204764577
1218,-0.07638158881767082,-0.1094229451389565
1219,-0.1832460117791268,-0.005219649341968918
1220,-0.06336048305930186,-0.30907136558880904
1221,-0.02104701791638519,-0.20211380211436542
1222,0.03824868079883609,-0.4180247042546534
1223,-0.17591849247769814,-0.0676241917209992
1224,-0.04244010847766094,-0.06844225352547606
1225,-0.09897674843907689,-0.46838712893305373
1226,-0.05843944708907628,0.05658768707600495
1227,-0.3138414040269612,-0.2043359115093068
1228,-0.10742724169428985,-0.05676631903642443
1229,-0.26460179760120117,-0.0616003087540371
1230,-0.16196352834845784,-0.3505260577767369
1231,0.023899387582580423,-0.4123317277649408
1232,-0.07061364702042228,-0.13047703154929663
1233,-0.12022521843654566,-0.02354306874828943
1234,-0.21580086376185315,-0.0034413706582623327
1235,-0.08793332025744771,-0.04251203521451957
1236,-0.10839150430993966,-0.5870350143252006
1237,-0.13691725252163633,0.015108446125595476
1238,-0.07502826816190827,-0.10877433416840193
1239,-0.06115097278115572,-0.18412750363250852
1240,-0.09838498346299479,-0.0731293371176952
1241,-0.4781623923289014,-0.2617298390900797
1242,0.0004227617621193336,-0.059849015939671735
1243,-0.0945891236734363,-0.14751004224019887
1244,-0.15477626372319642,-0.11668566411169884
1245,-0.1320929041812614,-0.20658013205345216
1246,-0.2257057782013987,-0.04468511159459482
1247,-0.10947449429888162,-0.26034007419549327
1248,-0.07608611671063858,-0.1084577275035507
1249,-0.0584262832481694,-0.23216867235925737
1250,-0.040117156893259176,-0.32308074242197377
1251,-0.2403760494388038,-0.4579644525645053
1252,-0.2436366582058654,0.024205890553959747
1253,-0.010713109040611762,-0.1438287414734144
1254,-0.007469388823632406,-0.08333792811582813
1255,-0.08889594350555641,-0.11330311122472769
1256,-0.22206440408719907,-0.19120676772857415
1257,-0.32938929337578166,-0.15217155571792929
1258,-0.014568613832676797,0.046008327201370214
1259,-0.19820442287481893,-0.11169795503035063
1260,-0.04264954186282599,-0.3011675494560975
1261,-0.02093743671442394,-0.25946679897376235
1262,-0.19772667674046385,-0.1145255553738378
1263,-0.06460812777920061,-0.0888513021323144
1264,-0.16660752040900134,-0.008165238372396078
1265,-0.16690388746659018,0.03277757369832976
1266,-0.14411329874265938,-0.01138620842047533
1267,-0.15880748804661604,-0.2220657274968313
1268,-0.09228229152551148,-0.0891684980758431
1269,-0.003767301531261591,-0.5897436326875332
1270,-0.05447641356388422,-0.1870265926392904
1271,-0.06176809910759645,-0.2636884588968261
1272,-0.004926129631239867,-0.09346409238808578
1273,0.02495571722189638,-0.17786556511426432
1274,-0.007993650278088904,-0.05881983266102919
1275,-0.12011306022270296,-0.05717320172055679
1276,0.03689862597905763,-0.1683469702630177
1277,-0.07185776621360923,-0.4179156283925572
1278,-0.11125936170195527,-0.17418748021243585
1279,-0.04472547900011109,-0.35400957430484487
1280,-0.19865483179374033,-0.0572480401130977
1281,-0.050210417744141034,-0.2876687286399416
1282,-0.18387845295122535,-0.36826643017689414
1283,-0.1109704157480852,-0.16925087651994153
1284,-0.08198436107793594,-0.16342269423489886
1285,-0.048021140810078966,-0.10070790107879235
1286,-0.07071340171754964,-0.12882126972741564
1287,-0.11474456557304208,-0.20085951147783238
1288,-0.0055691465158420606,-0.06878011089395664
1289,-0.05322319407228049,-0.3262269040788646
1290,-0.3336413734248372,0.06058137537935204
1291,-0.2737030232989616,-0.06729762384479399
1292,-0.12658857708350696,-0.4020556046229647
1293,-0.12529198644434608,-0.45381946042810156
1294,-0.11900280738365948,-0.4001236207398264
1295,-0.2292789279364904,-0.36138688962609083
1296,-0.23578429778890786,-0.15292531804655768
1297,-0.04084462381509335,-0.1817629234854612
1298,-0.011663654998542328,-0.24815746228496915
1299,-0.141415541318764,-0.07169124854929249
1300,-0.12963122011085004,-0.14811822293248683
1301,-0.04413807543544512,-0.16349454908350236
1302,-0.1862584386874423,-0.2834240994858534
1303,-0.010168214272280207,-0.012971423133722848
1304,0.014351775940105949,-0.39602453271495425
1305,-0.33065766223329557,-0.3385622545811889
1306,-0.02144782199986417,-0.03444886260361374
1307,-0.011434901577519446,-0.05674680759971745
1308,-0.0724150529159821,-0.1702845759361426
1309,-0.010819749054752276,0.020090213734180296
1310,-0.059231369190177796,-0.11581576412226202
1311,-0.17545131554486876,-0.33382633155920366
1312,-0.08892874472950618,-0.14649895711839095
1313,-0.007970123581485494,-0.3730248658607382
1314,-0.03336051332989565,-0.07624206645989567
1315,-0.24545407929674956,-0.5412294290523627
1316,-0.29669662245069767,-0.17513595950807936
1317,-0.08354123754926446,-0.30032582661432244
1318,-0.06514199386064012,-0.16608322295496997
1319,-0.04142036932270288,-0.023101245871253978
1320,-0.08436209426370822,-0.09524535739706641
1321,-0.17476454435813887,-0.0040130692258890655
1322,-0.07348950268325932,-0.23220020489747611
1323,-0.17755939219892863,-0.40438496055335077
1324,-0.09550515751443855,-0.17880288780250858
1325,-0.006695670450202779,-0.10056489076662412
1326,-0.014334181878318836,-0.2664971991230974
1327,-0.009971797487859091,-0.211657625412705
1328,-0.13729562667887307,0.0067241931469788074
1329,-0.11387860861233223,-0.014017294853410217
1330,-0.04232353956841095,-0.15492326865031275
1331,-0.30761630070657403,-0.5501441001648655
1332,-0.02482719864156971,-0.08837004140858251
1333,-0.11713645488806668,-0.3474737341461182
1334,-0.031125924726041365,0.015525949938547834
1335,-0.07857360480922532,-0.17692145742384108
1336,-0.08533401367837051,-0.03929807628955734
1337,-0.14666359526845468,-0.29279963713437224
1338,-0.12181430175486735,-0.08696297920550516
1339,-0.009331981318038557,-0.006040731914790959
1340,-0.09355089647317522,-0.061829444650926824
1341,-0.11975042745936154,-0.20202778619958245
1342,0.008470823542741701,-0.17755740658446906
1343,-0.008308077654573476,-0.7816189897447665
1344,-0.15363885385942538,-0.19892981699835793
1345,-0.05102955119688857,-0.41102663546921187
1346,-0.13310610227167763,-0.2697330203071335
1347,-0.2190207749633738,-0.07454096084119904
1348,-0.32051372944950945,-0.13555274606996764
1349,-0.152497403898412,-0.5120041772220307
1350,-0.026801440980821156,-0.13388109487384348
1351,-0.15143322665062608,-0.4301468289806161
1352,-0.12415531605244379,-0.1335979481044967
1353,-0.39209519143650245,-0.10556019500721453
1354,-0.0049558756854897745,-0.15470772754087037
1355,-0.016433372036165628,-0.40662510718817996
1356,-0.3509249391418899,-0.3021418323447805
1357,-0.08858412599032722,-0.09782430243367818
1358,-0.2179709956214645,-0.16054793422632602
1359,-0.12796247096480745,-0.05648065156756005
1360,-0.061295994390532016,-0.5316018094349051
1361,-0.35729863826703906,-0.04962173313449991
1362,-0.1735827183728475,-0.3226601948724706
1363,0.02992739382941742,-0.259308077428962
1364,-0.021470509260056114,0.07071040513561186
1365,-0.017235173450112884,-0.06280857705178156
1366,-0.2216623217099723,-0.06766929982503811
1367,-0.07937300657309604,-0.202712146291965
1368,-0.0639981774963147,-0.7257200010605203
1369,-0.011658062769095173,-0.03467775025577097
1370,-0.29980216115868535,-0.11328214112754798
1371,-0.010222908584544443,-0.4064832878192341
1372,-0.1354252501092893,-0.37422211702230274
1373,-0.16262822896172796,-0.08614723331028967
1374,-0.15036549510727848,-0.2612813494383185
1375,-0.14002342679102447,-0.3555235946326903
1376,-0.15839973180033579,-0.0996109777460657
1377,-0.1333581808967721,0.02089671395985379
1378,-0.17822856218527416,-0.1972073408548629
1379,0.02967980365595263,-0.3059395325992225
1380,-0.14668705981654984,-5.576350897126825e-05
1381,-0.20583715079569936,-0.1921880158079074
1382,-0.06072820473598728,0.014044080401198089
1383,-0.05042206482837891,-0.23688389253555248
1384,-0.09247567956658787,-0.3645004911183572
1385,-0.12044586953040048,-0.03840304279058199
1386,-0.26991911687621023,-0.16056728722934438
1387,-0.05393859510771326,-0.26599675040071563
1388,-0.18813525428742728,-0.2171237036745582
1389,0.008166787572590595,-0.04429822849754678
1390,-0.09103742240928309,-0.10941947896004817
1391,0.013271848339712955,-0.007450718347059793
1392,-0.030293459229231823,-0.1356250763517462
1393,-0.20722418890134686,-0.07453378062216448
1394,-0.08621285190154093,-0.17985037156679956
1395,-0.14712832566696404,-0.2535975281205927
1396,-0.09970939115178784,-0.13987554754958886
1397,-0.19974566157373264,-0.10449044364009707
1398,-0.08163319387519957,-0.0704551658583043
1399,0.06875897756693994,-0.1586329801869752
1400,0.007592570162354151,-0.12744002716394148
1401,-0.25144822769500164,-0.18007389778948357
1402,-0.11216455087650018,-0.17782756995139698
1403,0.023481925720150898,-0.09591356714802812
1404,-0.14793467624908135,-0.3949739046681198
1405,-0.08160414669395583,-0.41169110134876724
1406,-0.11438960364796985,-0.26723207193283655
1407,-0.19865432617842893,-0.1616931382446919
1408,-0.06002745959819228,-0.06281781290491972
1409,-0.019175483990516773,-0.11425330779116921
1410,-0.054933172886430626,-0.21915079161714013
1411,-0.07976182938527543,-0.2327144550820044
1412,-0.026713422858369557,-0.049998026777166915
1413,-0.15128273634536676,-0.22102982653256403
1414,-0.05539124595676176,-0.21090794365167914
1415,-0.04961092606190193,-0.04164940322555016
1416,-0.10322167984660435,-0.18089165992658923
1417,-0.09917267019497461,-0.140020264334431
1418,-0.08811560150602366,-0.1777465474790217
1419,-0.05871205957048259,-0.02572469793107862
1420,-0.18945796387518804,-0.12961698010326
1421,-0.10519099795384862,-0.15085818185845074
1422,-0.17546393017288886,-0.1359116409289074
1423,-0.07334139284943919,-0.21172490489079737
1424,-0.21502199084790224,-0.28617608666182265
1425,-0.02943490404797211,-0.3633938846078229
1426,-0.04846699647827135,-0.05630212685604136
1427,-0.08196708572811467,-0.09350579114071622
1428,0.01590346651620056,-0.2588395719463383
1429,-0.08374088596467238,-0.06683687782819514
1430,-0.09357194034111876,-0.0509783161798234
1431,-0.10688444776420869,-0.1420781690091022
1432,-0.03695041114340708,-0.2319723292684277
1433,-0.03742884220485171,-0.05172230254124749
1434,-0.15962996061752643,-0.22320822596799128
1435,0.06502184505791045,-0.20548528051264686
1436,-0.14586423419616518,0.0037048111034511666
1437,-0.1456456233367373,-0.03408747748959812
1438,-0.022418485907956726,-0.0699300485392883
1439,-0.22615237973526553,-0.07214106646183083
1440,0.007829141528962191,-0.6492671577297382
1441,-0.08228557713077433,-0.25281042998492453
1442,-0.09420627963458322,-0.12403731218462466
1443,0.024427201723014824,-0.3047459674943835
1444,-0.115464787620714,-0.17604815202836338
1445,-0.23326636210400403,-0.03225697454185966
1446,-0.17197562651973453,-0.09174645750703853
1447,-0.09380130878552323,-0.06740195437218888
1448,-0.29267145671497324,-0.10734607440091332
1449,-0.23080087109373015,-0.2733904893769681
1450,-0.13202841783992708,-0.028986389183938727
1451,-0.15902516816393347,-0.13702883701445145
1452,-0.2671739578341986,-0.1706228987465096
1453,-0.04345646798102337,0.02821507816101504
1454,-0.05619201308043592,-0.07256429691576055
1455,-0.10012637757679599,-0.2017445722390913
1456,-0.06308799612319016,-0.35592924278501076
1457,-0.03224216136000779,-0.1477850084087321
1458,-0.25603727101966267,-0.4247230027520709
1459,-0.21765587053968383,-0.04943909191182544
1460,-0.08685819562283714,-0.13538636976531632
1461,0.061415897380736634,0.05698221202249362
1462,-0.0693005432223493,0.010892031383211875
1463,-0.05977888014448135,-0.09605881910997227
1464,-0.1887495553803839,-0.26639518329911643
1465,-0.2956501581177156,-0.12139333650709666
1466,-0.13948731831949912,-0.22313108882311944
1467,-0.03003020075898649,-0.07097009167382423
1468,-0.0964287965400294,-0.08259388518935262
1469,-0.049944114700588904,-0.09682897661179463
1470,-0.14341757061717536,-0.26578667311736354
1471,-0.13927726039479688,-0.18618224598599648
1472,-0.15496243002162768,-0.09355580773288114
1473,-0.6346788570147579,-0.13237000460433568
1474,-0.23565467243739513,-0.006527685566543845
1475,-0.058688380270573215,-0.10216055609362867
1476,-0.11423951555011008,-0.12227498580553181
1477,-0.04976291566159813,-0.09335538985575154
1478,-0.016258515088494963,0.03299468058132868
1479,-0.08177403428964375,-0.17207469892085503
1480,-0.475942881179966,-0.1848648901205564
1481,-0.03274135521986804,-0.28117414241115984
1482,0.027264400459530602,-0.24750792016987366
1483,-0.03868599116014815,-0.08056194057531801
1484,-0.056780031455141766,-0.1350764978258679
1485,-0.14140552363998288,-0.12244914983142657
1486,0.04327040928102102,-0.31996778255302144
1487,-0.022769877830300544,-0.06631583772044508
1488,0.03793028958906963,-0.023103965829825324
1489,-0.35901888427011547,-0.37822099733713427
1490,-0.1866345242377231,-0.2848009879587215
1491,-0.029828421865010724,-0.12500799707110077
1492,-0.08172993873807244,-0.3140866567153289
1493,-0.21212646296915655,-0.06338443065576105
1494,-0.024411770744598382,-0.33508046928832985
1495,0.02720917127281869,-0.12589231221361735
1496,-0.10391928354357399,-0.1007980478046464
1497,0.005744062787430337,-0.05941129693442909
1498,-0.11262578834303572,-0.17204832750663218
1499,-0.011033640266223332,-0.21485245268441439
1500,-0.14591762357393895,-0.17248452050040924
1501,-0.07950943199253113,-0.24334305064068146
1502,-0.2252400726592177,-0.14821933802235093
1503,-0.05761975652145973,-0.12285870121759535
1504,-0.07500222289150033,-0.260329559042957
1505,0.042767240840937665,-0.22303709602593808
1506,-0.1295139547249342,-0.04971536023199058
1507,-0.12404321292759496,-0.1846291470998327
1508,-0.3509366521676161,-0.14456116053516144
1509,-0.041889892112051186,-0.31152854839535954
1510,-0.19195200912246768,-0.11652059365009859
1511,-0.12310836315286461,-0.09844220250382718
1512,-0.09095581392263652,-0.043915305850546094
1513,0.044375597975463366,-0.20496366352209788
1514,-0.07645469627367801,-0.12349427480557884
1515,-0.18489286336923766,-0.12986322861265615
1516,0.015406878521532302,-0.31112868121467746
1517,-0.046750181758713816,-0.3415412691679843
1518,-0.24260023134122438,-0.09633585962703223
1519,-0.06484437034568336,-0.09370966714553858
1520,-0.021518698104660117,-0.21002150748946113
1521,-0.00918433244296285,-0.06080874876823
1522,-0.07035411031229483,-0.19681132934655615
1523,0.02725137817621498,-0.09802630627977782
1524,-0.04651640569737869,-0.0010729460824968895
1525,-0.10635232576566545,-0.041581572862886884
1526,-0.018427848295804378,-0.18208901999616417
1527,-0.19206047780449587,-0.20619847944387
1528,-0.05590467117529557,-0.239887208734473
1529,-0.15937090511523833,-0.13777296323222277
1530,-0.08584178481124222,-0.1878024651257657
1531,-0.08926492441066974,-0.13286969760152884
1532,-0.04318490734465885,-0.027670354419561033
1533,-0.07230679715319316,-0.4478431993344855
1534,-0.05921209809675071,-0.11045816883321269
1535,-0.19706895154439896,-0.31904882197159407
1536,-0.09281555289783266,-0.21996434734989045
1537,-0.1697707159942925,0.0026636413445654816
1538,0.015415654056070593,-0.12376697540883419
1539,-0.05914274532395758,0.007509594461164809
1540,-0.10867861354375852,-0.1975550793014414
1541,-0.04153444631566211,-0.12014061052634939
1542,-0.3204818413801572,-0.35973944570132493
1543,-0.23223607433443266,-0.256376416628417
1544,-0.163999330640121,-0.24893746570331804
1545,-0.15344155906293538,-0.039642215167039196
1546,-0.34970676849727317,-0.10598472583153168
1547,-0.22547463423482,-0.5048782659092568
1548,0.012267816751847904,-0.09848686357805142
1549,-0.11848438846992715,-0.17097105530165047
1550,0.055993412491311456,-0.2695688409875212
1551,-0.1704248387413575,-0.15378623683205794
1552,-0.3012003478939274,-0.23699684206427313
1553,-0.036063238496849115,-0.5354321200933982
1554,-0.2788533321068296,-0.22198079350557326
1555,-0.1993216297074431,-0.12463019326268937
1556,-0.1296707620697416,-0.12042580816590037
1557,-0.11147986107742897,-0.13744157527096573
1558,-0.0955781309458742,-0.1334066326921745
1559,-0.04335718872578226,-0.28474095445756326
1560,-0.07347391320898666,-0.1866549852951715
1561,-0.1310711998182858,-0.2182383138132789
1562,-0.030975878276159663,-0.03577317325668605
1563,-0.372142271124474,-0.11191276250369903
1564,-0.07928935939482867,-0.22532619470370763
1565,-0.11564734829577578,-0.09878645772983696
1566,-0.3187875307436004,-0.18503547651230173
1567,0.018306400766520348,-0.5543493900559813
1568,-0.4178439191313675,-0.12713498658180244
1569,0.015625736184841643,-0.09570446472266014
1570,-0.13901397226583084,-0.12451923248003943
1571,-0.10889050322794785,-0.2464212426807229
1572,-0.028597469987385576,-0.10683672793657328
1573,-0.13592531551716175,-0.41971447478412643
1574,-0.08565317193020089,-0.07321950449852671
1575,-0.11776507090685001,-0.22352159920181758
1576,-0.12492108037995353,-0.02841406740143615
1577,-0.11627347799027604,0.0247246068768803
1578,-0.22114385646424678,-0.2034915613803951
1579,-0.07268058480901701,-0.20161653799703155
1580,-0.30478357626545344,-0.37872902382766377
1581,-0.3048829393328432,-0.09778889949588038
1582,-0.17477017769900466,-0.10588342351878283
1583,-0.03485181577691471,-0.1921705119563098
1584,-0.10057582512999691,-0.03413512687768594
1585,-0.002761691999397853,-0.05210387122293425
1586,-0.09166990051717983,-0.2646773111347029
1587,-0.1681536282582216,-0.06249806161624183
1588,-0.23935061628403304,-0.09033935257880671
1589,-0.09831315343025954,-0.5923072253810264
1590,-0.04659550547466029,-0.11109664276903697
1591,-0.14546174362111314,-0.14545674926779145
1592,-0.09422551919381522,-0.07474792392687762
1593,-0.1446762933237441,-0.3105148227689412
1594,-0.08287233289459128,-0.04307356077583113
1595,-0.12903210016942884,-0.06888948999807115
1596,-0.3410400417961503,-0.1415747920730565
1597,-0.07342373670830771,-0.2083011455662908
1598,-0.4241359374603129,-0.027012088583589833
1599,-0.5150934438375459,-0.2004955656083905
1600,0.003220792932739913,-0.19018234224529357
1601,0.03323161791002968,-0.18386540088078296
1602,-0.02063054839258016,-0.1857854536683204
1603,-0.0578187254563714,-0.18610287983411727
1604,-0.1402226655722007,-0.09786032803030381
1605,-0.03946942350154192,-0.15444596650549985
1606,-0.018626760079911764,-0.31529039002319287
1607,-0.02958152518884516,-0.15918946653147942
1608,-0.03389167093449813,-0.15734871415886248
1609,-0.39194204115897907,-0.3358073878476427
1610,-0.20755560882385526,-0.1696631764555956
1611,-0.08909740439202685,-0.38123016869914056
1612,-0.06098920368624222,-0.028311939959668575
1613,-0.11100220391004456,-0.18942606482577512
1614,-0.1014491239533235,-0.1384130200371818
1615,-0.12114713556647133,-0.17439934163947818
1616,-0.16033718771911337,-0.034556331539436824
1617,-0.06583158499265584,-0.24890588165752453
1618,-0.026094617584450308,-0.3250997253429833
1619,0.014777184372061158,-0.09469830091785486
1620,-0.02609044718128406,-0.05912513540903208
1621,0.007596345290845186,-0.07994978074201653
1622,-0.183845665927297,-0.13274923347088724
1623,-0.06918485446179212,-0.24938900626421467
1624,-0.04894817657264827,0.048882099733722595
1625,-0.10832504457648767,-0.16657424941414328
1626,-0.1483550453405565,-0.7201794980050569
1627,-0.07139252685045644,-0.01266081088549198
1628,-0.12349870430909571,-0.06991155074447047
1629,-0.06757201232611298,-0.28093845134424084
1630,-0.18029721389610703,-0.025531881834522763
1631,-0.18157148924258493,-0.30544982598753273
1632,0.08662228333979669,-0.13164209488072592
1633,-0.008966226806856104,-0.17279974118022706
1634,0.00385497000052204,-0.1730533051719933
1635,-0.21449349499538967,-0.04713843061660766
1636,-0.36142047406349315,-0.12458127155839843
1637,-0.039842229960420084,-0.22359133758043348
1638,-0.5249087531470245,-0.07988742904135354
1639,-0.2512754106280843,-0.08363596154080727
1640,-0.11472305566994084,-0.06386471556256695
1641,-0.1319355470689913,-0.15218781056174563
1642,0.036573302235552774,-0.01325296224317693
1643,-0.24319807388345244,-0.16228942397426083
1644,-0.17057325246542399,-0.033124968690898426
1645,-0.055555327092092266,-0.35616028527750215
1646,-0.2143797834083791,-0.36144903964687175
1647,-0.013141990716980273,-0.17328844241552505
1648,-0.12409581029108646,0.04437776189722162
1649,-0.1776027210225763,-0.09275556800202134
1650,-0.13968286687285086,-0.11009904165511131
1651,-0.10001993848863905,-0.22843802840005595
1652,-0.09434043549673976,-0.2590716520083174
1653,-0.26516898767080893,-0.06250479074064302
1654,-0.13340505394040642,-0.1824574397800181
1655,-0.05085983773453434,-0.20956419217893046
1656,-0.13195205252220998,-0.2138907459781873
1657,-0.18062904877824465,-0.10283375697672736
1658,-0.36922060688091524,-0.015053019525546246
1659,-0.04088539535548685,-0.1858253954879298
1660,-0.08243079380518581,-0.35450610127679755
1661,-0.10767180743113092,-0.24251151929591797
1662,0.0015290161638786826,-0.11206446769698752
1663,-0.2879988313436102,-0.18190451077793213
1664,-0.0849106132859847,-0.2180006218520391
1665,-0.0408681130954322,-0.5653297137985709
1666,-0.03699615026940645,-0.18820904381335263
1667,-0.0197687213755815,0.019953380523562353
1668,-0.09399119879530121,-0.027543870657465663
1669,-0.20196848786689042,-0.16850582004378228
1670,-0.146456513045027,0.008209791963596058
1671,-0.19511497672712713,-0.2706177536971028
1672,-0.1366319610410633,-0.3097843197195533
1673,-0.13322853647976168,-0.10817568177580228
1674,0.020524175330810634,-0.20257824662576868
1675,-0.11049168267021742,0.02191295951700878
1676,-0.021853522328582065,-0.11870230576307134
1677,-0.0818178900659553,-0.39141510967177556
1678,-0.060618474510875875,-0.17918233603664474
1679,-0.2060577043420337,-0.11327025486540054
1680,-0.13044673058425377,-0.21117427150804796
1681,-0.08553442972776398,-0.1828025214995072
1682,-0.1323288361372169,-0.2704514885607096
1683,-0.28683555344972816,-0.3665778964326742
1684,-0.21341188477518752,-0.18747837584887317
1685,-0.2159072833263267,-0.34634594999813567
1686,-0.03475540824961193,-0.4449082716555401
1687,-0.13446590828248167,-0.037349215758741394
1688,-0.10104716451787471,-0.11392649110516634
1689,-0.056581718154410376,-0.1492128597138616
1690,-0.03769470822020021,-0.24310719370539446
1691,-0.23224749720069776,-0.07655583220238388
1692,-0.18244153994893292,-0.33652284349962386
1693,-0.11630919257993794,-0.08484485687703963
1694,-0.05960874618636314,-0.29848558873894776
1695,0.04331961759937744,-0.13020331598996598
1696,-0.004323646356153316,-0.5051429568451382
1697,-0.4896831966846496,-0.3916811035666902
1698,0.011867765182246415,0.03368340674025164
1699,0.03360869735509009,-0.09229171361698202
1700,-0.0731488119047341,-0.11113569498338721
1701,-0.061340140745267446,0.03402677192680742
1702,-0.14119417495904418,-0.5092479268216028
1703,-0.15957104585226295,0.006069530573995452
1704,-0.050885557572549145,-0.1669640769641338
1705,-0.014464223084321826,-0.21360759289923953
1706,-0.3987729509010612,-0.3864747248899028
1707,-0.16379821009495882,-0.5452479657474316
1708,-0.151332871378401,-0.2963135666693965
1709,-0.08823260403656369,-0.2334246379981721
1710,-0.318686911016056,-0.4155190214150804
1711,-0.14395519457108652,-0.168570648950913
1712,-0.04706672173538551,-0.14790978539417027
1713,-0.15766223987457656,-0.2586015595394913
1714,-0.18486361865007933,-0.11349148418588012
1715,-0.07455788046149586,0.0021350535874179177
1716,-0.13376431349594714,-0.08788015997484899
1717,-0.10574857489426265,-0.1516253665165596
1718,-0.0793541613400412,-0.08731385339094117
1719,-0.24607342743294003,-0.2003578204584826
1720,-0.04438320642030974,-0.2138569947498487
1721,-0.1956252065497769,-0.3788179685312017
1722,-0.03016686937421359,-0.1736986111783027
1723,-0.28380256247142527,-0.35731314297325795
1724,0.04381901569562485,-0.1893196958247112
1725,-0.04573051118176685,-0.22594353997649752
1726,0.028805058331226485,-0.2300516451134042
1727,-0.11283700127390034,-0.37748754826592484
1728,-0.16592983575603232,-0.30308009345423
1729,-0.08391000841289353,-0.15099449297229145
1730,-0.12891250178414881,-0.14432771254153626
1731,-0.0598994396416917,-0.12195166184905387
1732,-0.0625596421229534,-0.18476036773485321
1733,-0.051171954229471406,-0.2500106488604547
1734,-0.32149792092495805,-0.34151547482571837
1735,-0.12804047503668958,-0.4454424484224209
1736,-0.02933847711063703,-0.021298123434658228
1737,-0.20100262882359182,-0.008619850156200898
1738,-0.09759220148050152,0.05589349603107413
1739,-0.07132276326924697,-0.19277284466217748
1740,-0.055900745772758165,-0.13772682560423383
1741,-0.07604497145014166,-0.35078604622789683
1742,-0.2024856543741928,-0.14025995085734355
1743,-0.10887369758413235,-0.08889203281807262
1744,-0.08398875085900953,-0.1643341516171039
1745,-0.17659489284675345,-0.13419484515219327
1746,-0.34126299635532725,-0.23959687937104562
1747,-0.18868102380462382,-0.32266469957429617
1748,-0.08986171102279172,-0.252434971576518
1749,-0.024451407887279925,-0.41172355484871487
1750,-0.05858906881834075,-0.11709339564896348
1751,-0.09734110605493257,-0.09650312612296202
1752,-0.2751810330979966,-0.08614357447636767
1753,-0.16486285626725206,-0.1843487281829606
1754,-0.26423834730858625,-0.23708549512620897
1755,-0.07905722665457815,-0.1162498157797699
1756,-0.1319946265912892,-0.01597394039107103
1757,-0.05823642100329812,-0.26211163144387545
1758,-0.12042335447156532,-0.06022412783647135
1759,-0.09409135666486174,-0.10709186206565297
1760,-0.129552670909922,-0.1153522023222604
1761,-0.07864584482572606,-0.12072622326054455
1762,-0.07420517136875954,-0.12472969972761605
1763,-0.06335147680445319,-0.15185772481331627
1764,-0.076338099012013,-0.12882339498394568
1765,-0.0323199329192006,-0.09481573223797318
1766,-0.09011515829962774,-0.011049910861799184
1767,-0.10052480504210454,-0.158820760268657
1768,-0.008547657457933622,-0.04019755287476018
1769,-0.044362531480353184,-0.2135089151923435
1770,-0.12736952732813983,-0.144056553040739
1771,-0.06360633444026481,-0.37644369246573367
1772,-0.04513446707702434,-0.21090497706856348
1773,-0.20269967172186143,0.010881768638097561
1774,-0.20044447260170678,-0.20511142219172496
1775,-0.14331441883670104,-0.0026561517938083756
1776,-0.23411835949063425,-0.1433110384158096
1777,-0.0743640474637905,-0.061975378727326225
1778,-0.02149396354131322,-0.19631645544202558
1779,0.013823246516573018,-0.5129285183161869
1780,-0.10734631696328373,-0.5643443882140942
1781,-0.09582430235400746,-0.17145470748534913
1782,-0.09195810842430485,-0.2651248589645256
1783,-0.06089650612888281,-0.04094780720229457
1784,-0.10702899730951448,-0.12350230746327828
1785,-0.05142687037955418,-0.2764549082843619
1786,-0.14001263650724843,-0.06434480621258648
1787,-0.1487259843818317,-0.07692163832495619
1788,-0.027320430222189107,-0.6427856019991325
1789,-0.32352565578988896,-0.02044111772755494
1790,-0.24138720472544123,-0.2026171265636379
1791,-0.07336630562149798,-0.20166848803149012
1792,-0.05746428738636067,-0.2930835520983918
1793,-0.08111029530312047,-0.046647327896055024
1794,-0.2334783593086303,-0.19236329169380173
1795,-0.007281219733821592,-0.30693409345859674
1796,-0.128880783417832,-0.23905816557344628
1797,-0.21972135296540107,-0.17410635925915713
1798,-0.19487132725052336,-0.11425796039429092
1799,-0.2647738991514278,-0.2079666220684453
1800,-0.021882289710065866,-0.1469250610763489
1801,-0.18630488150054414,-0.19937468334858682
1802,-0.1631690325568591,-0.2378170125219829
1803,-0.09283266511893745,-0.16027036953850926
1804,-0.10189374005485813,-0.18069745914770718
1805,-0.17564933726670834,-0.4242155793586119
1806,-0.054799244201776565,0.0004135257892526889
1807,0.03481608720475027,-0.37655000308243575
1808,-0.2298510386394636,-0.24626412747869292
1809,0.006817584661921283,0.008364982663056991
1810,-0.15678071925311715,-0.16518544937006424
1811,-0.2916625089917077,-0.35117876161978184
1812,-0.1945499120388698,-0.010762163220243592
1813,-0.09948779851656375,-0.19095351229084234
1814,-0.23021871920330067,-0.13477759096319247
1815,-0.3976324658088441,-0.12987538502287038
1816,-0.27726242296785475,-0.060767787410213325
1817,-0.17269388264212643,-0.2508760347480611
1818,-0.08044403844585923,-0.12305862760940062
1819,-0.4330508281220559,-0.15031571098153734
1820,-0.17659116635378402,-0.3244009624930753
1821,-0.10878518393576653,-0.2688501889275596
1822,-0.21335618945390988,-0.123102000204444
1823,-0.09137474387681133,-0.22208160726808063
1824,-0.3556832861715061,-0.16059163325574416
1825,-0.03065658380355507,-0.13483737604830204
1826,-0.2535007885633379,-0.21414172213722432
1827,-0.13839765427331413,-0.13616121048516455
1828,-0.03774203796200898,-0.1596729647437216
1829,-0.023372317669103554,-0.30647979862460656
1830,0.02380144509732271,-0.13041894751725253
1831,-0.07169327525752855,-0.1021606159480985
1832,-0.1038130495636605,-0.25290055304397857
1833,-0.13244671895843735,-0.1338949144481525
1834,-0.08505445803477646,-0.39825215116890483
1835,-0.09134731592786127,-0.15175455400631022
1836,-0.27197631065339745,-0.07142956680670903
1837,-0.17779839690773908,-0.06702147009023346
1838,0.011871115903593688,-0.050614800131646154
1839,-0.123610668032622,-0.34397474355565033
1840,-0.061289817948540326,-0.29583609634208835
1841,0.04289262599302693,-0.4093544295277241
1842,-0.1406651928044827,-0.05250248109546629
1843,-0.035572710990512846,-0.09953576253158136
1844,-0.1678095548418559,-0.13544182015620515
1845,-0.025526281287662322,-0.0291916399665052
1846,-0.1909319978985934,-0.32054020963008295
1847,-0.020705822966355814,-0.41403951584819226
1848,-0.06326338825999783,-0.9200360306691189
1849,-0.09677576128493692,0.021490709197151014
1850,-0.10342698007843176,0.014999986697110917
1851,-0.45461308071207324,-0.21873739068737014
1852,-0.09443384006973943,-0.19878952681401446
1853,0.018642539901276706,-0.058484385423076046
1854,0.031824310867450856,-0.3100385015023535
1855,-0.253852573347542,-0.20015495147881956
1856,-0.0071432141451051034,-0.11253730556868174
1857,-0.07276729809555976,-0.1945561901656826
1858,-0.07696086345834718,-0.23321982750680575
1859,-0.05621141407703606,-0.2800091689075283
1860,-0.10594760928706098,-0.16801433812197059
1861,-0.020373678120710198,-0.16567853637042407
1862,-0.06759122425381991,-0.2229233973726134
1863,-0.1669974398409359,-0.19885664342529236
1864,-0.0796115296426591,-0.29463802017368873
1865,-0.18096579708652605,-0.26252706647499646
1866,-0.12179283929211054,-0.5275253626000598
1867,-0.1355795631912013,-0.038245680745811306
1868,-0.015956253474320115,-0.16627049999588123
1869,-0.21427453013590686,-0.3308538209038167
1870,-0.049068111423691,-0.3332488191105019
1871,-0.20423155320053393,-0.22685181226650647
1872,-0.06233904075486624,-0.11259646321181777
1873,-0.22442608796525726,-0.08984362078220537
1874,-0.022670699941742284,-0.3839819584398179
1875,-0.07914290297147925,-0.12006587721977946
1876,-0.05484449940062913,-0.15785205402149943
1877,-0.5363442458459555,-0.2573311800856621
1878,-0.11840485733433853,-0.21718725248039294
1879,-0.17216768217696538,0.05127375723678412
1880,-0.037602007268167204,-0.08744933180499403
1881,-0.09768078824740783,-0.06027487512891028
1882,-0.05789642634923203,-0.2611713309161978
1883,-0.11380288761409951,-0.12878314170621685
1884,-0.01790917875876394,-0.27338563505213503
1885,-0.0366413669511958,-0.35841882657036345
1886,-0.06472128687204898,-0.13731128332710457
1887,-0.057919962043812945,-0.25678898051252247
1888,-0.05593777708097014,-0.184439405569098
1889,-0.21895482463493593,-0.1509144821327491
1890,-0.1005600720503349,-0.25660852779332494
1891,-0.037033437506492406,-0.15209380281651314
1892,-0.08408018074126589,-0.14932243832672387
1893,-0.17872499651273188,-0.004667291959840392
1894,-0.1512781869682091,-0.02774400916212369
1895,-0.08631086461824994,-0.25351255369173953
1896,0.0014243530908625013,-0.15361067058761962
1897,-0.16419792819339946,-0.18932979245287035
1898,-0.0676990424073487,-0.29401783355992067
1899,0.05044836239818659,-0.17310884306254265
1900,-0.018765805237449668,-0.08030698250276075
1901,-0.01824851321037979,-0.2763060597714342
1902,-0.23099602489358445,-0.09728234251283768
1903,-0.26350717227704556,-0.18724624958654867
1904,-0.08497230256821914,-0.03753635630457758
1905,-0.2447268272180287,-0.15357948547822525
1906,-0.03623315990454673,-0.08789957534358767
1907,-0.044235582576236665,-0.3677975912949128
1908,-0.18989858034663604,-0.1745779467374311
1909,-0.11162601935856442,-0.07206552962001084
1910,-0.17248742779711146,-0.39304632098874076
1911,-0.2990560395917123,-0.09234468732384604
1912,0.010170829723031932,-0.27470985778158574
1913,-0.18255618926142486,-0.1601017122817705
1914,0.0008681506293296559,-0.5537533313267786
1915,-0.0023393889898050135,-0.4341095442467811
1916,-0.08094324971446026,-0.17059356857636016
1917,-0.04254353527618182,-0.06513791645156458
1918,-0.1442938479501818,-0.14096013497801474
1919,-0.02691875579743372,-0.26299697081734313
1920,-0.07220039841028325,-0.29202717409540496
1921,-0.22805882429083968,-0.13682798135040236
1922,-0.046048317920309,-0.5115849980684233
1923,-0.03416441199133119,-0.17675485706240107
1924,-0.03643121324353932,-0.18170240852651548
1925,0.012353852052301467,-0.17626100041513604
1926,-0.18371746936066313,-0.1069501431123922
1927,0.012551900601190574,-0.06313488379161669
1928,-0.16845267178315332,-0.06561875230592634
1929,-0.041191030570894294,-0.07939472157346084
1930,-0.16943787088715162,-0.14837356453550915
1931,2.5052741288195124e-05,-0.11627991095001561
1932,-0.0518271844901535,-0.4445629587801438
1933,-0.04763844099888381,-0.052039573934067274
1934,-0.11828850559544918,-0.44292897993451336
1935,-0.4124155023887153,-0.2030886123030643
1936,-0.01685628137732398,-0.07071418389144213
1937,0.032167145763434796,-0.3362939183408072
1938,-0.14813167492171797,-0.2826383706281728
1939,-0.18820429496667218,-0.23368651659539252
1940,-0.07253543213453323,-0.4912958907335551
1941,-0.03999862981617297,-0.029135931457263953
1942,-0.03845663157608736,-0.1334391429185945
1943,-0.0854717782687272,-0.16642956706404377
1944,-0.17900061868537276,-0.20795885271749426
1945,-0.02228026908850078,-0.13952494604685833
1946,-0.05155818034328491,-0.06543956592559275
1947,-0.047458223793229226,-0.1786402267353816
1948,-0.0015817204213639247,-0.17535881883758536
1949,0.023307009044546606,-0.18080319964259128
1950,-0.1991179077662248,-0.44383613446893483
1951,-0.22877343705300707,-0.36090874615941654
1952,-0.14401796855059362,-0.09500662617307593
1953,0.05798151232373258,-0.07423484800175972
1954,-0.034560688490631264,-0.09932039236607859
1955,-0.07792717558244588,-0.3799021845919333
1956,-0.009449336911401707,-0.32932011060721017
1957,-0.04717494771130004,-0.314668710055585
1958,-0.016500298899455368,-0.12561887431679142
1959,-0.15970434581265297,-0.22914073144681296
1960,-0.23655334641887077,-0.18418665193238337
1961,-0.1234047585034661,-0.14090598579565394
1962,-0.12124848974513092,-0.2421765406982932
1963,-0.11093260890606282,-0.628940885087804
1964,-0.05512501367169459,-0.10232744964793461
1965,-0.06002420001988684,-0.05152241045711592
1966,-0.10918637401363296,-0.27025879386449403
1967,-0.013440287615639313,-0.02713082870944611
1968,-0.04965403643096716,-0.1200499424566866
1969,-0.07064746016152279,-0.12254622263804815
1970,-0.033879822797710124,-0.13499592758750878
1971,-0.016161541983679695,-0.34788848839167447
1972,0.009960013991914485,-0.10326282271269666
1973,-0.08747127983497244,-0.2116029078043457
1974,-0.1025164097405234,-0.08332234826210033
1975,-0.3084468216828265,-0.2895361493348981
1976,-0.0852974803278424,0.008843632802162105
1977,-0.05767429149473097,0.011913430051282675
1978,-0.09911876715554052,-0.14843406438135393
1979,-0.18542773010092545,-0.15130675779835645
1980,-0.17802707907122794,-0.06865251625590124
1981,-0.0256933736462516,-0.10139384200208285
1982,-0.0396149058883124,-0.09523976969209869
1983,-0.241765787530823,-0.13637752924263563
1984,-0.03813442246491122,-0.3166713974758493
1985,-0.04093453605537645,-0.23929815468790178
1986,-0.17022218821670304,-0.0463247763624865
1987,-0.17482148267477687,-0.10608920445185305
1988,-0.2090843870356976,-0.31128008385286615
1989,-0.2981649388994498,-0.10002711853962304
1990,-0.20168485651906426,-0.21965992920252048
1991,-0.13322367886370529,-0.10598702615911243
1992,-0.19789441858344808,-0.05891706602848784
1993,-0.10886576604117953,-0.016751355549520508
1994,-0.07579341517059218,-0.1052539013000473
1995,-0.07579596688753143,-0.26268915407547205
1996,-0.07145105653993727,-0.32717837345424966
1997,-0.24163282743843623,-0.08411057994131727
1998,-0.05989162901545603,-0.12811121569372946
1999,-0.06872464224075381,-0.15443769751032405
