galaxy,split,formula_family,n_points,rmse_tpg_v6,rmse_mond,rmse_matched_family,rmse_wrong_family_mean,best_family,matched_family_rank,rmse_K_compact_finite,rmse_K_scale_tail_spiral,rmse_K_exponential_disk,rmse_K_thick_flared,matched_minus_wrong_mean,matched_minus_tpg_v6,matched_minus_mond,matched_beats_wrong_mean,matched_beats_tpg_v6,matched_beats_mond
CamB,holdout,K_scale_tail_spiral,9,13.63779853730796,15.623524086441458,19.721962031071975,91.24387932409023,K_exponential_disk,3,248.9382106571476,19.721962031071975,11.890911114992267,12.902516200130803,-71.52191729301825,6.084163493764015,4.098437944630517,True,False,False
ESO116-G012,holdout,K_exponential_disk,15,11.508201668011028,9.108666488881621,13.446279755293979,23.697261954636655,K_scale_tail_spiral,3,49.01712097706982,9.66930309984049,13.446279755293979,12.405361786999645,-10.250982199342676,1.9380780872829515,4.337613266412358,True,False,False
F561-1,holdout,K_scale_tail_spiral,6,28.55685188052471,32.526019723976546,30.72961132456212,44.585671243755485,K_exponential_disk,3,81.74176586464753,30.72961132456212,25.031727762892007,26.983520103726917,-13.856059919193363,2.1727594440374105,-1.7964083994144247,True,False,True
F563-1,holdout,K_scale_tail_spiral,17,24.695833689633552,18.44568739642176,22.617853241287115,25.519663333650048,K_compact_finite,2,19.411022370330794,22.617853241287115,30.260930164235255,26.887037466384104,-2.9018100923629326,-2.0779804483464375,4.172165844865354,True,True,False
F568-1,holdout,K_thick_flared,12,33.500610533676024,29.974188853658532,34.955430288199395,29.55354010937246,K_compact_finite,3,20.71531726578376,31.176877091120875,36.76842597121274,34.955430288199395,5.401890178826935,1.4548197545233705,4.981241434540863,False,False,False
IC2574,holdout,K_scale_tail_spiral,34,7.5138151552258,13.51316984455882,10.566965630734453,26.75293889801284,K_exponential_disk,3,71.62700758214562,10.566965630734453,3.1133225699753826,5.518486541917512,-16.185973267278385,3.0531504755086525,-2.946204213824368,True,False,True
IC4202,holdout,K_compact_finite,32,26.101514959176914,26.12803028857914,25.94895537395008,26.376477777204897,K_compact_finite,1,25.94895537395008,25.95260689286135,26.776836471199115,26.39998996755423,-0.42752240325481594,-0.15255958522683244,-0.17907491462905867,True,True,True
NGC0024,holdout,K_thick_flared,29,22.157814084096987,20.65262257294937,22.660175260822907,49.1700589416922,K_scale_tail_spiral,2,104.87062900210596,19.4023711952362,23.237176627734456,22.660175260822907,-26.50988368086929,0.5023611767259197,2.007552687873538,True,False,False
NGC2683,holdout,K_thick_flared,11,10.314830339812675,14.151015414510422,9.441655141326386,12.426749788320713,K_exponential_disk,2,17.28870570435926,10.834397635784631,9.157146024818244,9.441655141326386,-2.9850946469943267,-0.8731751984862886,-4.709360273184036,True,True,True
NGC3726,holdout,K_thick_flared,12,23.631876746434497,26.325344741169783,22.32780920265615,26.68986153139954,K_exponential_disk,2,34.803704377123964,24.444812422394104,20.82106779468054,22.32780920265615,-4.362052328743388,-1.3040675437783449,-3.997535538513631,True,True,True
NGC3949,holdout,K_thick_flared,7,8.950158230683527,11.297904622428334,8.55319084358932,22.645530043633567,K_exponential_disk,2,50.15654048051538,9.652397226533783,8.127652423851528,8.55319084358932,-14.092339200044247,-0.3969673870942074,-2.7447137788390137,True,True,True
NGC3972,holdout,K_thick_flared,10,7.806428086864266,6.774747860896815,8.593962113335323,19.977775866378973,K_scale_tail_spiral,2,43.704937357513515,6.707975112059255,9.520415129564146,8.593962113335323,-11.38381375304365,0.7875340264710564,1.819214252438508,True,False,False
NGC4013,holdout,K_compact_finite,36,12.273912532057183,14.334222058319126,16.99356852880305,11.668540793425578,K_exponential_disk,4,16.99356852880305,12.733233099294065,10.880207082032726,11.39218219894994,5.325027735377471,4.719655996745866,2.659346470483923,False,False,False
NGC4088,holdout,K_thick_flared,12,38.98773649865968,42.18384581680386,37.811387707787695,42.53175206180385,K_exponential_disk,2,51.33621019678367,39.77015631070587,36.488889677922,37.811387707787695,-4.720364354016155,-1.1763487908719839,-4.372458109016165,True,True,True
NGC4183,holdout,K_exponential_disk,23,6.489693491114096,10.354993594406714,6.224581287933666,13.760210864515452,K_thick_flared,2,28.09744430832445,7.3225980270534246,6.224581287933666,5.86059025816848,-7.535629576581786,-0.26511220318043005,-4.1304123064730485,True,True,True
NGC4214,holdout,K_scale_tail_spiral,14,17.991047303306434,15.27888150484993,15.405984093871057,39.05954643661913,K_scale_tail_spiral,1,78.01089432719559,15.405984093871057,20.174500243655785,18.993244739006016,-23.653562342748074,-2.5850632094353774,0.1271025890211277,True,True,False
NGC4389,holdout,K_thick_flared,6,46.55692853885728,48.50110279830857,45.987913835499185,67.05818976545275,K_exponential_disk,2,107.98214008267175,47.82928696479762,45.36314224888892,45.987913835499185,-21.070275929953567,-0.5690147033580928,-2.5131889628093873,True,True,True
NGC5907,holdout,K_thick_flared,19,16.785509985459306,18.59536481497724,16.383392586061934,17.603432862968834,K_thick_flared,1,19.143923926446448,16.972225684978213,16.694148977481838,16.383392586061934,-1.2200402769069,-0.40211739939737257,-2.2119722289153074,True,True,True
NGC5985,holdout,K_compact_finite,33,72.28739039126062,69.40357999391347,66.20241092491683,73.62210136086749,K_compact_finite,1,66.20241092491683,71.55950197762083,75.49983649471685,73.80696561026477,-7.419690435950656,-6.084979466343782,-3.2011690689966343,True,True,True
NGC6789,holdout,K_scale_tail_spiral,4,15.897752239176857,15.396246199577478,11.536643562882814,119.24492701458892,K_scale_tail_spiral,1,325.10280406752605,11.536643562882814,16.475522315540964,16.156454660699737,-107.70828345170611,-4.361108676294043,-3.859602636694664,True,True,True
NGC6946,holdout,K_compact_finite,58,15.025447425206579,17.728143095419597,27.872527807879194,14.193671584828039,K_exponential_disk,4,27.872527807879194,15.848262108909825,12.791054074078563,13.941698571495728,13.678856223051156,12.847080382672615,10.144384712459598,False,False,False
NGC7331,holdout,K_thick_flared,36,25.485065060071012,29.311675230419702,24.522570438330455,26.364633972516106,K_exponential_disk,2,29.706075556369132,25.914849469925397,23.472976891253797,24.522570438330455,-1.8420635341856517,-0.9624946217405572,-4.7891047920892476,True,True,True
UGC00731,holdout,K_scale_tail_spiral,12,12.845453066903099,11.466827035781066,11.310048467799863,28.290358560322016,K_scale_tail_spiral,1,53.54830107408136,11.310048467799863,17.22212565294635,14.10064895393833,-16.980310092522153,-1.5354045991032361,-0.1567785679812026,True,True,True
UGC00891,holdout,K_scale_tail_spiral,5,5.958365558298525,7.682081654505746,7.225333270873022,30.708551410992673,K_thick_flared,3,79.66608064043508,7.225333270873022,6.480960832640786,5.9786127599021475,-23.48321814011965,1.2669677125744965,-0.45674838363272396,True,False,True
UGC02023,holdout,K_scale_tail_spiral,5,12.198048884046239,13.979836766957423,15.300264315382941,52.34894448268364,K_exponential_disk,3,135.73645573462076,15.300264315382941,10.049805645594558,11.260572067835627,-37.0486801673007,3.1022154313367025,1.3204275484255188,True,False,False
UGC02259,holdout,K_exponential_disk,8,16.43514083306515,13.66144175213647,19.573338345039396,28.49022220799913,K_scale_tail_spiral,3,53.52599003311424,14.207920733489983,19.573338345039396,17.73675585739316,-8.916883862959732,3.1381975119742442,5.9118965929029255,True,False,False
UGC03580,holdout,K_compact_finite,47,25.49452615076704,27.172706555031343,53.98299406241329,25.502006859525864,K_exponential_disk,4,53.98299406241329,26.623336512958982,24.73362458096793,25.14905948465067,28.480987202887427,28.48846791164625,26.810287507381947,False,False,False
UGC04305,holdout,K_scale_tail_spiral,22,23.999621706482884,26.588364190715332,26.808062784312273,54.97638920038208,K_exponential_disk,3,120.13897648532503,26.808062784312273,21.776245010393428,23.01394610542778,-28.168326416069807,2.8084410778293893,0.21969859359694155,True,False,False
UGC04499,holdout,K_scale_tail_spiral,9,6.040634191372928,8.985021588452573,8.071013668884772,26.68581754275577,K_exponential_disk,3,70.81266980275193,8.071013668884772,4.149036346971774,5.095746478543615,-18.614803873870997,2.030379477511844,-0.9140079195678013,True,False,True
UGC05414,holdout,K_scale_tail_spiral,6,6.4008126343112375,8.261884143933315,9.440201402889352,43.27074629700655,K_exponential_disk,3,120.08243058990729,9.440201402889352,4.236617268537706,5.493191032574675,-33.8305448941172,3.0393887685781147,1.178317258956037,True,False,False
UGC05716,holdout,K_scale_tail_spiral,12,5.844868825954693,5.605647282808069,4.212043634396867,21.776013269990482,K_scale_tail_spiral,1,47.21310161443477,4.212043634396867,10.59520667782117,7.5197315177154955,-17.563969635593615,-1.632825191557826,-1.3936036484112018,True,True,True
UGC05829,holdout,K_scale_tail_spiral,11,6.222677845510406,8.606905396927852,7.720215953585758,33.67899383994406,K_thick_flared,3,87.78515793245373,7.720215953585758,7.138956445555025,6.112867141823444,-25.958777886358305,1.4975381080753527,-0.8866894433420933,True,False,True
UGC05986,holdout,K_scale_tail_spiral,15,17.532159853325275,15.059299363743824,15.662107914873872,25.13056845428841,K_scale_tail_spiral,1,36.424675149022505,15.662107914873872,20.201033222557264,18.765996991285466,-9.46846053941454,-1.8700519384514038,0.6028085511300478,True,True,False
UGC06818,holdout,K_scale_tail_spiral,8,12.386120759877572,13.66362183441789,13.901550076257113,35.32162467560686,K_exponential_disk,3,83.16113198644662,13.901550076257113,11.039634583678033,11.764107456695935,-21.42007459934975,1.5154293163795405,0.23792824183922257,True,False,False
UGC06917,holdout,K_scale_tail_spiral,11,6.430936477869006,4.61507933369384,4.9226251653474105,19.600525137391724,K_scale_tail_spiral,1,41.547896708505554,4.9226251653474105,9.47802256359153,7.775656140078094,-14.677899972044314,-1.5083113125215952,0.3075458316535702,True,True,False
UGC06983,holdout,K_scale_tail_spiral,17,11.036839059186455,9.148970751386091,9.70055392147702,17.79810167119724,K_scale_tail_spiral,1,25.8838468118674,9.70055392147702,14.921124192957315,12.589334008767008,-8.09754774972022,-1.3362851377094351,0.5515831700909288,True,True,False
UGC07151,holdout,K_exponential_disk,11,4.3119123214161394,5.615951252005322,3.9908842627101606,33.86470871154095,K_exponential_disk,1,91.79811703298999,5.785497618976558,3.9908842627101606,4.010511482656284,-29.87382444883079,-0.32102805870597884,-1.6250669892951617,True,True,True
UGC07261,holdout,K_exponential_disk,7,4.296839337715027,4.6168185611277694,5.956232149170297,28.559274204365284,K_scale_tail_spiral,3,76.68857413764968,4.120854225707304,5.956232149170297,4.868394249738871,-22.603042055194987,1.6593928114552705,1.339413588042528,True,False,False
UGC07577,holdout,K_scale_tail_spiral,9,10.601721967205515,13.125766123408509,17.124297895456632,86.65882470152344,K_exponential_disk,3,241.67726528740351,17.124297895456632,8.637803104765316,9.66140571240152,-69.53452680606681,6.522575928251117,3.998531772048123,True,False,False
UGC07603,holdout,K_exponential_disk,12,9.318897295784359,6.8156573361002755,11.387173267934267,43.54645404226107,K_scale_tail_spiral,3,114.1800641350203,6.228672590646333,11.387173267934267,10.230625401116553,-32.1592807743268,2.068275972149909,4.571515931833992,True,False,False
UGC08699,holdout,K_compact_finite,41,15.184307759904634,13.478161966003247,12.627055841271439,15.564539674538162,K_compact_finite,1,12.627055841271439,14.44730639887954,16.457810061382087,15.788502563352862,-2.9374838332667235,-2.5572519186331952,-0.8511061247318086,True,True,True
UGC11914,holdout,K_compact_finite,65,33.820143068839116,30.19760108867859,23.229579108902147,33.92652412458708,K_compact_finite,1,23.229579108902147,33.17967170999526,34.46631835058271,34.13358231318327,-10.696945015684935,-10.590563959936969,-6.9680219797764416,True,True,True
UGC12506,holdout,K_exponential_disk,31,40.697842583379504,38.12269540109571,44.999238791738094,40.00694648305801,K_compact_finite,4,37.36329931819013,40.148414704738784,44.999238791738094,42.50912542624511,4.992292308680085,4.3013962083585895,6.876543390642382,False,False,False
UGCA444,holdout,K_scale_tail_spiral,36,3.0580094444767805,4.92757139254757,7.622534837373528,61.90607065495512,K_thick_flared,3,180.312308284907,7.622534837373528,2.738671476256528,2.667232203701805,-54.283535817581594,4.564525392896748,2.694963444825958,True,False,False
D512-2,train,K_scale_tail_spiral,4,2.5139498188497846,6.561883790113319,6.808960055926971,44.71024246660536,K_thick_flared,3,131.15989604218174,6.808960055926971,1.6579467318943215,1.3128846257400082,-37.901282410678384,4.295010237077187,0.24707626581365272,True,False,False
D564-8,train,K_scale_tail_spiral,6,3.399294537690645,7.16409055590109,9.336622485938781,56.745896928522,K_thick_flared,3,164.64090727905867,9.336622485938781,2.9433226402360138,2.653460866271324,-47.40927444258322,5.937327948248136,2.1725319300376906,True,False,False
D631-7,train,K_scale_tail_spiral,16,10.35809255392164,10.521817679771978,10.943013951197013,35.97973602712995,K_thick_flared,3,86.59661127999694,10.943013951197013,10.824790371732787,10.517806429660139,-25.03672207593294,0.5849213972753731,0.42119627142503546,True,False,False
DDO064,train,K_scale_tail_spiral,14,2.7332917850477236,3.548332793859171,5.443535706033468,58.48545407610168,K_thick_flared,3,168.86062230026965,5.443535706033468,3.6917984692128205,2.9039414588225774,-53.04191837006822,2.7102439209857443,1.8952029121742968,True,False,False
DDO154,train,K_scale_tail_spiral,12,3.544983778635305,4.451832612674567,4.184305567259078,37.056824266363506,K_scale_tail_spiral,1,100.41279828685026,4.184305567259078,6.294812002196736,4.462862510043515,-32.872518699104425,0.6393217886237732,-0.26752704541548855,True,False,True
DDO161,train,K_scale_tail_spiral,31,13.579219703882607,18.569662825271475,15.881667823431446,27.337018590663728,K_exponential_disk,3,60.165341052704704,15.881667823431446,9.714650953157456,12.131063766129017,-11.455350767232282,2.3024481195488384,-2.6879950018400294,True,False,True
DDO168,train,K_scale_tail_spiral,10,6.727638673752554,7.879974549733663,8.993591610956091,45.39270358898074,K_exponential_disk,3,123.95226868626911,8.993591610956091,5.837267301925055,6.388574778748064,-36.39911197802465,2.2659529372035374,1.1136170612224285,True,False,False
DDO170,train,K_scale_tail_spiral,8,7.480201139884626,14.370201282342645,10.159584119881025,21.99332072543758,K_exponential_disk,3,57.51849002945726,10.159584119881025,2.994603926554938,5.466868220300547,-11.833736605556556,2.679382979996399,-4.21061716246162,True,False,True
ESO079-G014,train,K_thick_flared,15,12.522654026496923,11.397542407404476,13.175386122165875,17.133691319916323,K_scale_tail_spiral,2,25.75451303602627,11.745255133211652,13.901305790511042,13.175386122165875,-3.958305197750448,0.6527320956689522,1.7778437147613992,True,False,False
ESO444-G084,train,K_scale_tail_spiral,7,13.917114692092932,10.513209179623457,9.653687321801225,52.421540037362,K_scale_tail_spiral,1,126.7131489091525,9.653687321801225,15.849842941114677,14.701628261818827,-42.76785271556078,-4.263427370291707,-0.8595218578222319,True,True,True
ESO563-G021,train,K_thick_flared,30,47.72714916375959,44.48667176928297,49.05425860593719,46.80070434080499,K_compact_finite,3,42.79768067708103,47.114838687366905,50.48959365796703,49.05425860593719,2.253554265132202,1.3271094421776013,4.567586836654222,False,False,False
F563-V1,train,K_scale_tail_spiral,6,23.66949222725619,29.338957960123544,26.964419023751876,46.669400322180884,K_exponential_disk,3,98.91572056208932,26.964419023751876,19.261744797899087,21.830735606554263,-19.704981298429008,3.2949267964956874,-2.3745389363716676,True,False,True
F563-V2,train,K_scale_tail_spiral,10,26.238947803350438,23.428832485173935,23.80775763175782,28.420937595113298,K_scale_tail_spiral,1,29.722819895140628,23.80775763175782,28.382965301524813,27.157027588674456,-4.613179963355478,-2.4311901715926183,0.3789251465838852,True,True,False
F565-V2,train,K_scale_tail_spiral,7,11.960771688430881,6.916649069723871,9.108198192477284,29.743010836640575,K_scale_tail_spiral,1,59.06725048412221,9.108198192477284,16.450857714394015,13.710924311405499,-20.63481264416329,-2.8525734959535978,2.191549122753413,True,True,False
F567-2,train,K_scale_tail_spiral,5,14.016635993218337,19.406231954265397,16.22869903613856,32.73278143190438,K_exponential_disk,3,74.7894401860748,16.22869903613856,11.024337534941019,12.384566574697319,-16.504082395765817,2.2120630429202244,-3.177532918126836,True,False,True
F568-3,train,K_exponential_disk,18,9.11490703879206,7.976415983117765,11.251672319569533,22.374412576539147,K_scale_tail_spiral,3,49.22521553631487,7.860002856544251,11.251672319569533,10.03801933675833,-11.122740256969614,2.136765280777473,3.2752563364517675,True,False,False
F568-V1,train,K_exponential_disk,15,29.877210479611758,25.762065140172663,33.68872136932015,27.34618158541674,K_compact_finite,4,22.977818423353682,27.488531570335322,33.68872136932015,31.572194762561207,6.342539783903408,3.8115108897083907,7.926656229147486,False,False,False
F571-8,train,K_thick_flared,13,30.175376192122503,28.290592925853005,30.469049603845086,36.6094138729954,K_scale_tail_spiral,2,49.61901242354519,29.46517560068289,30.7440535947581,30.469049603845086,-6.140364269150311,0.2936734117225832,2.178456677992081,True,False,False
F571-V1,train,K_scale_tail_spiral,7,3.5735232878164758,6.360130039546406,3.7041860848067847,17.93347554651218,K_scale_tail_spiral,1,42.03448484872583,3.7041860848067847,7.07769303185887,4.68824875895184,-14.229289461705395,0.13066279699030892,-2.6559439547396213,True,False,True
F574-1,train,K_exponential_disk,14,11.820788616096635,8.776912560877792,15.653160782256908,19.507507933746982,K_scale_tail_spiral,3,35.04763660911316,9.943790587801379,15.653160782256908,13.531096604326411,-3.8543471514900745,3.8323721661602725,6.876248221379116,True,False,False
F574-2,train,K_scale_tail_spiral,5,32.6388165436646,38.74115873241575,35.20922291232126,48.41021108051484,K_exponential_disk,3,87.30266245597151,35.20922291232126,27.59855615227147,30.32941463330155,-13.200988168193582,2.5704063686566556,-3.531935820094489,True,False,True
F579-V1,train,K_thick_flared,14,19.63941142103888,18.38890176475787,20.704633861715262,24.88033782205599,K_scale_tail_spiral,2,34.18117288836033,18.3734345340946,22.086406043713033,20.704633861715262,-4.175703960340726,1.0652224406763828,2.315732096957394,True,False,False
F583-1,train,K_scale_tail_spiral,25,13.297286773674033,10.320140273858495,10.359993146223937,33.079785199238074,K_scale_tail_spiral,1,67.49041073499095,10.359993146223937,16.891429739319495,14.857515123403779,-22.71979205301414,-2.937293627450096,0.03985287236544188,True,True,False
F583-4,train,K_thick_flared,12,2.089348476842753,5.381087823103697,1.8163548767334206,26.67131931553126,K_thick_flared,1,72.8742846072619,4.070396257323441,3.069277082008441,1.8163548767334206,-24.85496443879784,-0.2729936001093325,-3.5647329463702766,True,True,True
KK98-251,train,K_scale_tail_spiral,15,8.181219377823203,10.870651981388162,13.610025806267119,65.54286444110075,K_exponential_disk,3,183.28835215300754,13.610025806267119,5.992935139188714,7.3473060311059974,-51.93283863483363,5.428806428443917,2.7393738248789568,True,False,False
NGC0055,train,K_scale_tail_spiral,21,13.646013162608714,17.518196226309797,15.50707161929844,24.46296030576794,K_exponential_disk,3,51.40219728558121,15.50707161929844,9.845703903937551,12.140979727785073,-8.9558886864695,1.861058456689726,-2.0111246070113573,True,False,True
NGC0100,train,K_exponential_disk,21,7.537919334963079,6.061732881040405,8.856389899016648,24.12777903871567,K_scale_tail_spiral,3,57.189436731158814,7.095648589444358,8.856389899016648,8.09825179554383,-15.271389139699021,1.3184705640535688,2.7946570179762427,True,False,False
NGC0247,train,K_exponential_disk,26,3.866312004062215,5.475417572666649,6.561795274843639,15.203196129135998,K_scale_tail_spiral,3,37.06192318765612,3.891023604550918,6.561795274843639,4.65664159520096,-8.64140085429236,2.6954832707814234,1.0863777021769891,True,False,False
NGC0289,train,K_thick_flared,28,13.44827134683854,23.595309185371484,11.257300859223461,13.682647846404995,K_exponential_disk,2,17.337093619667037,14.187674267165931,9.523175652382012,11.257300859223461,-2.425346987181534,-2.190970487615079,-12.338008326148023,True,True,True
NGC0300,train,K_exponential_disk,25,9.83189803567648,5.607034629923943,13.615448943697162,20.000053097718364,K_scale_tail_spiral,3,40.652091668474206,7.848918182292735,13.615448943697162,11.499149442388156,-6.384604154021202,3.7835509080206826,8.008414313773219,True,False,False
NGC0801,train,K_thick_flared,13,31.348134413644825,35.306528941160416,30.338225611407932,32.26472591754318,K_exponential_disk,2,35.46886061395257,31.975068211626063,29.35024892705091,30.338225611407932,-1.9265003061352495,-1.0099088022368932,-4.968303329752484,True,True,True
NGC0891,train,K_compact_finite,18,29.637636010909365,32.67571266789567,36.117714962740685,29.27803901501652,K_exponential_disk,4,36.117714962740685,30.02843006879364,28.645013847451914,29.160673128804007,6.839675947724164,6.48007895183132,3.442002294845018,False,False,False
NGC1003,train,K_scale_tail_spiral,36,11.228797331872782,8.233924992844548,10.239711077957573,15.531127685525385,K_scale_tail_spiral,1,15.90296903913921,10.239711077957573,17.116427198316828,13.573986819120119,-5.291416607567813,-0.9890862539152092,2.0057860851130247,True,True,False
NGC1090,train,K_thick_flared,24,15.259685358845738,18.764009439287914,13.765926902112863,17.684768458108984,K_exponential_disk,2,24.762662346218328,16.022194909810633,12.269448118297996,13.765926902112863,-3.9188415559961207,-1.4937584567328752,-4.998082537175051,True,True,True
NGC1705,train,K_scale_tail_spiral,14,20.59864390810048,16.95201559286103,17.353386930958422,40.884651131584405,K_scale_tail_spiral,1,77.24007777084682,17.353386930958422,23.54160612610431,21.872269497802087,-23.531264200625984,-3.245256977142059,0.4013713380973911,True,True,False
NGC2366,train,K_scale_tail_spiral,26,8.175530891777854,11.387781875806942,11.179048179418931,37.91129702949528,K_exponential_disk,3,100.73572426219579,11.179048179418931,5.796668737637561,7.201498088652501,-26.73224885007635,3.0035172876410776,-0.20873369638801087,True,False,True
NGC2403,train,K_exponential_disk,73,9.860995949284607,6.239762201686606,10.644397151446181,20.393652469070723,K_scale_tail_spiral,3,42.54767684317661,8.411832353703565,10.644397151446181,10.221448210331992,-9.749255317624542,0.7834012021615742,4.404634949759576,True,False,False
NGC2841,train,K_compact_finite,50,59.09007494417434,53.02346081870857,54.87724264138518,59.83992329998708,K_compact_finite,1,54.87724264138518,58.28235405110214,61.17369303961691,60.063722809242186,-4.962680658601897,-4.21283230278916,1.8537818226766092,True,True,False
NGC2903,train,K_thick_flared,34,24.362146162225375,24.96300377208502,24.47346324263098,25.253203135481424,K_scale_tail_spiral,2,26.881021022956993,24.272898417962764,24.605689965524515,24.47346324263098,-0.7797398928504435,0.1113170804056054,-0.4895405294540396,True,False,True
NGC2915,train,K_scale_tail_spiral,30,26.00786566771677,20.629433034344654,23.036865971923184,34.06954696672991,K_scale_tail_spiral,1,43.77180789168901,23.036865971923184,30.54052035517563,27.89631265332508,-11.032680994806725,-2.970999695793587,2.4074329375785304,True,True,False
NGC2955,train,K_compact_finite,24,19.782113998497127,23.273161362253415,24.641523770508012,19.480887536567796,K_exponential_disk,4,24.641523770508012,20.33458377501467,18.80621135174853,19.301867482940185,5.160636233940217,4.859409772010885,1.3683624082545975,False,False,False
NGC2976,train,K_thick_flared,27,5.11693008193194,5.678104979086942,4.791806857705614,67.96264209749198,K_exponential_disk,2,191.76576917721627,7.7232438061517295,4.398913309107924,4.791806857705614,-63.17083523978636,-0.325123224226326,-0.8862981213813272,True,True,True
NGC2998,train,K_thick_flared,13,27.11504519134483,27.07347466768693,27.16527082415665,27.83950094312291,K_thick_flared,1,28.958847402464453,27.172575342307006,27.387080084597272,27.16527082415665,-0.6742301189662605,0.05022563281182002,0.09179615646971939,True,False,False
NGC3109,train,K_scale_tail_spiral,25,9.323880057063088,5.041785679362137,6.272043335416706,37.3264268874765,K_scale_tail_spiral,1,88.62348131638774,6.272043335416706,12.710898563022438,10.64490078301933,-31.054383552059797,-3.0518367216463815,1.2302576560545688,True,True,False
NGC3198,train,K_thick_flared,43,7.704000492040528,11.179050056995646,7.680393768171026,13.186518430436294,K_thick_flared,1,23.839413433311066,7.975273037405567,7.744868820592246,7.680393768171026,-5.506124662265268,-0.023606723869502133,-3.4986562888246198,True,True,True
NGC3521,train,K_thick_flared,41,7.110920589361769,6.814883835390855,7.247916089313718,16.12850318349133,K_scale_tail_spiral,2,34.22107156620252,6.74585908508069,7.418578899190783,7.247916089313718,-8.88058709417761,0.13699549995194893,0.43303225392286304,True,False,False
NGC3741,train,K_scale_tail_spiral,21,7.821498388140469,2.7212527031991094,3.894370209914949,42.93300360643685,K_scale_tail_spiral,1,108.48341253398524,3.894370209914949,11.19089759140991,9.124700693915397,-39.0386333965219,-3.9271281782255203,1.1731175067158395,True,True,False
NGC3769,train,K_thick_flared,12,11.2553126000523,15.980528592616563,10.512927499323025,15.81809169696382,K_exponential_disk,2,25.70221137112346,11.971266897886482,9.780796821881525,10.512927499323025,-5.305164197640796,-0.7423851007292743,-5.467601093293538,True,True,True
NGC3877,train,K_thick_flared,13,22.419419150236873,23.91875443404216,22.08734115885114,29.054377223358,K_exponential_disk,2,42.5352130015757,22.854557122222356,21.773361546275936,22.08734115885114,-6.9670360645068605,-0.33207799138573435,-1.8314132751910215,True,True,True
NGC3893,train,K_thick_flared,10,7.421761571780209,6.883534927974165,8.268422939237203,9.843076276171802,K_scale_tail_spiral,2,13.342815203373254,6.862305635245328,9.324107989896824,8.268422939237203,-1.574653336934599,0.8466613674569938,1.3848880112630377,True,False,False
NGC3917,train,K_exponential_disk,17,6.899654025227952,6.637702160319162,8.631088151285468,13.57175782726017,K_scale_tail_spiral,3,26.657385247505978,6.452191277429576,8.631088151285468,7.605696956844949,-4.940669675974702,1.7314341260575157,1.9933859909663054,True,False,False
NGC3953,train,K_thick_flared,8,10.449994650865388,10.343662263567392,10.55383538687841,13.573063796246238,K_scale_tail_spiral,2,19.43815980739362,10.437675468940183,10.843356112404912,10.55383538687841,-3.0192284093678285,0.10384073601302113,0.21017312331101756,True,False,False
NGC3992,train,K_thick_flared,9,21.62991458359259,18.53931925672739,23.63875115028724,22.094294615044948,K_compact_finite,3,19.004485845197102,21.126677197408743,26.151720802528995,23.63875115028724,1.5444565352422934,2.008836566694651,5.099431893559853,False,False,False
NGC4010,train,K_exponential_disk,12,10.799199499954586,11.798351296716529,9.44159669812727,22.95697576374381,K_exponential_disk,1,46.946356792641545,11.768591608366766,9.44159669812727,10.15597889022311,-13.51537906561654,-1.3576028018273156,-2.3567545985892586,True,True,True
NGC4051,train,K_thick_flared,7,23.162699244292835,25.364933901873997,22.321198124489968,30.767138064171817,K_exponential_disk,2,46.82075484942632,24.040045370873113,21.440613972216013,22.321198124489968,-8.44593993968185,-0.8415011198028672,-3.043735777384029,True,True,True
NGC4068,train,K_scale_tail_spiral,6,9.789559083112076,11.389697947293712,14.042724437389454,67.42956671973123,K_exponential_disk,3,185.07924139893888,14.042724437389454,8.122367949148318,9.08709081110649,-53.386842282341775,4.253165354277378,2.6530264900957423,True,False,False
NGC4085,train,K_thick_flared,7,21.45520895763762,23.247876990413115,20.992615149075316,38.08639234794842,K_exponential_disk,2,71.38902108824118,22.39740944845242,20.47274650715166,20.992615149075316,-17.093777198873102,-0.46259380856230337,-2.2552618413377985,True,True,True
NGC4100,train,K_thick_flared,24,10.799906207475212,9.873831807311648,11.777571748634417,12.316135202300247,K_scale_tail_spiral,2,13.48772836892042,10.330648257960979,13.130028980019343,11.777571748634417,-0.5385634536658301,0.9776655411592046,1.903739941322769,True,False,False
NGC4138,train,K_compact_finite,7,9.51519890085038,10.185247994852606,19.734164564684434,9.763873637930764,K_scale_tail_spiral,4,19.734164564684434,9.578341389474291,10.080711352430805,9.632568171887195,9.97029092675367,10.218965663834053,9.548916569831828,False,False,False
NGC4157,train,K_thick_flared,17,20.216389281228402,23.480615178680974,18.880739807305662,22.153823927512928,K_exponential_disk,2,28.19517678007491,20.880007578798605,17.386287423665273,18.880739807305662,-3.2730841202072654,-1.3356494739227394,-4.599875371375312,True,True,True
NGC4217,train,K_compact_finite,19,52.35219166022327,55.35556407681141,55.742715665520755,51.93585552015994,K_exponential_disk,4,55.742715665520755,52.82660693651676,51.18414311647421,51.796816507488856,3.8068601453608153,3.390524005297486,0.38715158870934374,False,False,False
NGC4559,train,K_exponential_disk,32,15.385306161864646,18.985298676354127,11.77662416508168,21.660621605894306,K_exponential_disk,1,34.596721613585736,16.619025689296773,11.77662416508168,13.76611751480042,-9.883997440812626,-3.608681996782966,-7.208674511272447,True,True,True
NGC5005,train,K_compact_finite,18,12.481746631320759,13.97796581666026,21.343997411839407,12.450697289878413,K_exponential_disk,4,21.343997411839407,12.57812400677166,12.349127636030014,12.424840226833565,8.893300121960994,8.862250780518648,7.366031595179146,False,False,False
NGC5033,train,K_compact_finite,22,15.138788047327509,15.295974840608453,13.873279524642212,16.274136032718875,K_compact_finite,1,13.873279524642212,14.775473508615312,17.786769059140617,16.2601655304007,-2.4008565080766626,-1.2655085226852965,-1.4226953159662408,True,True,True
NGC5055,train,K_thick_flared,28,23.304882018533657,29.486670612228213,22.108380900027967,24.581270741334595,K_exponential_disk,2,28.886045200096575,24.058727346674168,20.79903967723305,22.108380900027967,-2.4728898413066283,-1.1965011185056902,-7.378289712200246,True,True,True
NGC5371,train,K_thick_flared,19,41.66572118681593,44.87169677347413,40.216009532545556,42.48484612892555,K_exponential_disk,2,46.45583646539395,42.255341222751504,38.743360698631186,40.216009532545556,-2.268836596379991,-1.4497116542703736,-4.655687240928572,True,True,True
NGC5585,train,K_exponential_disk,24,7.910184029247681,8.365260361585127,7.261200623297494,27.27650447257778,K_exponential_disk,1,65.3305843618592,8.85930318133798,7.261200623297494,7.639625874536165,-20.015303849280286,-0.6489834059501867,-1.1040597382876332,True,True,True
NGC6015,train,K_exponential_disk,44,13.450865436024902,10.82252972156713,15.74229513884599,13.978281082308056,K_scale_tail_spiral,4,14.74113290652907,12.7579251060169,15.74229513884599,14.435785234378192,1.764014056537933,2.2914297028210875,4.9197654172788585,False,False,False
NGC6195,train,K_compact_finite,23,31.92603912642373,36.238986538686945,36.564874545827834,31.19299168148176,K_exponential_disk,4,36.564874545827834,32.57217973829187,30.009198312939905,30.997596993213513,5.371882864346073,4.638835419404103,0.3258880071408896,False,False,False
NGC6503,train,K_exponential_disk,31,7.537023161651215,4.239120184630891,12.325638251735061,10.887281107338145,K_scale_tail_spiral,3,16.71453791537778,6.286181362603503,12.325638251735061,9.661124044033155,1.4383571443969156,4.788615090083846,8.08651806710417,False,False,False
NGC6674,train,K_compact_finite,15,30.84415865400613,25.376939093620358,29.261624241442536,33.44306840204347,K_compact_finite,1,29.261624241442536,30.352765171507052,36.601122626737414,33.37531740788596,-4.181444160600936,-1.582534412563593,3.8846851478221787,True,True,False
NGC7793,train,K_exponential_disk,46,5.722342289485416,6.0568332273601175,5.760806077336799,34.734869094752156,K_thick_flared,2,92.34803727199667,6.127143398362914,5.760806077336799,5.729426613896877,-28.974063017415357,0.03846378785138249,-0.2960271500233187,True,False,True
NGC7814,train,K_compact_finite,18,22.076573970785304,20.006224427465735,15.356217521468395,22.924635506173413,K_compact_finite,1,15.356217521468395,21.271634737887712,24.325939765484854,23.176332015147665,-7.568417984705018,-6.72035644931691,-4.650006905997341,True,True,True
PGC51017,train,K_scale_tail_spiral,6,18.392706990319713,21.58619332313812,22.624401309139223,62.21060495158648,K_exponential_disk,3,153.28190670057796,22.624401309139223,15.978332614463596,17.371575539717902,-39.58620364244726,4.23169431881951,1.0382079860011046,True,False,False
UGC00128,train,K_scale_tail_spiral,22,13.983592876820651,11.714529979315056,12.85495106943448,17.703928470795073,K_compact_finite,2,10.844153546922131,12.85495106943448,24.364073437651196,17.903558427811888,-4.848977401360594,-1.1286418073861721,1.140421090119423,True,True,False
UGC00191,train,K_scale_tail_spiral,9,7.100447637659804,7.3035411506648025,5.7232425165237695,47.902662765195,K_scale_tail_spiral,1,127.92196159734335,5.7232425165237695,8.206881056398718,7.579145641842911,-42.17942024867123,-1.3772051211360345,-1.580298634141033,True,True,True
UGC00634,train,K_scale_tail_spiral,4,8.17927394861286,2.390542422509193,6.473523239737815,14.698694218593266,K_scale_tail_spiral,1,19.469920593511993,6.473523239737815,14.091949566005082,10.534212496262716,-8.225170978855452,-1.705750708875045,4.082980817228622,True,True,False
UGC01230,train,K_scale_tail_spiral,11,15.668391396233122,19.787452508603863,15.269259084422602,19.450663946079832,K_scale_tail_spiral,1,23.72274196138569,15.269259084422602,18.095588243265,16.533661633588807,-4.18140486165723,-0.39913231181052033,-4.518193424181261,True,True,True
UGC01281,train,K_exponential_disk,23,2.873653918392883,2.590778492828074,4.989913178659305,46.969347666639344,K_thick_flared,3,133.38756821746068,3.841765210997585,4.989913178659305,3.678709571459771,-41.979434487980036,2.1162592602664216,2.3991346858312306,True,False,False
UGC02455,train,K_scale_tail_spiral,8,40.12562667208877,41.15186377794972,42.14294798709024,73.11417485839691,K_exponential_disk,3,141.0450212570772,42.14294798709024,38.788649875518104,39.50885344259544,-30.97122687130667,2.0173213150014675,0.9910842091405172,True,False,False
UGC02487,train,K_compact_finite,17,67.62411171265585,60.82824936276332,66.03842575329956,70.38790802112106,K_compact_finite,1,66.03842575329956,67.09807605165417,73.61317221496556,70.45247579674346,-4.3494822678215,-1.585685959356283,5.21017639053624,True,True,False
UGC02885,train,K_compact_finite,19,18.30388329245319,15.131131571665343,17.310996533690737,20.163397612526943,K_compact_finite,1,17.310996533690737,17.998961370423423,22.4384503976315,20.052781069525906,-2.8524010788362055,-0.9928867587624524,2.1798649620253947,True,True,False
UGC02916,train,K_compact_finite,43,27.319935272727097,30.310716706055015,31.135460068182244,27.127107266501593,K_exponential_disk,4,31.135460068182244,27.8605932916766,26.564684564546557,26.956043943281617,4.008352801680651,3.815524795455147,0.8247433621272293,False,False,False
UGC02953,train,K_compact_finite,115,32.750190465366245,28.930833464990883,27.22347751113864,32.820018473793006,K_compact_finite,1,27.22347751113864,32.107548457097785,33.32100474275078,33.031502221530445,-5.596540962654366,-5.526712954227605,-1.7073559538522431,True,True,True
UGC03205,train,K_compact_finite,48,23.038239432266117,20.01236999671605,19.265882690084666,23.476398597317274,K_compact_finite,1,19.265882690084666,22.347123927901933,24.40494503325598,23.677126830793913,-4.210515907232608,-3.772356742181451,-0.7464873066313835,True,True,True
UGC03546,train,K_compact_finite,30,31.144679427119854,32.99335102825052,36.762765257786825,31.07216908551861,K_exponential_disk,4,36.762765257786825,31.452096901649615,30.787027512377154,30.977382842529064,5.690596172268215,5.6180858306669705,3.7694142295363022,False,False,False
UGC04278,train,K_exponential_disk,25,10.395694298729477,7.617050061219652,12.870915321538439,33.107324195029925,K_scale_tail_spiral,3,79.41231275467668,8.380855597511358,12.870915321538439,11.528804232901733,-20.236408873491484,2.4752210228089613,5.253865260318786,True,False,False
UGC04325,train,K_scale_tail_spiral,8,17.920667735433767,16.430046998854888,15.624506638510129,36.71087596235194,K_scale_tail_spiral,1,71.16752963770915,15.624506638510129,20.114698015628587,18.85040023371808,-21.086369323841815,-2.2961610969236386,-0.8055403603447591,True,True,True
UGC04483,train,K_scale_tail_spiral,8,3.798705980303068,5.284251656234046,10.054495276935254,93.21784442133297,K_exponential_disk,3,273.76704066281366,10.054495276935254,2.573343301118045,3.3131493000672245,-83.16334914439771,6.255789296632186,4.770243620701208,True,False,False
UGC05005,train,K_scale_tail_spiral,11,8.667266606701743,15.3370678339474,10.39639267224357,16.98419141295987,K_exponential_disk,3,38.14447192582326,10.39639267224357,5.514610993442102,7.293491319614239,-6.5877987407163,1.729126065541827,-4.94067516170383,True,False,True
UGC05253,train,K_compact_finite,73,15.05917273003151,15.801028556046024,17.207837701966405,15.03323999830567,K_scale_tail_spiral,4,17.207837701966405,14.988985130439485,15.055467676421173,15.055267188056355,2.1745977036607353,2.1486649719348954,1.4068091459203806,False,False,False
UGC05721,train,K_scale_tail_spiral,23,18.899011901061648,16.681620310362256,15.677533845245193,43.48011696039944,K_scale_tail_spiral,1,90.36780689233281,15.677533845245193,20.483426907693193,19.589117081172333,-27.80258311515425,-3.221478055816455,-1.0040864651170622,True,True,True
UGC05750,train,K_exponential_disk,11,9.302313712413989,15.43158945781573,7.20491638120323,29.503550863163834,K_exponential_disk,1,68.3287080370354,11.906291733636799,7.20491638120323,8.27565281881929,-22.298634481960605,-2.097397331210759,-8.226673076612501,True,True,True
UGC05764,train,K_scale_tail_spiral,10,10.69204900722308,8.472754908677588,6.982946574188482,51.259193880630136,K_scale_tail_spiral,1,128.97971898516718,6.982946574188482,13.217373811525977,11.580488845197232,-44.276247306441654,-3.709102433034598,-1.4898083344891067,True,True,True
UGC05918,train,K_scale_tail_spiral,8,3.852091274673392,4.343347077626917,3.820573804610818,44.42210980539513,K_scale_tail_spiral,1,121.26987286959196,3.820573804610818,7.051420187899206,4.945036358694197,-40.601536000784314,-0.031517470062574215,-0.522773273016099,True,True,True
UGC05999,train,K_scale_tail_spiral,5,8.462273332104134,12.11108103755705,9.169425489037593,16.786029427432503,K_thick_flared,3,33.22042789040231,9.169425489037593,8.945748345421325,8.191912046473869,-7.61660393839491,0.7071521569334589,-2.9416555485194564,True,False,True
UGC06399,train,K_scale_tail_spiral,9,6.570667508689696,4.007206920083819,4.496852360136039,26.811459274367895,K_scale_tail_spiral,1,63.0990000185335,4.496852360136039,9.479779827114978,7.855597977455201,-22.314606914231856,-2.073815148553657,0.4896454400522199,True,True,False
UGC06446,train,K_scale_tail_spiral,17,11.600558614682592,9.277034813965724,9.608036252006082,26.3334798535363,K_scale_tail_spiral,1,51.061924071982006,9.608036252006082,15.032039928535234,12.906475560091645,-16.725443601530216,-1.9925223626765103,0.3310014380403583,True,True,False
UGC06614,train,K_compact_finite,13,27.61230809264631,31.039843849947932,30.231883780361514,26.520038262348297,K_exponential_disk,4,30.231883780361514,28.277379480959787,24.935467272632934,26.347268033452178,3.7118455180132166,2.619575687715205,-0.807960069586418,False,False,True
UGC06628,train,K_scale_tail_spiral,7,30.52936844963153,33.51825732954061,32.76752603659018,51.59834501008165,K_exponential_disk,3,97.81139989357231,32.76752603659018,27.73172057489266,29.251914561779977,-18.830818973491468,2.2381575869586534,-0.7507312929504266,True,False,True
UGC06667,train,K_scale_tail_spiral,9,21.777818607382592,16.71485279097738,18.254026493374933,35.9316027991122,K_scale_tail_spiral,1,57.416178357738,18.254026493374933,26.75236150929531,23.626268530303292,-17.677576305737265,-3.5237921140076587,1.5391737023975551,True,True,False
UGC06786,train,K_compact_finite,45,33.56822624211261,29.84835494248942,22.485512324729054,33.78898901183639,K_compact_finite,1,22.485512324729054,32.45698073267055,34.75981033150059,34.150175971338044,-11.303476687107338,-11.082713917383554,-7.362842617760364,True,True,True
UGC06787,train,K_compact_finite,71,32.5137827820559,29.754940330408104,25.47360509382077,32.63528608820865,K_compact_finite,1,25.47360509382077,31.67306372483247,33.31741641789539,32.915378121898094,-7.161680994387883,-7.040177688235129,-4.281335236587335,True,True,True
UGC06923,train,K_scale_tail_spiral,6,8.148037483804755,9.174294672212552,9.756185765361533,34.064735553249754,K_exponential_disk,3,87.8224585219624,9.756185765361533,6.821521520866956,7.5502266169199155,-24.30854978788822,1.6081482815567778,0.5818910931489807,True,False,False
UGC06930,train,K_exponential_disk,10,7.129942401878801,10.615359911067321,6.7704197733511,15.319710280159526,K_thick_flared,2,31.49719182180449,7.94480881737857,6.7704197733511,6.517130201295519,-8.549290506808426,-0.3595226285277011,-3.844940137716221,True,True,True
UGC06973,train,K_compact_finite,9,43.77487056159231,46.219420778795254,59.15991593534564,43.60000185834795,K_exponential_disk,4,59.15991593534564,44.17366042741325,43.147553242278164,43.47879190535243,15.559914076997686,15.385045373753329,12.940495156550384,False,False,False
UGC07089,train,K_exponential_disk,12,11.854626156035648,15.11002549298317,8.347194825643959,29.909915872873057,K_exponential_disk,1,65.48553305250043,13.91579823380094,8.347194825643959,10.328416332317806,-21.562721047229097,-3.5074313303916895,-6.762830667339211,True,True,True
UGC07125,train,K_scale_tail_spiral,13,23.50738158433897,30.744216898994726,25.49714427081561,30.944057449885737,K_exponential_disk,3,53.571162588691365,25.49714427081561,18.03480007443073,21.22620968653512,-5.446913179070126,1.9897626864766416,-5.247072628179115,True,False,True
UGC07232,train,K_scale_tail_spiral,4,4.330516350390615,4.2010085891531075,6.488737231787711,108.06201339665493,K_thick_flared,3,315.4170521305552,6.488737231787711,4.405979516464216,4.3630085429453525,-101.57327616486722,2.158220881397096,2.2877286426346037,True,False,False
UGC07323,train,K_exponential_disk,10,7.870558254421247,9.408514005252675,5.738379289187959,35.814392261082226,K_exponential_disk,1,90.40493504658063,10.14153546927387,5.738379289187959,6.896706267392179,-30.076012971894265,-2.1321789652332876,-3.670134716064716,True,True,True
UGC07399,train,K_exponential_disk,10,29.951109537180738,27.270722350345288,32.593702666180214,38.533595258660135,K_scale_tail_spiral,3,57.29255502300082,27.224941789609378,32.593702666180214,31.083288963370187,-5.9398925924799215,2.6425931289994757,5.322980315834926,True,False,False
UGC07524,train,K_scale_tail_spiral,31,5.168715146792566,7.393493259839208,5.631555109722481,22.946474134189334,K_thick_flared,2,56.318846315791305,5.631555109722481,6.954863278138242,5.565712808638458,-17.314919024466853,0.46283996292991514,-1.7619381501167268,True,False,True
UGC07559,train,K_scale_tail_spiral,7,8.085663881075234,10.488763467566779,12.843255511283772,65.31979461327889,K_exponential_disk,3,182.7597696633325,12.843255511283772,5.979985469576416,7.219628706927766,-52.476539101995115,4.7575916302085375,2.354492043716993,True,False,False
UGC07608,train,K_scale_tail_spiral,8,11.086952972273936,7.643350201540864,7.4459557613823,43.0062526897704,K_scale_tail_spiral,1,102.54659210061145,7.4459557613823,14.170248435521525,12.301917533178207,-35.5602969283881,-3.640997210891636,-0.1973944401585639,True,True,True
UGC07690,train,K_scale_tail_spiral,7,4.60175903715822,6.229715228813062,6.725261998780935,41.522276622486956,K_exponential_disk,3,116.67289552262304,6.725261998780935,3.7821971270476635,4.111737217790168,-34.79701462370602,2.123502961622715,0.4955467699678726,True,False,False
UGC07866,train,K_scale_tail_spiral,7,5.7383846888435865,8.109464129446401,10.64394186732065,66.52017100616017,K_exponential_disk,3,190.81385541306244,10.64394186732065,3.8440575983226073,4.902600007095436,-55.87622913883952,4.905557178477064,2.5344777378742496,True,False,False
UGC08286,train,K_exponential_disk,17,14.190503497341913,11.134978355570606,17.334386288712363,28.728465394805998,K_scale_tail_spiral,3,58.96843899038373,11.691834413605479,17.334386288712363,15.525122780428786,-11.394079106093635,3.1438827913704497,6.199407933141757,True,False,False
UGC08490,train,K_scale_tail_spiral,30,12.750079284525583,8.782045083335015,10.242739593575449,26.70545086896931,K_scale_tail_spiral,1,49.24046739404724,10.242739593575449,16.560966746802862,14.314918466057833,-16.462711275393865,-2.5073396909501344,1.4606945102404332,True,True,False
UGC08550,train,K_scale_tail_spiral,11,6.06335307483473,3.445739243845035,3.021578182399214,38.71021994251111,K_scale_tail_spiral,1,99.76760663286024,3.021578182399214,9.066184413343048,7.296868781330029,-35.68864176011189,-3.041774892435516,-0.4241610614458211,True,True,True
UGC08837,train,K_scale_tail_spiral,8,11.823039060545453,14.631810600470736,15.524572119525873,50.51465170334075,K_exponential_disk,3,131.74516604171907,15.524572119525873,9.134398392608325,10.664390675694888,-34.99007958381488,3.70153305898042,0.8927615190551368,True,False,False
UGC09037,train,K_exponential_disk,22,35.08096095482696,38.28976483562106,31.40417997527423,38.15713909132102,K_exponential_disk,1,45.07700272472002,35.949333454542575,31.40417997527423,33.44508109470046,-6.752959116046792,-3.676780979552735,-6.885584860346828,True,True,True
UGC09133,train,K_compact_finite,68,17.439689160530865,21.296066784163067,17.666260136312292,17.572072586989616,K_scale_tail_spiral,3,17.666260136312292,17.508027314218538,17.677181750304392,17.531008696445923,0.09418754932267603,0.22657097578142782,-3.6298066478507742,False,False,True
UGC09992,train,K_scale_tail_spiral,5,12.419100947372682,15.349374013313273,15.979683756952904,53.45150288271761,K_exponential_disk,3,138.9491870261348,15.979683756952904,10.029104494912074,11.376217127105937,-37.47181912576471,3.5605828095802217,0.6303097436396303,True,False,False
UGC10310,train,K_scale_tail_spiral,7,6.026738625872166,8.025462221912084,6.963612099942949,27.879011567372785,K_thick_flared,3,71.23900999645669,6.963612099942949,6.4793897274327295,5.918634978228939,-20.915399467429836,0.9368734740707838,-1.061850121969135,True,False,True
UGC11455,train,K_exponential_disk,36,14.4032869987777,16.72257736917739,13.679951585765375,16.128523545063498,K_exponential_disk,1,19.62121279233429,14.729423984786433,13.679951585765375,14.034933858069772,-2.448571959298123,-0.7233354130123253,-3.0426257834120154,True,True,True
UGC11557,train,K_exponential_disk,12,32.96981266846553,34.503675638220066,31.049551860169803,50.550678095667934,K_exponential_disk,1,84.90678656810267,34.67928261004577,31.049551860169803,32.06596510885536,-19.50112623549813,-1.9202608082957262,-3.4541237780502634,True,True,True
UGC11820,train,K_scale_tail_spiral,10,5.218621983502207,9.228226219817985,6.284989425516106,19.250660770501742,K_thick_flared,3,46.58973069765653,6.284989425516106,5.828927983230194,5.333323630618512,-12.965671344985637,1.0663674420138989,-2.943236794301879,True,False,True
UGC12632,train,K_scale_tail_spiral,15,6.032106398984771,7.673706532829834,5.766415468238759,24.218567543964724,K_scale_tail_spiral,1,56.83242107732188,5.766415468238759,8.928175997645376,6.895105556926929,-18.452152075725966,-0.265690930746012,-1.9072910645910746,True,True,True
UGC12732,train,K_scale_tail_spiral,16,7.718129754895397,6.818578331328152,6.263565949137006,19.03687874389262,K_scale_tail_spiral,1,35.167546956936754,6.263565949137006,12.478280952594082,9.464808322147013,-12.773312794755611,-1.454563805758391,-0.5550123821911459,True,True,True
UGCA281,train,K_scale_tail_spiral,7,1.9407170239409501,2.958109044402935,7.687221881833537,98.0519624165626,K_exponential_disk,3,291.6743443532741,7.687221881833537,0.9719686345729849,1.509574261840741,-90.36474053472907,5.746504857892587,4.729112837430602,True,False,False
UGCA442,train,K_scale_tail_spiral,8,5.207292467615204,3.4784865920272874,4.318569912820944,34.22523930528372,K_scale_tail_spiral,1,89.03311905031038,4.318569912820944,7.567502878135674,6.075095987405115,-29.906669392462778,-0.8887225547942599,0.8400833207936569,True,True,False
