galaxy,fold,source_family,endpoint_blind,retrospective_lock,sparc_t_type,log_distance_mpc,inclination_deg,log_l36,log_rdisk_kpc,log_mhi,theta1,theta1_group_bound
CamB,4,UNGC_2013_DOMINANT_NEIGHBOR_TIDAL_INDEX,True,True,10.0,1.2119409739751128,65.0,-2.5902671654458267,-0.7550225842780328,-4.422848629194137,0.8999999761581421,1
DDO064,3,UNGC_2013_DOMINANT_NEIGHBOR_TIDAL_INDEX,True,True,10.0,1.916922612182061,60.0,-1.851509473633829,-0.37106368139083207,-1.5558971455060706,1.600000023841858,1
DDO154,0,UNGC_2013_DOMINANT_NEIGHBOR_TIDAL_INDEX,True,True,10.0,1.3962446919730587,64.0,-2.9374633654300153,-0.9942522733438669,-1.2909841813155656,0.4000000059604645,1
DDO161,2,UNGC_2013_DOMINANT_NEIGHBOR_TIDAL_INDEX,True,True,10.0,2.0149030205422647,70.0,-0.6014799920341214,0.19885085874516517,0.32063317259146673,1.5,1
DDO168,3,UNGC_2013_DOMINANT_NEIGHBOR_TIDAL_INDEX,True,True,10.0,1.4469189829363254,63.0,-1.6554818509355071,0.01980262729617973,-0.8843076860211043,0.3000000119209289,1
IC2574,3,UNGC_2013_DOMINANT_NEIGHBOR_TIDAL_INDEX,True,True,9.0,1.3635373739972745,75.0,0.015873349156290163,1.0224509277025455,0.035367143837291344,1.0,1
NGC0024,2,UNGC_2013_DOMINANT_NEIGHBOR_TIDAL_INDEX,True,True,5.0,1.9878743481543455,64.0,1.3581520551736102,0.29266961396282004,-0.3915622029391729,-1.0,0
NGC0055,1,UNGC_2013_DOMINANT_NEIGHBOR_TIDAL_INDEX,True,True,9.0,0.7466879474879751,77.0,1.5321248093314301,1.809926773183504,0.4478858239921165,0.1000000014901161,1
NGC0247,3,UNGC_2013_DOMINANT_NEIGHBOR_TIDAL_INDEX,True,True,7.0,1.308332819650179,74.0,1.9922483299774585,1.3190856114264407,0.5573274574174104,1.2000000476837158,1
NGC0300,1,UNGC_2013_DOMINANT_NEIGHBOR_TIDAL_INDEX,True,True,7.0,0.7323678937132266,42.0,1.0722683133285078,0.5596157879354227,-0.06613980250454495,0.1000000014901161,1
NGC0891,2,UNGC_2013_DOMINANT_NEIGHBOR_TIDAL_INDEX,True,True,3.0,2.2935443483418965,90.0,4.929714423172439,0.9360933591703348,1.4955970960103406,-0.8999999761581421,0
NGC1705,3,UNGC_2013_DOMINANT_NEIGHBOR_TIDAL_INDEX,True,True,11.0,1.7457155307266483,80.0,-0.6292338548162925,-0.941608539858445,-1.973281345851445,-1.7999999523162842,0
NGC2366,2,UNGC_2013_DOMINANT_NEIGHBOR_TIDAL_INDEX,True,True,10.0,1.184789984909162,68.0,-1.443923473956527,-0.4307829160924542,-0.43540898448123644,1.0,1
NGC2403,2,UNGC_2013_DOMINANT_NEIGHBOR_TIDAL_INDEX,True,True,6.0,1.1505720275988207,63.0,2.306676710897299,0.3293037471426003,1.1628382609673809,0.2000000029802322,1
NGC2683,1,UNGC_2013_DOMINANT_NEIGHBOR_TIDAL_INDEX,True,True,3.0,2.2834022735772717,80.0,4.3872007259476105,0.7793248768009977,0.3407487933884731,0.0,0
NGC2903,2,UNGC_2013_DOMINANT_NEIGHBOR_TIDAL_INDEX,True,True,4.0,1.8870696490323797,66.0,4.405047118328238,0.8458682675776092,0.9368773654825434,1.7000000476837158,1
NGC2915,4,UNGC_2013_DOMINANT_NEIGHBOR_TIDAL_INDEX,True,True,11.0,1.4011829736136412,56.0,-0.444725822061467,-0.5978370007556204,-0.6772738314036552,-1.100000023841858,0
NGC2976,1,UNGC_2013_DOMINANT_NEIGHBOR_TIDAL_INDEX,True,True,5.0,1.275362800412609,61.0,1.2152094362519237,0.009950330853168092,-1.760260802168684,2.9000000953674316,1
NGC3109,2,UNGC_2013_DOMINANT_NEIGHBOR_TIDAL_INDEX,True,True,9.0,0.28517894223366247,70.0,-1.6398971199188088,0.44468582126144574,-0.7402387880937958,0.2000000029802322,1
NGC3521,2,UNGC_2013_DOMINANT_NEIGHBOR_TIDAL_INDEX,True,True,4.0,2.0412203288596382,75.0,4.4407199810131,0.8754687373538999,1.4240717254539206,2.200000047683716,1
NGC3741,4,UNGC_2013_DOMINANT_NEIGHBOR_TIDAL_INDEX,True,True,10.0,1.1662709371419244,70.0,-3.575550768806933,-1.6094379124341003,-1.7037485919053417,-0.699999988079071,0
NGC4068,3,UNGC_2013_DOMINANT_NEIGHBOR_TIDAL_INDEX,True,True,10.0,1.4747630091074988,44.0,-1.443923473956527,-0.527632742082372,-1.870802676568508,-0.5,0
NGC4214,1,UNGC_2013_DOMINANT_NEIGHBOR_TIDAL_INDEX,True,True,10.0,1.0543120297715298,15.0,0.1319050708799386,-0.6733445532637656,-0.7215466550816433,1.2000000476837158,1
NGC4559,0,UNGC_2013_DOMINANT_NEIGHBOR_TIDAL_INDEX,True,True,6.0,2.1972245773362196,67.0,2.9640867957184454,0.7419373447293773,1.7597526730929685,-0.4000000059604645,0
NGC5055,2,UNGC_2013_DOMINANT_NEIGHBOR_TIDAL_INDEX,True,True,4.0,2.2925347571405443,55.0,5.029927987476665,1.1631508098056809,2.4614674180542373,-0.1000000014901161,0
NGC5585,0,UNGC_2013_DOMINANT_NEIGHBOR_TIDAL_INDEX,True,True,7.0,1.9544450515051506,51.0,1.0794294692513358,0.4252677354043441,0.520577915208669,-0.800000011920929,0
NGC6503,0,UNGC_2013_DOMINANT_NEIGHBOR_TIDAL_INDEX,True,True,6.0,1.8341801851120072,74.0,2.552954630561847,0.7701082216960737,0.5561813254867879,-1.100000023841858,0
NGC6789,2,UNGC_2013_DOMINANT_NEIGHBOR_TIDAL_INDEX,True,True,11.0,1.2584609896100056,43.0,-2.3025850929940455,-1.171182981502945,-4.074541934925921,-1.2999999523162842,0
NGC6946,3,UNGC_2013_DOMINANT_NEIGHBOR_TIDAL_INDEX,True,True,6.0,1.7083778602890038,38.0,4.192272524762602,0.8919980393051105,1.7351891177396608,0.6000000238418579,1
NGC7793,4,UNGC_2013_DOMINANT_NEIGHBOR_TIDAL_INDEX,True,True,7.0,1.2837077723447896,47.0,1.9530276168241774,0.1906203596086497,-0.14966077455440627,0.2000000029802322,1
UGC01281,0,UNGC_2013_DOMINANT_NEIGHBOR_TIDAL_INDEX,True,True,8.0,1.6620303625532709,90.0,-1.0412872220488403,0.4885800148186709,-1.2241755116434554,-1.100000023841858,0
UGC04483,1,UNGC_2013_DOMINANT_NEIGHBOR_TIDAL_INDEX,True,True,10.0,1.205970806988609,58.0,-4.3428059215206005,-1.7147984280919266,-3.4420193761824103,0.6000000238418579,1
UGC07690,4,UNGC_2013_DOMINANT_NEIGHBOR_TIDAL_INDEX,True,True,10.0,2.0930978681273213,41.0,-0.15315117949417478,-0.5621189181535413,-0.941608539858445,-0.5,0
UGC09992,1,UNGC_2013_DOMINANT_NEIGHBOR_TIDAL_INDEX,True,True,10.0,2.3702437414678603,30.0,-1.0906441190189327,0.03922071315328133,-1.1457038962019601,-1.2000000476837158,0
UGCA281,3,UNGC_2013_DOMINANT_NEIGHBOR_TIDAL_INDEX,True,True,11.0,1.7369512327330598,67.0,-1.6398971199188088,0.5423242908253617,-2.7806208939370456,-0.6000000238418579,0
UGCA442,2,UNGC_2013_DOMINANT_NEIGHBOR_TIDAL_INDEX,True,True,9.0,1.4701758451005926,64.0,-1.9661128563728327,0.16551443847757333,-1.3356012468043725,-0.1000000014901161,0
