Name,RAJ2000,DEJ2000,MType,D25,Dist,Mdust,e_Mdust,Uav,e_Uav,QPAH,e_QPAH,SFR,e_SFR,log10M*,e_log10M*,SED,ModSED,SimbadName
ESO097-013,213.2913,-65.339,3.3,8.71,4.20727,3.54,0.68,25.69,9.04,0.074,0.013,6.062,5.888,10.568,0.209,SED,ModSED,ESO097-013
ESO149-001,356.9529,-57.07261,8.0,3.388,20.89297,2.08,1.03,1.14,0.86,0.101,0.035,0.151,0.135,9.858,0.209,SED,ModSED,ESO149-001
ESO149-013,0.6945,-52.77158,9.9,1.175,20.2485,0.03,0.04,1.03,1.13,0.109,0.037,,,8.122,0.207,SED,ModSED,ESO149-013
ESO157-047,69.8301,-54.21068,0.0,1.259,21.49099,0.05,0.07,1.14,1.19,0.114,0.035,3.088,2.942,8.457,0.208,SED,ModSED,ESO157-047
ESO157-049,69.9036,-53.01267,5.3,1.738,23.6592,2.9,1.1,6.5,2.7,0.097,0.011,0.776,0.714,9.701,0.209,SED,ModSED,ESO157-049
ESO209-009,119.5644,-49.85424,6.1,6.457,12.58925,13.39,2.36,2.84,0.8,0.132,0.017,1.365,1.275,10.312,0.209,SED,ModSED,ESO209-009
ESO240-004,351.9711,-51.13189,6.7,1.778,20.60631,0.38,0.32,0.99,0.92,0.092,0.031,0.042,0.036,8.26,0.207,SED,ModSED,ESO240-004
ESO351-030,15.03885,-33.709,-4.8,1.148,0.08433,0.0,0.0,0.87,1.57,0.091,0.059,,,1.569,0.201,SED,ModSED,ESO351-030
ESO358-015,53.27805,-34.80702,8.7,1.071,16.14359,0.03,0.05,1.09,1.15,0.112,0.035,1.829,1.719,8.219,0.207,SED,ModSED,ESO358-015
ESO358-016,53.28885,-35.71908,7.1,1.122,22.28291,0.25,0.28,1.36,1.37,0.101,0.029,0.027,0.023,8.297,0.207,SED,ModSED,ESO358-016
ESO358-019,53.6286,-34.2975,-3.0,1.175,16.04315,0.07,0.11,1.15,1.25,0.109,0.033,,,8.232,0.207,SED,ModSED,ESO358-019
ESO358-042,54.5382,-34.51858,-2.2,1.23,20.41738,0.02,0.02,1.16,1.29,0.125,0.038,,,8.47,0.208,SED,ModSED,ESO358-042
ESO358-043,54.5568,-33.12725,-3.0,1.318,20.79696,0.6,0.43,0.65,0.54,0.114,0.03,0.018,0.015,8.994,0.208,SED,ModSED,ESO358-043
ESO358-050,55.2651,-33.77946,-2.1,1.622,19.67885,0.18,0.17,1.42,1.35,0.131,0.033,0.013,0.012,9.702,0.209,SED,ModSED,ESO358-050
ESO358-051,55.38585,-34.88838,0.3,1.413,14.3,0.81,0.53,2.08,1.41,0.093,0.014,0.075,0.065,8.837,0.208,SED,ModSED,ESO358-051
ESO358-054,55.75965,-36.27269,7.9,1.66,16.9,1.61,0.74,0.43,0.27,0.096,0.026,0.042,0.036,8.714,0.208,SED,ModSED,ESO358-054
ESO358-056,55.84425,-33.94002,-2.2,1.413,21.37962,0.04,0.05,1.43,1.51,0.12,0.034,,,8.67,0.208,SED,ModSED,ESO358-056
ESO358-059,56.265,-35.9727,-3.3,1.38,19.58844,0.04,0.05,1.67,1.82,0.137,0.035,2.605,2.472,9.379,0.208,SED,ModSED,ESO358-059
ESO358-060,56.3013,-35.57055,9.8,1.622,15.7,0.01,0.03,0.94,1.09,0.099,0.039,,,7.456,0.207,SED,ModSED,ESO358-060
ESO358-063,56.5791,-34.94359,6.9,4.266,16.82673,5.96,0.52,3.48,0.41,0.129,0.009,0.768,0.708,9.989,0.209,SED,ModSED,ESO358-063
ESO358-066,56.9694,-36.47167,-3.8,1.097,19.7697,0.05,0.07,1.38,1.4,0.115,0.033,0.005,0.004,8.527,0.208,SED,ModSED,ESO358-066
ESO359-002,57.65295,-35.90937,-3.4,1.259,19.14256,0.1,0.13,2.23,2.39,0.116,0.033,,,9.183,0.208,SED,ModSED,ESO359-002
ESO373-008,143.33955,-33.03346,6.1,3.715,9.68278,5.08,1.15,1.17,0.4,0.102,0.018,0.241,0.216,9.498,0.209,SED,ModSED,ESO373-008
ESO377-039,169.84035,-36.59571,3.3,1.071,36.29164,1.08,0.76,1.38,1.1,0.116,0.027,0.076,0.066,9.463,0.208,SED,ModSED,ESO377-039
ESO405-014,335.6958,-34.83391,6.1,1.288,36.83779,0.1,0.16,1.34,1.48,0.097,0.035,,,,,SED,ModSED,ESO405-014
ESO406-031,344.41995,-35.39701,2.2,1.479,22.52867,0.72,0.34,1.83,1.05,0.119,0.023,0.048,0.042,9.228,0.208,SED,ModSED,ESO406-031
ESO407-002,346.1727,-34.05781,-0.5,1.097,23.96232,1.12,0.26,5.07,1.58,0.12,0.015,0.217,0.193,9.559,0.209,SED,ModSED,ESO407-002
ESO407-018,351.61605,-32.38858,9.8,1.349,2.22844,0.0,0.0,0.96,1.14,0.114,0.042,,,7.311,0.207,SED,ModSED,ESO407-018
ESO410-012,7.0752,-27.98335,4.7,1.413,21.01311,0.04,0.06,1.22,1.42,0.098,0.037,0.017,0.014,7.949,0.207,SED,ModSED,ESO410-012
ESO410-018,8.54625,-30.77392,8.9,1.549,19.0,1.22,0.61,1.04,0.67,0.104,0.024,0.061,0.073,8.81,0.208,SED,ModSED,ESO410-018
ESO411-013,11.77665,-31.58135,9.0,1.23,23.78482,0.29,0.26,1.49,1.43,0.122,0.033,,,,,SED,ModSED,ESO411-013
ESO411-016,11.91495,-27.94758,1.8,1.023,24.0852,0.46,0.45,0.67,0.61,0.112,0.03,,,8.632,0.208,SED,ModSED,ESO411-016
ESO411-026,13.18965,-31.71818,9.0,1.148,21.25887,0.05,0.09,0.9,0.96,0.106,0.036,,,8.188,0.207,SED,ModSED,ESO411-026
ESO411-027,13.215,-27.32558,5.7,1.259,24.65866,0.15,0.2,1.14,1.17,0.097,0.033,,,8.08,0.207,SED,ModSED,ESO411-027
ESO428-014,109.12995,-29.32481,-1.8,1.995,23.2,4.73,3.17,16.68,11.82,0.083,0.019,5.645,5.47,10.612,0.21,SED,ModSED,ESO428-014
ESO434-040,146.91765,-30.94863,-1.3,1.071,35.48607,0.0,0.0,76110.0,17640.0,0.071,0.002,14.012,13.888,10.797,0.21,SED,ModSED,ESO434-040
ESO493-016,117.18255,-26.24659,4.0,1.0,23.97,15.71,1.92,7.68,0.93,0.094,0.006,4.633,4.467,10.422,0.209,SED,ModSED,ESO493-016
ESO495-021,129.0633,-26.40933,-2.6,1.995,8.24138,0.41,0.01,53.89,1.79,0.061,0.004,2.627,2.492,9.367,0.208,SED,ModSED,ESO495-021
ESO549-035,58.76625,-20.38338,6.0,1.023,38.90453,1.58,0.98,0.81,0.63,0.098,0.031,9.085,8.965,8.964,0.208,SED,ModSED,ESO549-035
ESO560-004,114.75195,-22.04626,4.2,1.38,37.49729,9.72,1.64,8.27,1.6,0.097,0.009,2.509,2.39,10.7,0.21,SED,ModSED,ESO560-004
ESO603-031,344.3601,-17.88565,1.0,1.122,35.48135,1.72,0.87,1.74,1.13,0.109,0.024,0.143,0.126,9.393,0.208,SED,ModSED,ESO603-031
IC0010,5.09625,59.2931,9.9,6.607,0.79433,0.21,0.07,4.93,1.59,0.016,0.012,0.066,0.057,8.726,0.208,SED,ModSED,IC0010
IC0335,53.87895,-34.44708,-2.1,2.63,20.51161,0.16,0.14,2.88,2.71,0.142,0.031,0.019,0.02,9.953,0.209,SED,ModSED,IC0335
IC0342,56.7054,68.10139,6.0,19.953,3.43558,4.78,0.32,15.43,1.05,0.139,0.005,3.256,3.113,10.532,0.209,SED,ModSED,IC0342
IC0610,156.6183,20.22826,3.7,1.905,29.24156,4.83,0.54,5.4,0.93,0.088,0.008,0.746,0.687,10.102,0.209,SED,ModSED,IC0610
IC0691,171.6846,59.15548,-2.0,1.148,23.7,0.69,0.07,35.52,3.94,0.084,0.003,2.038,1.922,9.616,0.209,SED,ModSED,IC0691
IC0755,180.29355,14.10398,3.9,1.479,17.94734,0.84,0.3,3.1,1.45,0.08,0.018,0.143,0.126,8.914,0.208,SED,ModSED,IC0755
IC0781,185.0136,14.9615,-2.7,1.288,13.99508,0.11,0.11,1.29,1.29,0.127,0.03,0.017,0.015,8.919,0.208,SED,ModSED,IC0781
IC0782,185.40405,5.76573,0.4,1.148,39.07701,0.19,0.2,3.75,4.23,0.141,0.032,0.129,0.116,10.094,0.209,SED,ModSED,IC0782
IC0783,185.41155,15.74513,-0.2,1.23,18.3,0.41,0.28,1.1,0.85,0.141,0.028,,,9.184,0.208,SED,ModSED,IC0783
IC0797,187.97835,15.12369,6.1,1.097,23.22738,2.96,0.54,2.49,0.65,0.132,0.015,0.233,0.207,9.562,0.209,SED,ModSED,IC0797
IC0800,188.48625,15.35462,5.3,1.514,13.99587,0.46,0.14,4.02,1.51,0.124,0.016,0.099,0.087,8.986,0.208,SED,ModSED,IC0800
IC0902,204.0051,49.96076,3.1,2.188,27.66941,10.12,1.92,1.33,0.32,0.125,0.013,0.632,0.58,9.889,0.209,SED,ModSED,IC0902
IC0976,212.1804,-1.16166,-1.4,1.514,25.84653,0.06,0.07,2.33,2.63,0.137,0.035,0.04,0.036,9.645,0.209,SED,ModSED,IC0976
IC1613,16.1991,2.11773,9.9,18.197,0.75509,0.02,0.01,1.66,1.27,0.092,0.032,,,7.502,0.207,SED,ModSED,IC1613
IC2085,67.851,-54.41687,-1.2,2.455,15.07,1.16,0.33,1.38,0.54,0.124,0.019,0.055,0.047,9.175,0.208,SED,ModSED,IC2085
IC2163,94.1166,-21.3759,6.5,3.388,13.99587,0.55,0.28,3.19,1.86,0.081,0.025,0.021,0.019,9.194,0.208,SED,ModSED,IC2163
IC2461,139.99185,37.19121,3.3,2.399,52.23961,22.3,2.18,2.76,0.47,0.119,0.012,2.587,2.46,10.6,0.209,SED,ModSED,IC2461
IC2531,149.98125,-29.61755,5.0,6.607,35.64508,46.27,3.85,1.18,0.11,0.123,0.009,1.546,1.463,10.863,0.21,SED,ModSED,IC2531
IC2574,157.10235,68.41319,8.9,12.883,3.99945,0.46,0.25,1.14,0.79,0.085,0.03,,,8.656,0.208,SED,ModSED,IC2574
IC2828,171.7956,8.73117,10.0,1.0,14.37739,0.32,0.16,2.58,1.56,0.074,0.016,0.072,0.061,8.312,0.207,SED,ModSED,IC2828
IC3019,182.34285,13.99241,-5.0,1.259,16.9044,0.03,0.04,1.75,1.9,0.129,0.035,,,9.03,0.208,SED,ModSED,IC3019
IC3021,182.4771,13.04974,8.6,1.288,56.49368,0.41,0.4,2.98,2.84,0.116,0.028,,,9.502,0.209,SED,ModSED,IC3021
IC3033,182.7915,13.5875,7.8,1.023,17.94734,0.21,0.21,0.81,0.75,0.105,0.032,,,8.378,0.208,SED,ModSED,IC3033
IC3044,183.2016,13.97575,6.1,1.259,17.7011,0.29,0.23,1.41,1.28,0.105,0.029,,,8.724,0.208,SED,ModSED,IC3044
IC3059,183.72945,13.46058,9.7,1.698,23.7684,0.74,0.5,1.31,1.05,0.109,0.025,0.084,0.073,8.833,0.208,SED,ModSED,IC3059
IC3061,183.76875,14.02874,5.2,2.239,41.11496,10.53,2.34,2.18,0.66,0.117,0.016,0.819,0.756,10.065,0.209,SED,ModSED,IC3061
IC3065,183.8025,14.43287,-2.2,1.23,16.2181,0.05,0.05,2.03,2.03,0.128,0.031,1.844,1.733,8.96,0.208,SED,ModSED,IC3065
IC3077,183.98475,14.43285,6.0,1.071,9.12,0.01,0.02,1.33,1.44,0.118,0.036,,,,,SED,ModSED,IC3077
IC3096,184.2183,14.51493,0.7,1.122,13.98143,0.14,0.08,1.71,1.31,0.102,0.028,0.003,0.002,8.422,0.208,SED,ModSED,IC3096
IC3099,184.2885,12.45382,6.2,1.862,34.51434,1.91,0.84,1.88,1.11,0.099,0.025,0.2,0.178,9.469,0.208,SED,ModSED,IC3099
IC3100,184.27305,12.28978,-2.0,1.413,3.80939,0.01,0.02,0.73,0.8,0.098,0.039,,,7.191,0.206,SED,ModSED,IC3100
IC3102,184.35735,6.68993,-0.7,2.042,28.0,3.08,0.93,2.44,1.05,0.131,0.024,0.288,0.265,10.34,0.209,SED,ModSED,IC3102
IC3104,184.692,-79.72593,9.9,2.399,2.35505,0.01,0.02,0.88,0.97,0.115,0.039,,,7.969,0.207,SED,ModSED,IC3104
IC3105,184.3902,12.38736,9.8,1.549,14.12538,0.25,0.17,1.03,0.89,0.088,0.031,0.023,0.019,8.028,0.207,SED,ModSED,IC3105
IC3115,184.4994,6.65409,5.5,1.479,24.43431,4.88,1.81,0.98,0.45,0.124,0.023,0.243,0.216,9.433,0.208,SED,ModSED,IC3115
IC3131,184.7118,7.86164,-3.0,1.0,13.73566,0.05,0.05,2.14,2.38,0.118,0.033,0.027,0.023,8.82,0.208,SED,ModSED,IC3131
IC3167,185.07825,9.54537,-2.0,1.349,13.79028,0.03,0.04,1.21,1.23,0.123,0.033,,,8.579,0.208,SED,ModSED,IC3167
IC3229,185.71995,6.67984,4.2,1.23,24.32205,0.97,0.51,1.25,0.86,0.092,0.025,0.059,0.051,8.776,0.208,SED,ModSED,IC3229
IC3258,185.93535,12.47781,9.6,1.349,12.82331,0.48,0.16,3.81,1.51,0.051,0.014,0.128,0.112,8.633,0.208,SED,ModSED,IC3258
IC3259,185.95215,7.18627,8.0,1.622,17.13958,1.74,0.42,1.02,0.3,0.117,0.019,0.076,0.066,9.08,0.208,SED,ModSED,IC3259
IC3267,186.02295,7.04114,5.9,1.202,37.32502,4.46,1.04,1.82,0.53,0.126,0.017,0.214,0.192,9.865,0.209,SED,ModSED,IC3267
IC3268,186.03105,6.60769,10.0,1.0,34.35581,3.08,0.72,4.24,1.11,0.081,0.016,0.405,0.367,,,SED,ModSED,IC3268
IC3305,186.31035,11.84957,-5.0,1.071,39.28181,0.18,0.21,2.23,2.24,0.133,0.03,9.31,9.129,,,SED,ModSED,IC3305
IC3311,186.38775,12.26035,7.5,1.862,19.67885,1.94,0.73,0.81,0.4,0.095,0.023,0.074,0.064,9.021,0.208,SED,ModSED,IC3311
IC3322,186.4755,7.55466,6.3,2.344,19.86094,3.17,0.65,1.92,0.49,0.101,0.015,0.157,0.139,9.396,0.208,SED,ModSED,IC3322
IC3331,186.5223,11.81215,-3.6,1.023,13.8722,0.01,0.01,1.14,1.29,0.12,0.039,,,8.232,0.207,SED,ModSED,IC3331
IC3355,186.71385,13.17396,9.7,1.097,0.65538,0.0,0.0,0.82,1.08,0.075,0.046,0.0,0.0,5.102,0.205,SED,ModSED,IC3355
IC3358,186.7266,11.66376,-5.0,1.047,13.85855,0.05,0.04,2.05,1.94,0.108,0.034,,,8.772,0.208,SED,ModSED,IC3358
IC3371,186.8427,10.86668,6.0,1.175,31.47749,0.69,0.51,2.03,1.68,0.117,0.026,0.139,0.124,9.423,0.208,SED,ModSED,IC3371
IC3381,187.06215,11.78983,-4.1,1.202,16.51962,0.09,0.09,1.94,1.85,0.119,0.029,0.006,0.005,,,SED,ModSED,IC3381
IC3391,187.11375,18.41516,5.9,1.023,23.12064,2.26,0.48,2.49,0.75,0.123,0.017,0.206,0.183,9.5,0.209,SED,ModSED,IC3391
IC3392,187.1802,14.99936,2.4,2.63,11.16863,0.81,0.12,3.75,0.79,0.123,0.012,0.133,0.117,9.349,0.208,SED,ModSED,IC3392
IC3393,187.17375,12.91587,-1.6,1.097,18.7,0.06,0.07,1.26,1.23,0.121,0.032,,,8.764,0.208,SED,ModSED,IC3393
IC3413,187.3437,11.43378,-4.5,1.202,35.1,0.24,0.27,2.28,2.32,0.132,0.031,0.109,0.098,9.762,0.209,SED,ModSED,IC3413
IC3430,187.5696,9.0853,0.0,1.071,13.74932,0.23,0.2,0.82,0.74,0.11,0.03,,,8.356,0.207,SED,ModSED,IC3430
IC3459,187.9833,12.17399,9.8,1.097,1.84326,0.0,0.0,0.86,1.15,0.111,0.049,,,6.553,0.206,SED,ModSED,IC3459
IC3468,188.0592,10.25147,-4.8,1.288,15.20548,0.03,0.03,1.69,1.84,0.128,0.036,0.023,0.02,9.074,0.208,SED,ModSED,IC3468
IC3475,188.17005,12.77083,-4.6,1.549,42.12179,0.23,0.3,2.16,2.29,0.136,0.033,0.032,0.034,9.868,0.209,SED,ModSED,IC3475
IC3476,188.1744,14.05072,9.5,1.66,11.58778,1.07,0.17,3.55,0.67,0.098,0.009,0.221,0.196,8.958,0.208,SED,ModSED,IC3476
IC3499,188.43675,10.99488,-0.4,1.622,13.81759,0.01,0.01,1.49,1.81,0.138,0.039,0.018,0.015,8.978,0.208,SED,ModSED,IC3499
IC3509,188.54805,12.04898,-5.0,1.0,16.59588,0.05,0.06,1.59,1.71,0.117,0.034,0.019,0.016,8.702,0.208,SED,ModSED,IC3509
IC3517,188.6286,9.15479,8.5,1.148,15.77611,0.54,0.28,0.74,0.54,0.094,0.03,1.754,1.646,8.293,0.207,SED,ModSED,IC3517
IC3518,188.6313,9.62457,10.0,1.318,13.76297,0.19,0.19,0.67,0.61,0.119,0.031,,,8.528,0.208,SED,ModSED,IC3518
IC3521,188.66355,7.1584,9.8,1.38,17.21869,1.32,0.24,3.93,0.9,0.099,0.01,0.329,0.296,9.326,0.208,SED,ModSED,IC3521
IC3586,189.2283,12.52004,-2.0,1.148,16.36816,0.29,0.26,0.96,0.89,0.118,0.03,0.024,0.02,8.903,0.208,SED,ModSED,IC3586
IC3611,189.7671,13.36341,6.3,1.413,44.37466,1.05,1.15,2.43,2.21,0.122,0.027,0.174,0.156,9.822,0.209,SED,ModSED,IC3611
IC3631,189.94995,12.97393,-1.2,1.047,42.8,0.28,0.29,2.65,2.6,0.13,0.031,,,9.842,0.209,SED,ModSED,IC3631
IC3718,191.18955,12.35146,-2.5,2.239,6.79,0.04,0.04,0.8,0.75,0.111,0.035,,,8.097,0.207,SED,ModSED,IC3718
IC4213,198.0465,35.67015,5.9,2.512,20.13724,2.84,1.08,0.84,0.45,0.095,0.022,0.103,0.09,9.15,0.208,SED,ModSED,IC4213
IC5270,344.47875,-35.85804,5.7,3.311,24.66038,15.4,1.98,1.91,0.34,0.137,0.014,1.318,1.231,10.093,0.209,SED,ModSED,IC5270
IC5334,353.65155,-4.53399,3.5,1.905,45.49881,8.8,4.5,0.82,0.59,0.12,0.032,0.292,0.27,10.378,0.209,SED,ModSED,IC5334
NGC0007,2.08695,-29.91534,4.8,2.455,20.60631,2.3,1.21,0.38,0.27,0.112,0.029,0.067,0.058,9.004,0.208,SED,ModSED,NGC0007
NGC0115,6.6933,-33.67698,3.9,2.089,28.70782,4.03,1.57,1.18,0.65,0.082,0.024,0.172,0.152,9.519,0.209,SED,ModSED,NGC0115
NGC0131,7.41045,-33.25987,3.0,1.82,19.10158,2.79,0.61,1.63,0.48,0.114,0.016,0.186,0.165,9.36,0.208,SED,ModSED,NGC0131
NGC0147,8.30025,48.50874,-4.8,9.332,0.70795,0.2,0.22,0.53,0.59,0.143,0.031,0.003,0.002,7.902,0.207,SED,ModSED,NGC0147
NGC0148,8.56455,-31.78615,-2.0,1.995,26.23,0.26,0.19,5.84,4.75,0.138,0.028,0.097,0.09,10.24,0.209,SED,ModSED,NGC0148
NGC0150,8.56455,-27.8037,3.4,3.548,21.0863,8.29,0.6,8.89,0.75,0.088,0.004,4.222,4.062,10.371,0.209,SED,ModSED,NGC0150
NGC0253,11.88795,-25.28844,5.1,26.915,3.69828,15.56,1.77,11.23,2.08,0.089,0.009,8.789,8.616,10.77,0.21,SED,ModSED,NGC0253
NGC0254,11.8665,-31.42211,-1.2,2.754,17.1,0.35,0.19,3.4,2.41,0.117,0.03,0.051,0.048,10.002,0.209,SED,ModSED,NGC0254
NGC0289,13.17645,-31.20581,4.0,3.388,20.79696,28.92,3.56,1.63,0.3,0.118,0.014,2.161,2.047,10.582,0.209,SED,ModSED,NGC0289
NGC0300,13.72305,-37.68448,6.9,19.498,2.02302,4.07,0.38,0.52,0.07,0.11,0.016,0.092,0.081,9.224,0.208,SED,ModSED,NGC0300
NGC0337,14.95875,-7.57818,6.7,2.951,18.197,5.5,0.78,8.72,1.18,0.06,0.007,1.763,1.657,9.964,0.209,SED,ModSED,NGC0337
NGC0428,18.23175,0.98168,8.6,2.818,14.79109,5.96,1.87,1.09,0.51,0.091,0.021,0.336,0.304,9.649,0.209,SED,ModSED,NGC0428
NGC0448,18.81885,-1.62626,-2.4,1.585,30.06074,0.48,0.34,5.09,4.07,0.127,0.029,0.226,0.206,10.241,0.209,SED,ModSED,NGC0448
NGC0493,20.53785,0.94576,5.9,3.02,22.90866,9.92,2.03,1.71,0.48,0.1,0.013,0.767,0.707,9.823,0.209,SED,ModSED,NGC0493
NGC0520,21.14445,3.7942,1.3,4.074,30.2,12.74,1.46,27.77,3.05,0.053,0.005,,,10.777,0.21,SED,ModSED,NGC0520
NGC0584,22.8363,-6.86805,-4.7,3.802,19.95263,0.51,0.23,14.38,8.93,0.105,0.03,0.059,0.069,10.754,0.21,SED,ModSED,NGC0584
NGC0586,22.90365,-6.89375,0.7,1.622,24.93173,1.85,0.47,2.62,0.86,0.11,0.017,0.196,0.175,9.78,0.209,SED,ModSED,NGC0586
NGC0613,23.5758,-29.41844,4.0,5.495,26.42408,56.51,2.22,6.17,0.33,0.108,0.003,15.183,15.098,11.232,0.21,SED,ModSED,NGC0613
NGC0625,23.77125,-41.43676,9.0,6.607,3.99945,0.33,0.08,3.29,1.06,0.088,0.014,0.123,0.108,8.657,0.208,SED,ModSED,NGC0625
NGC0628,24.174,15.78332,5.2,10.0,10.13911,15.25,1.66,4.36,0.84,0.13,0.013,1.971,1.861,10.45,0.209,SED,ModSED,NGC0628
NGC0678,27.35355,21.99728,3.0,3.09,27.87,4.55,1.3,3.14,1.31,0.131,0.023,0.462,0.431,10.549,0.209,SED,ModSED,NGC0678
NGC0720,28.2522,-13.73858,-4.9,4.467,27.41572,0.51,0.41,14.04,11.93,0.155,0.031,0.235,0.25,11.154,0.21,SED,ModSED,NGC0720
NGC0855,33.51495,27.87685,-4.8,2.951,9.63829,0.19,0.06,8.49,3.32,0.066,0.014,0.092,0.08,8.971,0.208,SED,ModSED,NGC0855
NGC0891,35.6397,42.34712,3.1,13.183,9.86279,29.21,0.81,6.32,0.3,0.081,0.003,4.126,3.971,10.823,0.21,SED,ModSED,NGC0891
NGC0895,35.40195,-5.52139,6.0,3.311,35.31834,39.04,5.59,1.51,0.26,0.127,0.011,1.983,1.879,10.505,0.209,SED,ModSED,NGC0895
NGC0925,36.82035,33.579,7.0,10.715,9.20449,16.68,1.71,0.75,0.12,0.118,0.018,0.581,0.531,9.871,0.209,SED,ModSED,NGC0925
NGC1052,40.2699,-8.2558,-4.7,2.951,17.5388,9.07,3.62,3.41,2.53,0.062,0.027,1.299,1.223,10.658,0.21,SED,ModSED,NGC1052
NGC1056,40.70145,28.57372,1.0,1.862,31.18893,9.25,0.9,7.73,0.87,0.112,0.006,3.002,2.865,10.509,0.209,SED,ModSED,NGC1056
NGC1068,40.66965,-0.01324,3.0,6.166,10.09253,22.3,1.03,14.88,0.95,0.118,0.002,35.257,35.759,10.954,0.21,SED,ModSED,NGC1068
NGC1097,41.57955,-30.27497,3.3,10.471,14.72313,29.21,1.36,6.66,0.31,0.104,0.002,9.034,8.871,10.996,0.21,SED,ModSED,NGC1097
NGC1140,43.6398,-10.02833,9.2,2.042,18.11342,1.09,0.29,13.34,4.2,0.063,0.009,,,9.429,0.208,SED,ModSED,NGC1140
NGC1189,45.85215,-15.62342,7.9,1.413,33.60186,8.71,3.45,0.62,0.33,0.131,0.025,,,9.677,0.209,SED,ModSED,NGC1189
NGC1222,47.2365,-2.95531,-2.6,1.585,31.0,3.72,0.51,37.11,8.67,0.069,0.006,11.043,10.877,10.253,0.209,SED,ModSED,NGC1222
NGC1266,49.0032,-2.42735,-2.3,1.479,28.60459,2.13,0.14,56.37,4.31,0.015,0.0,4.224,4.062,10.136,0.209,SED,ModSED,NGC1266
NGC1317,50.6844,-37.10381,0.8,3.09,16.9,2.33,0.16,8.33,0.72,0.111,0.004,0.558,0.514,10.358,0.209,SED,ModSED,NGC1317
NGC1336,51.6342,-35.71366,-3.0,1.95,18.11342,0.3,0.27,1.38,1.29,0.132,0.031,0.02,0.019,9.647,0.209,SED,ModSED,NGC1336
NGC1351,52.64565,-34.85402,-3.1,3.388,18.96705,0.43,0.47,2.69,2.9,0.136,0.03,0.092,0.087,10.21,0.209,SED,ModSED,NGC1351
NGC1351A,52.20315,-35.17825,4.2,2.512,19.40886,3.69,0.79,1.08,0.31,0.117,0.016,0.127,0.112,9.41,0.208,SED,ModSED,NGC1351A
NGC1365,53.40165,-36.14051,3.2,12.023,17.29816,54.3,3.08,8.54,0.71,0.078,0.003,20.467,20.49,11.127,0.21,SED,ModSED,NGC1365
NGC1369,54.1884,-36.25615,0.1,2.239,18.26871,0.04,0.05,2.31,2.62,0.137,0.036,0.018,0.016,9.484,0.209,SED,ModSED,NGC1369
NGC1373,53.74665,-35.1711,-3.6,1.202,19.0546,0.05,0.06,1.46,1.54,0.137,0.034,,,9.272,0.208,SED,ModSED,NGC1373
NGC1374,53.8191,-35.22633,-4.5,2.884,19.40886,0.06,0.05,12.74,10.8,0.153,0.029,0.055,0.055,10.332,0.209,SED,ModSED,NGC1374
NGC1377,54.1629,-20.90202,-2.1,2.089,23.35,0.98,0.21,37.64,9.3,0.11,0.005,5.994,5.812,9.874,0.209,SED,ModSED,NGC1377
NGC1379,54.0159,-35.44116,-4.8,2.692,18.96705,0.22,0.15,5.65,4.41,0.136,0.032,0.043,0.044,10.358,0.209,SED,ModSED,NGC1379
NGC1380A,54.19785,-34.73962,-1.9,2.754,19.7697,0.17,0.14,2.78,2.42,0.134,0.029,0.021,0.02,9.74,0.209,SED,ModSED,NGC1380A
NGC1381,54.13215,-35.29521,-2.1,2.57,21.67704,0.08,0.07,11.61,11.07,0.153,0.032,0.055,0.056,10.341,0.209,SED,ModSED,NGC1381
NGC1386,54.19245,-35.99923,-0.7,3.631,16.36816,4.41,0.63,4.0,0.68,0.166,0.005,2.538,2.41,10.251,0.209,SED,ModSED,NGC1386
NGC1387,54.23775,-35.50663,-2.8,3.02,19.14256,1.45,0.35,9.24,3.4,0.109,0.019,0.365,0.342,10.69,0.21,SED,ModSED,NGC1387
NGC1389,54.2988,-35.74602,-2.8,2.57,20.9894,0.4,0.31,3.38,2.87,0.136,0.03,0.011,0.018,10.322,0.209,SED,ModSED,NGC1389
NGC1399,54.62115,-35.45063,-4.6,8.511,20.51161,1.05,1.17,7.75,9.6,0.165,0.038,,,,,SED,ModSED,NGC1399
NGC1404,54.71625,-35.59424,-4.8,5.012,20.04472,0.12,0.09,18.03,15.25,0.222,0.035,0.188,0.192,10.948,0.21,SED,ModSED,NGC1404
NGC1412,55.12245,-26.86225,-2.2,1.071,23.53905,0.08,0.06,6.5,6.57,0.139,0.031,0.025,0.024,9.895,0.209,SED,ModSED,NGC1412
NGC1419,55.17555,-37.51088,-4.9,1.479,22.59436,0.16,0.17,1.5,1.56,0.141,0.033,0.014,0.015,9.766,0.209,SED,ModSED,NGC1419
NGC1427,55.58085,-35.39278,-4.0,4.365,19.14256,0.74,0.81,2.42,2.54,0.149,0.029,0.077,0.073,10.427,0.209,SED,ModSED,NGC1427
NGC1427A,55.03875,-35.62451,9.9,2.239,16.4,0.97,0.38,1.3,0.68,0.088,0.022,0.06,0.051,8.983,0.208,SED,ModSED,NGC1427A
NGC1428,55.59555,-35.15361,-3.0,1.479,20.41738,0.19,0.18,1.69,1.64,0.135,0.032,0.016,0.016,9.722,0.209,SED,ModSED,NGC1428
NGC1436,55.9044,-35.85304,2.0,2.951,15.55965,3.11,0.44,2.37,0.47,0.113,0.011,0.256,0.23,9.881,0.209,SED,ModSED,NGC1436
NGC1437B,56.47875,-36.35695,8.3,2.884,10.28016,1.04,0.26,0.98,0.3,0.11,0.015,0.043,0.037,8.72,0.208,SED,ModSED,NGC1437B
NGC1460,56.5572,-36.6964,-1.9,1.905,19.67885,0.19,0.22,1.63,1.61,0.136,0.032,0.002,0.004,9.634,0.209,SED,ModSED,NGC1460
NGC1481,58.62075,-20.42722,-3.0,1.023,23.81212,1.44,1.15,3.38,2.69,0.094,0.021,0.259,0.231,,,SED,ModSED,NGC1481
NGC1482,58.66215,-20.50232,-0.8,2.455,19.6,5.5,0.1,31.31,0.76,0.08,0.001,8.202,8.019,10.383,0.209,SED,ModSED,NGC1482
NGC1510,60.88605,-43.40009,-1.8,1.318,11.0,0.11,0.06,16.71,9.5,0.079,0.016,0.149,0.131,8.882,0.208,SED,ModSED,NGC1510
NGC1566,65.0016,-54.93781,4.0,7.244,6.13762,2.96,0.24,6.55,0.92,0.12,0.01,0.834,0.77,9.899,0.209,SED,ModSED,NGC1566
NGC1569,67.7049,64.84816,9.6,3.89,3.20627,0.06,0.01,114.0,17.5,0.029,0.003,0.638,0.583,8.911,0.208,SED,ModSED,NGC1569
NGC1617,67.9149,-54.60201,1.1,5.248,13.4,3.8,0.75,1.38,0.4,0.157,0.019,0.146,0.135,10.455,0.209,SED,ModSED,NGC1617
NGC1705,73.5564,-53.36097,-2.7,1.862,5.72797,0.14,0.07,2.48,1.7,0.085,0.023,0.026,0.022,8.322,0.207,SED,ModSED,NGC1705
NGC1800,76.6071,-31.95411,8.0,1.549,7.71,0.22,0.06,3.11,0.99,0.078,0.008,0.034,0.029,8.594,0.208,SED,ModSED,NGC1800
NGC1808,76.9263,-37.51296,1.2,5.37,12.30269,9.72,0.95,24.95,4.28,0.069,0.005,13.627,13.499,10.693,0.21,SED,ModSED,NGC1808
NGC1924,82.0083,-5.31064,4.0,1.585,30.47893,8.45,0.97,6.59,0.97,0.094,0.007,2.763,2.63,10.316,0.209,SED,ModSED,NGC1924
NGC2110,88.04745,-7.45607,-3.0,1.82,35.6,0.02,0.06,2178.0,6370.0,0.435,0.041,7.03,6.871,11.216,0.21,SED,ModSED,NGC2110
NGC2146,94.6569,78.35693,2.3,5.37,26.66859,38.26,0.5,37.37,0.59,0.076,0.001,57.277,58.802,11.4,0.21,SED,ModSED,NGC2146
NGC2273,102.53655,60.84584,0.9,2.291,30.47893,16.19,3.19,3.73,0.94,0.102,0.005,7.133,6.958,10.733,0.21,SED,ModSED,NGC2273
NGC2403,114.2142,65.60242,6.0,19.953,3.20627,7.65,0.49,1.74,0.11,0.086,0.005,,,9.658,0.209,SED,ModSED,NGC2403
NGC2549,124.74315,57.80308,-2.0,3.631,12.53141,0.26,0.18,1.64,1.63,0.149,0.032,0.014,0.016,10.004,0.209,SED,ModSED,NGC2549
NGC2577,125.6811,22.55303,-2.9,1.549,36.9,0.24,0.29,3.61,4.04,0.149,0.036,,,10.605,0.21,SED,ModSED,NGC2577
NGC2592,126.7836,25.97033,-4.8,1.479,25.46828,0.07,0.09,2.91,3.38,0.15,0.037,0.003,0.009,10.155,0.209,SED,ModSED,NGC2592
NGC2655,133.9101,78.22342,0.1,3.89,9.4189,1.61,0.55,3.41,1.65,0.131,0.023,0.209,0.191,10.231,0.209,SED,ModSED,NGC2655
NGC2679,132.88725,30.86535,-1.9,1.862,30.5,0.11,0.13,4.06,4.95,0.142,0.036,0.125,0.114,10.192,0.209,SED,ModSED,NGC2679
NGC2685,133.89465,58.7341,-1.0,4.365,13.27,2.62,0.5,1.46,0.37,0.194,0.023,0.169,0.152,9.906,0.209,SED,ModSED,NGC2685
NGC2764,137.0727,21.44324,-1.7,1.148,37.4,8.37,1.17,9.49,2.31,0.107,0.012,3.36,3.214,10.369,0.209,SED,ModSED,NGC2764
NGC2768,137.9061,60.03725,-4.4,5.623,22.18195,13.52,16.59,1.01,1.26,0.228,0.039,,,11.074,0.21,SED,ModSED,NGC2768
NGC2778,138.1017,35.02742,-4.7,1.288,22.69865,0.08,0.07,3.84,3.86,0.141,0.033,0.015,0.016,9.894,0.209,SED,ModSED,NGC2778
NGC2787,139.82685,69.20331,-1.0,3.236,7.4131,0.12,0.11,3.1,2.88,0.141,0.031,0.021,0.02,9.816,0.209,SED,ModSED,NGC2787
NGC2841,140.51025,50.97683,2.9,6.918,16.36816,32.28,2.62,2.47,0.37,0.189,0.022,2.313,2.221,11.159,0.21,SED,ModSED,NGC2841
NGC2853,140.82225,40.20008,-0.7,1.66,28.2,2.52,0.76,1.91,0.8,0.114,0.02,0.171,0.151,9.424,0.208,SED,ModSED,NGC2853
NGC2859,141.07725,34.51336,-1.2,3.162,21.76,2.24,1.25,2.27,1.61,0.151,0.031,0.145,0.138,10.642,0.21,SED,ModSED,NGC2859
NGC2907,142.9026,-16.73466,1.0,2.818,28.2,3.91,1.46,2.57,1.43,0.129,0.027,0.493,0.467,10.77,0.21,SED,ModSED,NGC2907
NGC2915,141.5493,-76.62644,1.6,1.82,4.28548,0.06,0.03,3.67,2.17,0.08,0.024,0.012,0.01,8.3,0.207,SED,ModSED,NGC2915
NGC2974,145.6386,-3.69876,-4.3,3.467,21.28139,2.65,1.09,3.82,2.83,0.164,0.034,,,,,SED,ModSED,NGC2974
NGC2976,146.8146,67.91626,5.2,5.754,3.58096,0.82,0.1,4.02,0.49,0.091,0.005,0.163,0.144,9.034,0.208,SED,ModSED,NGC2976
NGC2992,146.4252,-14.32638,0.9,2.951,31.6,9.07,0.48,11.81,0.7,0.095,0.002,6.494,6.319,10.746,0.21,SED,ModSED,NGC2992
NGC2993,146.4513,-14.36838,1.2,1.349,30.5,4.16,0.26,31.63,1.94,0.069,0.001,7.643,7.458,10.118,0.209,SED,ModSED,NGC2993
NGC3031,148.88805,69.06544,2.4,21.38,3.5975,3.8,0.34,4.28,0.46,0.137,0.009,,,10.698,0.21,SED,ModSED,NGC3031
NGC3034,148.968,69.67977,7.2,10.965,3.6141,3.91,0.06,68.51,0.95,0.055,0.0,12.494,12.346,10.427,0.209,SED,ModSED,NGC3034
NGC3049,148.70685,9.27136,2.6,2.089,17.86487,5.23,1.68,2.84,0.83,0.073,0.007,1.094,1.014,9.547,0.209,SED,ModSED,NGC3049
NGC3073,150.2169,55.61892,-2.7,1.202,33.41948,0.92,0.46,2.69,1.71,0.128,0.024,0.07,0.062,9.811,0.209,SED,ModSED,NGC3073
NGC3077,150.82845,68.734,6.1,5.248,3.85478,0.65,0.17,5.52,2.02,0.102,0.015,0.235,0.21,9.348,0.208,SED,ModSED,NGC3077
NGC3079,150.49095,55.67982,6.4,8.128,16.51962,24.15,1.73,7.66,1.05,0.092,0.008,5.232,5.065,,,SED,ModSED,NGC3079
NGC3081,149.87295,-22.82636,0.0,2.692,26.5,6.45,1.35,5.56,1.45,0.084,0.004,4.81,4.643,10.396,0.209,SED,ModSED,NGC3081
NGC3147,154.2237,73.40073,3.9,4.074,49.65924,158.3,8.41,3.21,0.23,0.153,0.005,14.841,14.787,11.707,0.21,SED,ModSED,NGC3147
NGC3155,154.41615,74.34739,3.5,1.202,48.52884,12.86,3.2,2.02,0.66,0.129,0.017,0.858,0.792,10.15,0.209,SED,ModSED,NGC3155
NGC3182,154.8876,58.20579,0.3,1.905,34.38012,1.62,0.77,5.27,3.02,0.119,0.023,0.435,0.401,10.39,0.209,SED,ModSED,NGC3182
NGC3184,154.5708,41.42436,5.9,7.413,11.64126,13.94,1.01,2.68,0.29,0.138,0.009,1.411,1.322,10.329,0.209,SED,ModSED,NGC3184
NGC3185,154.41075,21.68832,1.2,2.138,24.21028,4.64,0.98,3.97,1.3,0.098,0.014,0.78,0.72,10.186,0.209,SED,ModSED,NGC3185
NGC3187,154.4493,21.87333,5.0,2.239,35.17,20.58,3.95,1.1,0.23,0.098,0.015,0.858,0.791,9.925,0.209,SED,ModSED,NGC3187
NGC3190,154.52625,21.83272,0.9,3.631,24.32205,11.88,1.58,3.33,0.54,0.108,0.007,1.122,1.062,10.892,0.21,SED,ModSED,NGC3190
NGC3198,154.9788,45.54971,5.2,6.457,13.99587,18.26,2.18,1.66,0.27,0.129,0.013,1.423,1.335,10.228,0.209,SED,ModSED,NGC3198
NGC3245A,156.7548,28.63939,3.3,2.344,26.54604,2.4,1.34,1.07,0.77,0.104,0.027,0.102,0.089,9.334,0.208,SED,ModSED,NGC3245A
NGC3252,158.59635,73.76502,7.4,1.862,20.2302,3.17,0.87,2.52,0.84,0.109,0.016,0.306,0.275,9.583,0.209,SED,ModSED,NGC3252
NGC3254,157.33425,29.49219,4.0,2.344,36.3078,42.71,4.7,0.71,0.1,0.133,0.017,0.902,0.843,10.649,0.21,SED,ModSED,NGC3254
NGC3256,156.96375,-43.90376,4.0,3.311,37.4,39.82,1.02,46.71,1.4,0.055,0.001,91.883,95.391,11.209,0.21,SED,ModSED,NGC3256
NGC3277,158.2311,28.51167,1.8,2.089,25.0,2.47,0.81,3.52,1.54,0.137,0.021,0.318,0.292,10.364,0.209,SED,ModSED,NGC3277
NGC3283,157.79835,-46.2513,-1.9,2.884,37.8,9.34,2.67,3.63,1.5,0.128,0.026,0.789,0.763,11.173,0.21,SED,ModSED,NGC3283
NGC3287,158.697,21.64829,7.6,1.778,13.99587,2.62,0.29,2.35,0.34,0.114,0.012,0.296,0.265,9.368,0.208,SED,ModSED,NGC3287
NGC3294,159.06765,37.32462,5.1,3.09,30.06074,22.08,1.65,6.15,0.83,0.107,0.008,4.279,4.125,10.759,0.21,SED,ModSED,NGC3294
NGC3301,159.2334,21.88214,-0.4,3.631,25.15,0.35,0.16,8.13,5.15,0.141,0.027,0.275,0.253,10.458,0.209,SED,ModSED,NGC3301
NGC3338,160.5315,13.7469,5.0,1.23,23.33458,30.4,3.23,1.82,0.3,0.162,0.016,1.719,1.612,10.554,0.209,SED,ModSED,NGC3338
NGC3346,160.91205,14.87179,5.9,2.63,22.4,10.02,1.46,2.47,0.52,0.128,0.014,0.952,0.882,,,SED,ModSED,NGC3346
NGC3348,161.79165,72.83967,-4.8,2.138,32.39,0.29,0.47,2.93,3.73,0.16,0.042,,,11.078,0.21,SED,ModSED,NGC3348
NGC3351,160.99035,11.70355,3.1,7.244,9.90832,7.28,0.67,5.09,0.78,0.097,0.011,1.738,1.638,10.392,0.209,SED,ModSED,NGC3351
NGC3353,161.3433,55.96036,4.1,1.349,18.94,1.0,0.12,20.7,3.42,0.049,0.002,2.215,2.093,9.396,0.208,SED,ModSED,NGC3353
NGC3364,162.1242,72.42506,5.0,1.38,42.17641,9.82,1.46,3.73,0.72,0.111,0.01,1.357,1.27,10.239,0.209,SED,ModSED,NGC3364
NGC3370,161.76675,17.27369,5.1,2.455,29.78516,15.71,1.44,4.07,0.46,0.131,0.008,2.456,2.331,10.31,0.209,SED,ModSED,NGC3370
NGC3380,162.0507,28.60181,1.0,1.549,6.98232,0.2,0.06,2.83,1.0,0.116,0.016,0.034,0.029,8.64,0.208,SED,ModSED,NGC3380
NGC3381,162.10335,34.7114,3.6,1.995,28.74113,6.72,1.35,3.24,0.88,0.128,0.013,0.958,0.887,9.935,0.209,SED,ModSED,NGC3381
NGC3403,163.47855,73.69036,4.0,2.754,26.42408,10.64,2.57,1.84,0.54,0.124,0.016,0.723,0.667,10.036,0.209,SED,ModSED,NGC3403
NGC3413,162.8364,32.76639,-1.1,1.995,16.2181,1.41,0.46,2.13,0.97,0.075,0.014,0.185,0.163,9.154,0.208,SED,ModSED,NGC3413
NGC3414,162.81735,27.97483,-2.0,2.692,25.00344,0.94,0.63,6.21,4.8,0.143,0.028,0.244,0.233,10.735,0.21,SED,ModSED,NGC3414
NGC3424,162.94335,32.90041,3.1,2.512,29.23,13.52,0.7,8.52,0.58,0.092,0.004,4.195,4.036,10.524,0.209,SED,ModSED,NGC3424
NGC3430,163.04775,32.95066,5.1,3.981,30.19955,17.89,1.38,4.33,0.48,0.107,0.007,2.583,2.458,10.508,0.209,SED,ModSED,NGC3430
NGC3437,163.14885,22.93414,5.2,2.344,30.3389,11.64,0.64,12.81,0.86,0.092,0.005,6.034,5.857,10.545,0.209,SED,ModSED,NGC3437
NGC3440,163.45605,57.11866,3.6,2.042,39.81071,8.37,3.22,0.84,0.47,0.079,0.021,0.351,0.317,9.619,0.209,SED,ModSED,NGC3440
NGC3448,163.66425,54.30515,3.8,2.951,24.5,10.43,2.53,5.25,1.0,0.059,0.007,2.364,2.239,10.063,0.209,SED,ModSED,NGC3448
NGC3454,163.62165,17.34446,5.4,2.399,20.60631,2.7,0.61,2.64,0.8,0.101,0.016,0.28,0.25,9.506,0.209,SED,ModSED,NGC3454
NGC3455,163.62945,17.28472,3.1,2.291,27.16,9.92,2.6,1.57,0.44,0.099,0.014,0.587,0.536,9.748,0.209,SED,ModSED,NGC3455
NGC3458,164.00625,57.11693,-2.0,1.38,29.5,0.09,0.09,5.49,5.99,0.147,0.033,0.059,0.057,10.21,0.209,SED,ModSED,NGC3458
NGC3485,165.01005,14.84132,3.2,2.188,26.17422,6.2,1.41,4.75,1.66,0.116,0.017,1.064,0.997,10.149,0.209,SED,ModSED,NGC3485
NGC3488,165.34815,57.67763,5.2,1.514,37.84426,10.02,2.14,1.86,0.53,0.141,0.016,0.641,0.588,,,SED,ModSED,NGC3488
NGC3501,165.69705,17.98949,5.8,4.266,22.59436,8.62,0.99,2.35,0.33,0.107,0.01,0.638,0.586,10.06,0.209,SED,ModSED,NGC3501
NGC3504,165.79635,27.97246,2.1,2.455,33.11307,15.87,0.56,20.37,1.18,0.076,0.002,19.529,19.523,10.946,0.21,SED,ModSED,NGC3504
NGC3512,166.0134,28.03625,5.1,1.585,25.0,4.55,0.6,3.89,0.73,0.143,0.011,0.718,0.661,9.986,0.209,SED,ModSED,NGC3512
NGC3521,166.45245,-0.03578,4.0,8.318,12.41652,34.62,1.85,5.23,0.46,0.145,0.006,5.992,5.836,11.084,0.21,SED,ModSED,NGC3521
NGC3526,166.7361,7.1739,5.3,2.399,19.31969,3.44,0.75,1.13,0.34,0.103,0.017,0.193,0.171,,,SED,ModSED,NGC3526
NGC3547,167.48295,10.72052,3.4,1.738,18.96705,1.33,0.16,8.59,1.54,0.085,0.008,0.462,0.419,9.411,0.208,SED,ModSED,NGC3547
NGC3564,167.65155,-37.54751,-2.1,1.995,36.05,0.11,0.11,58.26,62.11,0.109,0.036,0.713,0.667,10.624,0.21,SED,ModSED,NGC3564
NGC3592,168.61395,17.25999,5.2,2.138,20.51161,2.76,0.71,1.25,0.43,0.108,0.017,0.12,0.105,9.311,0.208,SED,ModSED,NGC3592
NGC3596,168.77595,14.78694,5.2,3.548,27.66941,21.0,2.4,3.23,0.54,0.13,0.011,2.432,2.312,10.522,0.209,SED,ModSED,NGC3596
NGC3608,169.2456,18.14854,-4.8,3.162,22.69865,0.27,0.34,3.59,4.07,0.156,0.037,,,10.715,0.21,SED,ModSED,NGC3608
NGC3610,169.6053,58.78622,-3.9,2.399,32.50874,0.58,0.38,13.87,9.82,0.147,0.029,0.385,0.375,11.003,0.21,SED,ModSED,NGC3610
NGC3613,169.6506,57.99992,-4.5,3.548,28.84032,1.08,1.01,2.23,2.28,0.155,0.035,0.009,0.032,10.877,0.21,SED,ModSED,NGC3613
NGC3619,169.8399,57.7578,-1.0,3.89,31.97,6.85,2.87,2.91,1.87,0.113,0.031,0.912,0.86,10.752,0.21,SED,ModSED,NGC3619
NGC3620,169.01955,-76.21625,2.0,3.162,17.97,8.62,1.14,22.51,2.81,0.047,0.002,7.208,7.03,10.632,0.21,SED,ModSED,NGC3620
NGC3621,169.5687,-32.81398,6.9,9.772,6.69884,9.44,0.71,3.13,0.43,0.143,0.014,,,,,SED,ModSED,NGC3621
NGC3622,170.05155,67.24166,7.3,1.259,20.60631,2.62,0.58,2.94,0.7,0.079,0.007,0.267,0.239,9.373,0.208,SED,ModSED,NGC3622
NGC3626,170.0157,18.35704,-0.8,2.951,19.86094,1.98,0.28,7.46,1.4,0.101,0.01,0.52,0.48,10.402,0.209,SED,ModSED,NGC3626
NGC3627,170.0625,12.99099,3.1,10.233,11.48153,16.85,1.18,11.7,1.46,0.058,0.004,6.616,6.448,10.949,0.21,SED,ModSED,NGC3627
NGC3628,170.0706,13.58876,3.1,10.965,10.81434,26.7,1.05,5.06,0.41,0.094,0.006,3.906,3.757,10.8,0.21,SED,ModSED,NGC3628
NGC3629,170.1324,26.96329,5.9,1.778,35.48135,12.12,2.65,1.36,0.4,0.112,0.015,0.677,0.623,9.964,0.209,SED,ModSED,NGC3629
NGC3631,170.262,53.16994,5.1,3.715,8.74984,3.58,0.26,4.46,0.49,0.131,0.009,0.693,0.637,9.724,0.209,SED,ModSED,NGC3631
NGC3640,170.2788,3.23479,-4.7,4.365,26.79168,0.33,0.43,4.91,6.1,0.154,0.04,,,11.068,0.21,SED,ModSED,NGC3640
NGC3655,170.7279,16.59003,5.0,1.514,23.12064,7.28,0.18,11.05,0.51,0.114,0.003,2.997,2.858,10.315,0.209,SED,ModSED,NGC3655
NGC3659,170.9391,17.81839,7.7,1.95,21.57745,5.13,1.21,2.66,0.55,0.127,0.012,0.535,0.487,9.65,0.209,SED,ModSED,NGC3659
NGC3665,171.1818,38.76279,-2.1,4.074,26.26,3.91,1.31,6.2,2.86,0.143,0.025,0.829,0.798,11.021,0.21,SED,ModSED,NGC3665
NGC3666,171.10875,11.34198,5.1,3.467,16.9044,5.08,0.54,3.16,0.41,0.116,0.012,0.547,0.5,9.844,0.209,SED,ModSED,NGC3666
NGC3674,171.6108,57.04828,-1.9,1.585,34.25724,0.09,0.11,3.06,3.45,0.151,0.037,,,10.331,0.209,SED,ModSED,NGC3674
NGC3681,171.62415,16.8633,4.0,1.738,25.6,9.07,2.4,1.44,0.52,0.144,0.02,0.448,0.412,10.272,0.209,SED,ModSED,NGC3681
NGC3683,171.8826,56.87699,4.8,1.738,32.21072,17.72,0.63,12.53,0.68,0.12,0.004,7.863,7.686,10.757,0.21,SED,ModSED,NGC3683
NGC3684,171.79665,17.03018,4.0,2.291,20.60631,6.85,0.74,3.4,0.54,0.133,0.011,0.862,0.798,9.977,0.209,SED,ModSED,NGC3684
NGC3686,171.933,17.22409,4.1,2.884,15.92209,5.72,0.39,4.56,0.46,0.124,0.007,1.07,0.995,10.053,0.209,SED,ModSED,NGC3686
NGC3691,172.0392,16.92044,3.0,1.479,28.28,3.84,0.77,2.71,0.76,0.108,0.013,0.392,0.354,9.717,0.209,SED,ModSED,NGC3691
NGC3692,172.10115,9.40754,3.0,3.236,40.36453,21.42,3.44,2.05,0.43,0.121,0.012,1.292,1.213,10.616,0.21,SED,ModSED,NGC3692
NGC3718,173.14515,53.06787,1.1,4.677,38.01897,45.35,15.22,1.19,0.56,0.152,0.028,1.537,1.495,11.321,0.21,SED,ModSED,NGC3718
NGC3729,173.45535,53.12568,1.2,2.884,21.0863,5.55,0.59,5.33,0.78,0.108,0.007,1.55,1.456,10.372,0.209,SED,ModSED,NGC3729
NGC3755,174.13905,36.41031,5.3,2.884,34.35581,14.22,3.79,1.28,0.4,0.093,0.017,0.589,0.539,9.961,0.209,SED,ModSED,NGC3755
NGC3756,174.2007,54.29333,4.1,1.905,20.51161,12.74,0.99,1.78,0.19,0.127,0.01,0.83,0.768,10.217,0.209,SED,ModSED,NGC3756
NGC3757,174.26205,58.41542,-2.1,1.148,23.40251,0.07,0.09,2.11,2.3,0.142,0.036,3.606,3.452,9.872,0.209,SED,ModSED,NGC3757
NGC3773,174.55425,12.11216,-2.1,1.23,17.0,0.46,0.1,10.43,2.79,0.08,0.007,0.338,0.303,9.158,0.208,SED,ModSED,NGC3773
NGC3794,175.2252,56.20218,6.4,2.042,20.70141,4.03,0.89,1.03,0.32,0.111,0.015,0.188,0.167,9.508,0.209,SED,ModSED,NGC3794
NGC3795,175.02825,58.61319,4.0,2.089,24.43431,7.42,1.8,0.55,0.17,0.138,0.02,0.143,0.126,9.548,0.209,SED,ModSED,NGC3795
NGC3796,175.1298,60.29894,-3.0,1.445,23.42982,0.51,0.33,1.51,1.24,0.137,0.028,3.615,3.46,9.757,0.209,SED,ModSED,NGC3796
NGC3813,175.32765,36.54669,3.3,2.138,21.47829,9.82,0.48,7.03,0.47,0.115,0.005,2.569,2.439,10.254,0.209,SED,ModSED,NGC3813
NGC3838,176.0571,57.94808,-0.3,1.413,24.37193,0.14,0.16,1.83,1.85,0.144,0.035,,,10.033,0.209,SED,ModSED,NGC3838
NGC3846A,176.06175,55.035,9.6,1.95,25.3,5.03,1.84,0.73,0.35,0.095,0.019,0.209,0.186,9.425,0.208,SED,ModSED,NGC3846A
NGC3870,176.4858,50.19983,-1.2,1.023,15.63,0.41,0.07,9.55,2.05,0.083,0.008,0.217,0.193,9.053,0.208,SED,ModSED,NGC3870
NGC3898,177.31365,56.08403,1.7,3.467,36.14099,23.21,6.76,1.59,0.66,0.165,0.026,1.025,0.991,11.211,0.21,SED,ModSED,NGC3898
NGC3938,178.2057,44.1208,5.2,3.548,19.40886,22.98,1.55,3.39,0.31,0.128,0.006,2.935,2.802,10.586,0.209,SED,ModSED,NGC3938
NGC3941,178.2306,36.98636,-2.0,3.467,12.07813,0.17,0.09,9.73,6.45,0.184,0.033,0.057,0.055,10.249,0.209,SED,ModSED,NGC3941
NGC3945,178.3071,60.67556,-1.2,5.495,23.18,4.93,2.38,1.39,0.82,0.173,0.029,0.315,0.3,10.825,0.21,SED,ModSED,NGC3945
NGC3952,178.41915,-3.99634,9.3,1.622,27.0,1.17,0.38,11.66,4.83,0.061,0.01,1.104,1.024,9.537,0.209,SED,ModSED,NGC3952
NGC3953,178.45425,52.32653,4.0,6.166,12.47383,16.19,1.1,3.14,0.41,0.127,0.012,1.659,1.563,10.483,0.209,SED,ModSED,NGC3953
NGC3972,178.93785,55.32072,4.0,3.631,20.04472,15.56,4.15,0.85,0.32,0.121,0.02,0.446,0.405,9.862,0.209,SED,ModSED,NGC3972
NGC3982,179.11725,55.12493,3.2,2.138,23.44228,6.92,0.44,9.21,0.81,0.121,0.005,2.876,2.74,10.285,0.209,SED,ModSED,NGC3982
NGC3990,179.3985,55.45854,-2.7,1.38,10.18592,0.03,0.03,2.64,2.96,0.132,0.033,0.01,0.009,9.097,0.208,SED,ModSED,NGC3990
NGC4013,179.6307,43.94673,3.1,4.898,18.79318,17.02,1.24,3.63,0.44,0.114,0.007,1.713,1.618,10.633,0.21,SED,ModSED,NGC4013
NGC4030,180.09825,-1.1,4.0,3.802,27.16436,46.73,2.05,6.39,0.47,0.101,0.005,9.02,8.866,11.122,0.21,SED,ModSED,NGC4030
NGC4032,180.1368,20.07392,9.6,1.349,28.41344,6.78,1.53,1.47,0.44,0.123,0.016,0.483,0.44,9.85,0.209,SED,ModSED,NGC4032
NGC4036,180.3621,61.89569,-2.4,4.898,20.89297,0.98,0.34,6.34,3.2,0.144,0.026,0.242,0.232,10.702,0.21,SED,ModSED,NGC4036
NGC4037,180.34875,13.40086,3.3,2.399,13.80385,2.11,0.52,1.6,0.53,0.117,0.016,0.181,0.161,9.408,0.208,SED,ModSED,NGC4037
NGC4051,180.79035,44.53121,4.0,4.898,11.22019,7.2,1.44,5.5,1.72,0.129,0.019,2.089,1.974,10.189,0.209,SED,ModSED,NGC4051
NGC4067,181.04805,10.85433,3.1,1.122,42.46194,8.29,1.44,2.99,0.73,0.136,0.015,0.91,0.847,10.368,0.209,SED,ModSED,NGC4067
NGC4100,181.53585,49.5828,4.1,4.571,19.95263,14.8,0.71,4.41,0.24,0.12,0.005,2.552,2.424,10.523,0.209,SED,ModSED,NGC4100
NGC4102,181.5978,52.71097,3.1,2.951,18.28101,5.84,1.27,43.42,18.94,0.049,0.009,11.622,11.467,10.562,0.209,SED,ModSED,NGC4102
NGC4111,181.7628,43.06556,-1.3,1.778,14.85935,0.45,0.19,7.61,3.83,0.132,0.023,0.157,0.146,10.355,0.209,SED,ModSED,NGC4111
NGC4116,181.9038,2.69142,7.3,2.57,17.13958,10.75,1.76,1.11,0.23,0.117,0.015,0.568,0.518,9.707,0.209,SED,ModSED,NGC4116
NGC4117,181.94205,43.12632,-2.0,1.585,20.2,0.52,0.26,5.31,4.0,0.054,0.019,0.157,0.139,9.554,0.209,SED,ModSED,NGC4117
NGC4119,182.04,10.37897,-1.2,1.585,13.39,0.62,0.31,4.08,2.66,0.135,0.027,0.116,0.102,9.863,0.209,SED,ModSED,NGC4119
NGC4123,182.0463,2.87825,5.0,3.162,20.13724,22.52,2.34,2.02,0.27,0.093,0.011,3.429,3.281,10.193,0.209,SED,ModSED,NGC4123
NGC4125,182.025,65.1741,-4.8,5.888,23.6592,0.42,0.35,15.99,15.39,0.163,0.035,0.303,0.31,11.229,0.21,SED,ModSED,NGC4125
NGC4138,182.37405,43.68527,-0.8,2.951,13.67729,2.33,0.37,3.42,0.84,0.137,0.015,0.303,0.275,10.028,0.209,SED,ModSED,NGC4138
NGC4144,182.49375,46.45731,6.1,5.248,6.88653,1.13,0.26,1.2,0.29,0.059,0.013,0.053,0.046,8.892,0.208,SED,ModSED,NGC4144
NGC4152,182.6562,16.03282,4.9,1.38,33.88443,11.18,1.53,7.82,1.73,0.105,0.01,4.086,3.926,10.339,0.209,SED,ModSED,NGC4152
NGC4165,183.04905,13.24642,2.0,1.23,56.75448,7.35,1.8,2.64,0.87,0.133,0.02,0.456,0.415,10.296,0.209,SED,ModSED,NGC4165
NGC4178,183.1932,10.86585,6.9,4.677,25.00344,44.46,7.84,1.36,0.21,0.074,0.007,1.61,1.512,10.307,0.209,SED,ModSED,NGC4178
NGC4179,183.21705,1.29967,-1.9,4.467,18.4,0.29,0.2,5.66,4.71,0.15,0.03,0.02,0.026,10.424,0.209,SED,ModSED,NGC4179
NGC4180,183.2625,7.03875,2.0,1.445,34.99453,7.88,0.51,10.27,1.1,0.097,0.006,2.716,2.586,10.532,0.209,SED,ModSED,NGC4180
NGC4183,183.3204,43.69854,5.9,4.266,16.67248,9.53,1.69,0.73,0.13,0.093,0.011,0.224,0.199,9.582,0.209,SED,ModSED,NGC4183
NGC4189,183.447,13.42476,5.9,2.188,22.69865,8.71,0.69,4.49,0.46,0.11,0.006,1.674,1.573,10.19,0.209,SED,ModSED,NGC4189
NGC4191,183.4599,7.20089,-1.8,1.514,45.1,2.24,1.07,2.35,1.48,0.139,0.026,0.045,0.05,10.471,0.209,SED,ModSED,NGC4191
NGC4192,183.4512,14.89996,2.6,10.965,12.70574,17.19,1.2,1.98,0.13,0.138,0.006,1.282,1.203,10.528,0.209,SED,ModSED,NGC4192
NGC4193,183.47325,13.17282,4.1,2.239,35.97491,17.37,1.91,2.04,0.29,0.119,0.011,1.454,1.364,10.455,0.209,SED,ModSED,NGC4193
NGC4194,183.54,54.52654,9.1,1.66,39.1,5.44,0.24,77.01,4.85,0.059,0.003,29.952,30.253,10.638,0.21,SED,ModSED,NGC4194
NGC4197,183.66045,5.80529,6.7,2.818,25.00344,9.92,2.15,2.56,0.52,0.072,0.01,0.953,0.882,9.809,0.209,SED,ModSED,NGC4197
NGC4200,183.68415,12.18073,-2.0,1.445,24.21028,0.05,0.07,1.95,2.1,0.14,0.036,,,9.628,0.209,SED,ModSED,NGC4200
NGC4203,183.77085,33.19722,-2.7,3.388,14.99684,1.92,0.47,2.6,0.84,0.147,0.019,0.193,0.179,10.434,0.209,SED,ModSED,NGC4203
NGC4206,183.82005,13.02386,4.0,4.677,18.87991,11.3,1.88,0.72,0.14,0.125,0.014,0.338,0.305,9.802,0.209,SED,ModSED,NGC4206
NGC4207,183.87705,9.58488,7.7,1.514,18.03018,1.96,0.16,8.91,1.17,0.123,0.007,0.618,0.566,9.783,0.209,SED,ModSED,NGC4207
NGC4212,183.91395,13.90135,4.9,2.818,16.9044,6.85,0.25,6.1,0.29,0.119,0.003,1.644,1.545,10.232,0.209,SED,ModSED,NGC4212
NGC4214,183.9135,36.32704,9.8,6.761,2.97852,1.38,0.23,1.72,0.27,0.064,0.009,0.16,0.14,8.846,0.208,SED,ModSED,NGC4214
NGC4215,183.9771,6.40111,-0.9,1.698,22.69865,0.06,0.07,3.15,3.8,0.149,0.037,0.025,0.026,10.109,0.209,SED,ModSED,NGC4215
NGC4216,183.97635,13.14958,3.0,7.763,13.80385,15.56,0.96,1.55,0.09,0.16,0.014,0.698,0.655,10.761,0.21,SED,ModSED,NGC4216
NGC4217,183.96225,47.0919,3.0,5.37,18.53532,19.0,1.68,6.46,1.0,0.1,0.009,2.96,2.826,,,SED,ModSED,NGC4217
NGC4222,184.0941,13.30724,6.6,2.818,19.7697,7.35,1.23,1.4,0.28,0.103,0.015,0.415,0.376,9.625,0.209,SED,ModSED,NGC4222
NGC4224,184.14075,7.46214,1.0,2.884,57.80962,13.8,4.16,2.71,1.15,0.159,0.026,0.824,0.795,11.239,0.21,SED,ModSED,NGC4224
NGC4233,184.28205,7.62438,-2.0,2.344,32.96098,0.31,0.24,6.48,5.99,0.145,0.032,0.085,0.089,,,SED,ModSED,NGC4233
NGC4234,184.2882,3.68315,8.6,1.148,32.9,4.24,0.39,7.5,0.86,0.097,0.005,1.264,1.179,9.974,0.209,SED,ModSED,NGC4234
NGC4235,184.2912,7.19157,1.0,4.365,18.70683,0.44,0.18,11.95,5.91,0.144,0.022,0.303,0.276,10.21,0.209,SED,ModSED,NGC4235
NGC4236,184.17525,69.46257,8.0,23.442,4.40555,2.11,0.36,0.66,0.14,0.081,0.012,0.098,0.085,9.033,0.208,SED,ModSED,NGC4236
NGC4237,184.2975,15.3239,4.0,1.82,19.58844,6.2,0.3,4.44,0.29,0.103,0.003,0.952,0.884,10.182,0.209,SED,ModSED,NGC4237
NGC4239,184.3122,16.53137,-4.5,1.349,17.4,0.1,0.1,1.48,1.43,0.13,0.033,0.002,0.003,9.389,0.208,SED,ModSED,NGC4239
NGC4244,184.37295,37.80716,6.0,16.218,4.3451,3.8,0.28,0.36,0.04,0.11,0.017,0.072,0.063,9.149,0.208,SED,ModSED,NGC4244
NGC4251,184.5348,28.17526,-1.8,2.344,19.40886,0.35,0.28,4.99,4.44,0.148,0.031,0.053,0.058,10.567,0.209,SED,ModSED,NGC4251
NGC4252,184.6287,5.55947,3.6,1.202,21.77711,0.79,0.41,1.64,1.15,0.091,0.027,0.08,0.069,8.962,0.208,SED,ModSED,NGC4252
NGC4254,184.70655,14.41641,5.2,5.012,12.88249,13.8,0.79,12.94,1.61,0.103,0.008,4.879,4.713,10.568,0.209,SED,ModSED,NGC4254
NGC4255,184.73415,4.78592,-2.0,1.349,28.70782,0.09,0.12,2.65,3.05,0.147,0.036,0.039,0.038,10.131,0.209,SED,ModSED,NGC4255
NGC4258,184.74,47.30388,4.0,16.982,7.62079,11.18,1.9,3.24,0.93,0.128,0.019,1.306,1.231,10.691,0.21,SED,ModSED,NGC4258
NGC4259,184.8426,5.37637,-2.0,1.023,57.01637,0.48,0.54,2.68,2.81,0.14,0.033,0.205,0.188,10.342,0.209,SED,ModSED,NGC4259
NGC4260,184.84275,6.0987,1.0,2.512,36.3078,9.25,3.52,0.76,0.4,0.148,0.03,0.193,0.188,10.791,0.21,SED,ModSED,NGC4260
NGC4267,184.9389,12.79842,-2.7,2.57,15.63147,0.18,0.15,11.98,11.0,0.148,0.029,0.157,0.144,10.305,0.209,SED,ModSED,NGC4267
NGC4268,184.9467,5.28371,-0.3,1.514,30.17,0.12,0.14,2.84,3.11,0.142,0.036,0.052,0.051,10.158,0.209,SED,ModSED,NGC4268
NGC4270,184.95585,5.46349,-2.0,1.862,24.93,0.15,0.18,2.48,2.81,0.149,0.035,0.056,0.055,10.211,0.209,SED,ModSED,NGC4270
NGC4273,184.98345,5.34385,5.2,2.188,27.92544,10.85,0.26,12.05,0.36,0.099,0.002,5.366,5.191,10.406,0.209,SED,ModSED,NGC4273
NGC4276,185.0313,7.69177,6.4,1.349,27.54229,3.88,0.9,2.15,0.67,0.117,0.016,0.348,0.314,9.676,0.209,SED,ModSED,NGC4276
NGC4281,185.08965,5.38642,-1.5,2.884,24.43431,0.77,0.33,9.68,5.95,0.111,0.031,0.17,0.164,10.691,0.21,SED,ModSED,NGC4281
NGC4287,185.202,5.63985,4.3,1.23,28.5759,1.85,0.5,3.88,1.35,0.096,0.016,0.344,0.311,9.576,0.209,SED,ModSED,NGC4287
NGC4289,185.25945,3.72208,5.6,4.266,45.0817,19.0,5.5,1.85,0.88,0.116,0.028,,,,,SED,ModSED,NGC4289
NGC4292,185.3187,4.59563,-1.9,1.622,9.46237,0.19,0.08,1.83,1.07,0.117,0.026,0.014,0.012,,,SED,ModSED,NGC4292
NGC4294,185.3244,11.51048,5.9,2.692,15.48817,3.14,0.42,3.45,0.48,0.076,0.008,0.443,0.401,9.53,0.209,SED,ModSED,NGC4294
NGC4299,185.41845,11.50228,8.4,1.479,19.7697,1.66,0.31,10.3,2.55,0.045,0.006,0.737,0.678,9.573,0.209,SED,ModSED,NGC4299
NGC4300,185.4228,5.38478,1.0,1.778,37.4249,4.28,1.38,2.25,1.07,0.121,0.025,0.178,0.167,10.44,0.209,SED,ModSED,NGC4300
NGC4303A,185.613,4.56615,6.3,1.122,13.57182,1.4,0.53,1.04,0.53,0.095,0.024,0.067,0.057,8.72,0.208,SED,ModSED,NGC4303A
NGC4305,185.51505,12.74088,1.2,2.291,41.68693,0.63,0.57,2.29,2.22,0.147,0.031,0.086,0.08,10.368,0.209,SED,ModSED,NGC4305
NGC4306,185.517,12.7875,-2.0,1.479,13.91316,0.04,0.05,1.39,1.45,0.131,0.036,,,9.12,0.208,SED,ModSED,NGC4306
NGC4307,185.5233,9.04361,3.2,3.467,23.33458,8.37,0.92,2.02,0.27,0.106,0.01,0.641,0.591,10.343,0.209,SED,ModSED,NGC4307
NGC4309,185.5515,7.14431,-0.7,1.95,26.66859,1.2,0.89,5.87,4.53,0.094,0.022,0.426,0.388,9.931,0.209,SED,ModSED,NGC4309
NGC4312,185.63055,15.53786,2.1,5.012,10.0,0.72,0.09,6.69,1.2,0.123,0.013,0.176,0.156,9.462,0.208,SED,ModSED,NGC4312
NGC4313,185.66055,11.80084,2.1,3.802,12.24617,1.91,0.35,2.14,0.49,0.129,0.019,0.141,0.126,9.802,0.209,SED,ModSED,NGC4313
NGC4316,185.676,9.33255,5.5,2.455,26.42408,9.34,0.92,3.04,0.38,0.106,0.008,0.883,0.818,10.223,0.209,SED,ModSED,NGC4316
NGC4321,185.7282,15.82189,4.0,6.166,15.92209,25.65,2.15,9.91,1.59,0.085,0.008,6.368,6.2,10.996,0.21,SED,ModSED,NGC4321
NGC4324,185.77575,5.25049,-0.8,2.951,17.29816,2.55,0.56,1.47,0.45,0.133,0.022,0.152,0.138,10.08,0.209,SED,ModSED,NGC4324
NGC4330,185.82075,11.36754,6.1,2.291,18.70683,4.55,0.76,2.02,0.47,0.117,0.017,0.332,0.3,9.753,0.209,SED,ModSED,NGC4330
NGC4339,185.8956,6.08169,-4.6,2.344,16.29296,0.05,0.06,3.94,5.67,0.145,0.039,0.285,0.258,10.07,0.209,SED,ModSED,NGC4339
NGC4340,185.8971,16.72246,-1.2,2.818,14.65547,0.09,0.11,2.31,2.54,0.145,0.036,0.017,0.018,10.063,0.209,SED,ModSED,NGC4340
NGC4341,185.97285,7.10722,-2.0,1.66,13.68105,0.18,0.12,1.62,1.3,0.118,0.027,0.011,0.01,8.912,0.208,SED,ModSED,NGC4341
NGC4343,185.9112,6.95406,3.0,1.905,21.9786,5.67,0.61,2.77,0.37,0.117,0.009,0.519,0.475,10.147,0.209,SED,ModSED,NGC4343
NGC4350,185.99085,16.69347,-1.8,2.818,14.85935,0.38,0.2,6.33,4.31,0.152,0.03,0.098,0.092,10.29,0.209,SED,ModSED,NGC4350
NGC4351,186.006,12.2046,2.8,1.585,12.47383,0.86,0.2,2.39,0.76,0.096,0.017,0.081,0.071,9.107,0.208,SED,ModSED,NGC4351
NGC4355,186.72765,-0.87756,1.1,1.413,25.35,2.57,0.11,107.9,6.28,0.026,0.001,24.687,24.809,9.826,0.209,SED,ModSED,NGC4355
NGC4356,186.0606,8.53601,5.7,1.995,15.92209,1.29,0.35,2.81,1.05,0.108,0.019,0.191,0.17,9.622,0.209,SED,ModSED,NGC4356
NGC4359,186.0465,31.52179,5.1,1.38,19.86094,6.78,2.01,0.68,0.25,0.097,0.017,0.154,0.136,9.487,0.209,SED,ModSED,NGC4359
NGC4365,186.1173,7.31764,-4.8,5.129,23.01442,0.22,0.34,4.86,6.99,0.17,0.043,,,11.334,0.21,SED,ModSED,NGC4365
NGC4370,186.22875,7.44471,0.7,1.622,31.7,4.2,0.77,4.69,1.18,0.104,0.019,0.518,0.478,10.372,0.209,SED,ModSED,NGC4370
NGC4371,186.23085,11.70428,-1.3,3.89,16.74943,0.36,0.25,5.2,4.11,0.134,0.029,0.088,0.086,10.46,0.209,SED,ModSED,NGC4371
NGC4376,186.32535,5.74097,9.8,1.318,22.18195,1.36,0.3,4.48,1.22,0.077,0.017,0.186,0.164,9.348,0.208,SED,ModSED,NGC4376
NGC4378,186.32535,4.92514,1.0,2.089,48.52884,23.91,4.66,2.45,0.71,0.162,0.024,1.839,1.766,11.185,0.21,SED,ModSED,NGC4378
NGC4379,186.31125,15.60742,-2.7,1.862,15.70363,0.09,0.08,3.87,3.77,0.142,0.031,0.016,0.017,9.885,0.209,SED,ModSED,NGC4379
NGC4380,186.34215,10.01674,2.4,3.311,20.13724,7.06,0.95,1.76,0.32,0.119,0.01,0.396,0.366,10.261,0.209,SED,ModSED,NGC4380
NGC4385,186.42825,0.5726,-0.1,2.138,33.5,6.92,2.98,10.03,4.89,0.066,0.005,7.304,7.121,10.218,0.209,SED,ModSED,NGC4385
NGC4387,186.42375,12.81048,-4.8,1.585,17.78279,0.03,0.04,3.02,3.72,0.144,0.038,0.029,0.028,9.828,0.209,SED,ModSED,NGC4387
NGC4388,186.44505,12.66202,2.8,5.37,17.37802,5.61,0.65,11.53,0.98,0.091,0.004,4.969,4.799,10.423,0.209,SED,ModSED,NGC4388
NGC4390,186.4611,10.45895,5.0,1.514,26.18184,5.44,1.05,2.04,0.41,0.097,0.011,0.372,0.336,9.679,0.209,SED,ModSED,NGC4390
NGC4396,186.49575,15.67109,6.8,2.951,15.84892,6.45,1.01,0.89,0.16,0.12,0.013,0.268,0.24,9.433,0.208,SED,ModSED,NGC4396
NGC4402,186.5316,13.11312,3.2,3.548,12.41652,5.08,0.19,4.1,0.16,0.119,0.005,0.791,0.729,9.896,0.209,SED,ModSED,NGC4402
NGC4409,186.7437,2.4945,4.7,1.82,15.20548,2.26,0.15,5.0,0.48,0.133,0.007,0.395,0.357,9.525,0.209,SED,ModSED,NGC4409
NGC4411A,186.62505,8.87167,5.4,1.622,16.8,1.72,0.59,1.55,0.65,0.104,0.019,0.142,0.125,9.3,0.208,SED,ModSED,NGC4411A
NGC4412,186.65055,3.96474,3.2,1.514,35.6,5.61,0.51,11.45,1.4,0.095,0.005,3.486,3.337,10.309,0.209,SED,ModSED,NGC4412
NGC4413,186.6342,12.6106,2.1,2.089,15.06607,1.96,0.29,2.77,0.5,0.117,0.01,0.246,0.22,9.568,0.209,SED,ModSED,NGC4413
NGC4415,186.6687,8.43567,-0.9,1.288,16.0,0.03,0.04,2.21,2.62,0.136,0.036,0.024,0.02,9.32,0.208,SED,ModSED,NGC4415
NGC4416,186.69465,7.91881,5.9,1.585,39.81071,11.76,1.46,3.07,0.5,0.139,0.017,1.371,1.28,10.329,0.209,SED,ModSED,NGC4416
NGC4417,186.71085,9.58424,-1.9,3.09,15.84892,0.11,0.11,2.92,3.12,0.147,0.035,,,10.182,0.209,SED,ModSED,NGC4417
NGC4419,186.73545,15.04726,1.2,3.89,17.37802,3.95,0.3,9.94,1.13,0.076,0.003,2.579,2.453,10.415,0.209,SED,ModSED,NGC4419
NGC4423,186.78735,5.88011,7.8,2.042,19.67885,5.23,1.6,0.49,0.2,0.125,0.025,0.151,0.132,9.226,0.208,SED,ModSED,NGC4423
NGC4424,186.79905,9.42018,0.9,3.02,4.14954,0.07,0.01,12.13,3.09,0.085,0.014,0.049,0.041,8.575,0.208,SED,ModSED,NGC4424
NGC4425,186.80565,12.73482,-0.6,3.09,16.8,0.03,0.04,2.17,2.63,0.149,0.039,,,9.837,0.209,SED,ModSED,NGC4425
NGC4429,186.8607,11.10753,-0.8,5.248,13.00169,0.5,0.21,15.6,8.1,0.137,0.024,0.226,0.215,10.616,0.21,SED,ModSED,NGC4429
NGC4430,186.85995,6.26282,3.5,2.042,35.64508,14.08,1.77,3.29,0.64,0.119,0.017,1.376,1.29,10.429,0.209,SED,ModSED,NGC4430
NGC4434,186.90285,8.15431,-4.7,1.413,22.18195,0.09,0.08,3.89,3.87,0.139,0.033,,,10.04,0.209,SED,ModSED,NGC4434
NGC4435,186.9186,13.0789,-2.1,3.02,16.51962,0.57,0.08,14.47,2.77,0.063,0.006,0.244,0.225,10.371,0.209,SED,ModSED,NGC4435
NGC4436,186.92205,12.31602,-1.8,1.66,17.9,0.33,0.2,1.71,1.2,0.13,0.026,,,,,SED,ModSED,NGC4436
NGC4437,188.18955,0.11462,6.0,9.12,8.3946,12.36,0.5,1.26,0.1,0.122,0.011,0.648,0.594,9.971,0.209,SED,ModSED,NGC4437
NGC4438,186.94035,13.00884,0.6,9.12,11.27198,2.28,0.2,3.68,0.37,0.084,0.006,0.243,0.222,10.24,0.209,SED,ModSED,NGC4438
NGC4440,186.9732,12.29322,1.1,1.778,17.29816,0.04,0.05,2.48,3.03,0.149,0.038,,,9.927,0.209,SED,ModSED,NGC4440
NGC4442,187.01625,9.80368,-1.9,4.365,15.13561,0.31,0.24,3.11,2.93,0.148,0.032,0.092,0.09,10.481,0.209,SED,ModSED,NGC4442
NGC4445,187.0665,9.43629,2.0,2.512,18.03018,1.19,0.26,3.01,0.92,0.113,0.02,0.117,0.103,9.593,0.209,SED,ModSED,NGC4445
NGC4449,187.0461,44.09324,9.8,4.677,4.2658,1.29,0.11,8.25,0.68,0.067,0.004,,,9.347,0.208,SED,ModSED,NGC4449
NGC4450,187.12335,17.08499,2.4,5.495,16.44372,6.39,0.8,2.89,0.54,0.092,0.01,0.513,0.481,10.695,0.21,SED,ModSED,NGC4450
NGC4451,187.1691,9.25882,2.5,1.349,26.06156,2.7,0.27,8.09,1.02,0.107,0.008,0.821,0.757,9.915,0.209,SED,ModSED,NGC4451
NGC4452,187.18035,11.75505,-1.9,3.388,16.04,0.07,0.08,1.98,2.17,0.14,0.036,1.806,1.698,9.762,0.209,SED,ModSED,NGC4452
NGC4454,187.2114,-1.93912,0.2,2.188,31.35,4.5,3.69,2.7,2.27,0.133,0.024,0.379,0.351,10.49,0.209,SED,ModSED,NGC4454
NGC4457,187.2459,3.57058,0.3,2.818,10.71519,0.98,0.21,8.45,2.85,0.119,0.017,0.37,0.336,,,SED,ModSED,NGC4457
NGC4460,187.1898,44.86426,-0.9,3.89,9.50604,0.5,0.2,9.09,3.25,0.058,0.008,0.234,0.209,9.284,0.208,SED,ModSED,NGC4460
NGC4461,187.2624,13.18378,-0.7,3.631,12.02264,0.16,0.14,2.77,2.72,0.142,0.032,0.014,0.014,9.949,0.209,SED,ModSED,NGC4461
NGC4464,187.33875,8.15656,-2.7,1.023,15.70363,0.13,0.15,1.38,1.41,0.138,0.033,,,9.532,0.209,SED,ModSED,NGC4464
NGC4468,187.37865,14.04909,-2.7,1.549,15.70363,0.25,0.15,2.01,1.52,0.119,0.026,0.055,0.047,9.289,0.208,SED,ModSED,NGC4468
NGC4469,187.3668,8.74994,0.2,2.884,16.74943,0.77,0.23,7.32,3.2,0.128,0.024,0.202,0.185,10.265,0.209,SED,ModSED,NGC4469
NGC4470,187.40745,7.8239,1.9,1.288,17.21869,1.56,0.16,6.32,0.84,0.125,0.008,0.371,0.334,9.445,0.208,SED,ModSED,NGC4470
NGC4472,187.44495,8.00039,-4.8,10.233,16.59588,0.81,1.3,3.16,4.63,0.173,0.043,,,11.621,0.21,SED,ModSED,NGC4472
NGC4473,187.45365,13.4294,-4.7,4.266,15.13561,0.33,0.25,7.4,6.54,0.147,0.029,0.132,0.128,10.602,0.21,SED,ModSED,NGC4473
NGC4474,187.47315,14.06862,-1.9,2.344,15.34617,0.03,0.04,2.25,2.77,0.15,0.04,,,9.93,0.209,SED,ModSED,NGC4474
NGC4476,187.49625,12.34863,-2.9,1.698,17.37802,0.51,0.13,6.03,2.08,0.11,0.016,0.105,0.093,9.687,0.209,SED,ModSED,NGC4476
NGC4477,187.50915,13.6364,-1.7,3.715,16.44372,0.34,0.25,8.94,7.93,0.169,0.033,0.13,0.126,10.604,0.21,SED,ModSED,NGC4477
NGC4478,187.5738,12.3271,-4.9,1.738,16.82673,0.14,0.1,5.04,4.53,0.143,0.03,0.053,0.051,10.126,0.209,SED,ModSED,NGC4478
NGC4479,187.5765,13.57757,-1.9,1.445,17.21869,0.02,0.03,1.35,1.57,0.138,0.043,,,9.578,0.209,SED,ModSED,NGC4479
NGC4480,187.6116,4.24642,5.1,1.905,36.64377,16.19,2.18,2.09,0.44,0.119,0.018,,,,,SED,ModSED,NGC4480
NGC4482,187.5432,10.77951,-4.8,1.479,17.94734,0.11,0.13,1.5,1.49,0.128,0.032,,,9.315,0.208,SED,ModSED,NGC4482
NGC4483,187.66935,9.01565,-1.4,1.66,16.59588,0.03,0.03,2.31,2.75,0.147,0.038,,,9.737,0.209,SED,ModSED,NGC4483
NGC4488,187.71405,8.36011,-0.1,2.754,8.05379,0.02,0.03,2.11,2.54,0.131,0.036,0.043,0.037,9.095,0.208,SED,ModSED,NGC4488
NGC4491,187.7379,11.48348,1.0,1.622,3.59093,0.02,0.01,20.39,8.58,0.05,0.008,0.038,0.032,8.005,0.207,SED,ModSED,NGC4491
NGC4492,187.74885,8.07769,1.0,2.089,32.65878,8.8,3.12,1.24,0.64,0.147,0.027,0.266,0.252,,,SED,ModSED,NGC4492
NGC4494,187.85025,25.77468,-4.8,4.365,16.67248,0.55,0.4,7.63,6.29,0.15,0.03,0.123,0.127,10.79,0.21,SED,ModSED,NGC4494
NGC4496A,187.91295,3.9395,7.4,3.388,14.58814,6.14,0.81,2.74,0.49,0.112,0.013,0.763,0.702,9.846,0.209,SED,ModSED,NGC4496A
NGC4497,187.8855,11.62469,-1.1,1.995,13.84489,0.13,0.11,2.3,2.19,0.124,0.031,0.027,0.024,9.408,0.208,SED,ModSED,NGC4497
NGC4498,187.9149,16.85279,6.4,2.884,16.67248,5.34,0.58,1.53,0.21,0.122,0.01,0.305,0.275,9.568,0.209,SED,ModSED,NGC4498
NGC4501,187.99695,14.42014,3.3,8.71,11.16863,12.12,1.07,7.25,1.17,0.084,0.008,2.143,2.035,10.695,0.21,SED,ModSED,NGC4501
NGC4503,188.02575,11.17642,-1.7,3.467,11.74898,0.08,0.09,2.89,3.33,0.144,0.035,0.074,0.067,,,SED,ModSED,NGC4503
NGC4506,188.04375,13.41963,1.1,1.622,13.91316,0.33,0.14,2.6,1.4,0.107,0.022,0.044,0.038,9.192,0.208,SED,ModSED,NGC4506
NGC4516,188.28135,14.57494,1.5,1.738,13.95412,0.09,0.08,2.95,2.75,0.123,0.029,0.035,0.03,9.296,0.208,SED,ModSED,NGC4516
NGC4521,188.1987,63.9392,-0.2,2.57,40.37411,0.64,0.36,6.91,4.56,0.144,0.028,0.212,0.202,10.646,0.21,SED,ModSED,NGC4521
NGC4522,188.41545,9.175,5.9,3.467,14.52111,2.26,0.29,3.0,0.49,0.123,0.01,0.275,0.246,9.494,0.209,SED,ModSED,NGC4522
NGC4525,188.463,30.27756,5.9,1.995,11.11732,1.71,0.29,0.75,0.18,0.138,0.017,0.054,0.047,8.974,0.208,SED,ModSED,NGC4525
NGC4526,188.51265,7.69921,-1.9,6.918,15.34617,3.17,0.28,7.22,0.65,0.092,0.013,0.581,0.55,10.866,0.21,SED,ModSED,NGC4526
NGC4527,188.53395,2.65334,4.0,6.31,14.12538,18.07,0.94,6.5,0.6,0.112,0.007,4.304,4.146,10.647,0.21,SED,ModSED,NGC4527
NGC4528,188.5254,11.32123,-2.0,1.585,15.63147,0.08,0.09,1.91,1.98,0.141,0.034,,,9.738,0.209,SED,ModSED,NGC4528
NGC4531,188.5662,13.0754,-0.1,3.02,15.06607,2.21,0.69,1.28,0.56,0.13,0.024,0.04,0.037,9.885,0.209,SED,ModSED,NGC4531
NGC4532,188.5809,6.46756,9.7,2.512,11.11732,3.02,0.69,5.98,1.05,0.05,0.006,0.737,0.676,9.394,0.208,SED,ModSED,NGC4532
NGC4533,188.59185,2.32539,7.1,1.82,19.14256,1.45,0.59,1.1,0.67,0.093,0.026,0.061,0.053,9.111,0.208,SED,ModSED,NGC4533
NGC4535,188.5845,8.19775,5.0,8.128,14.92795,22.75,1.04,2.67,0.17,0.14,0.01,2.608,2.486,10.597,0.209,SED,ModSED,NGC4535
NGC4536,188.61285,2.18791,4.3,7.08,14.52111,12.12,0.68,8.17,0.38,0.087,0.004,4.635,4.47,10.442,0.209,SED,ModSED,NGC4536
NGC4546,188.87295,-3.79328,-2.7,3.162,13.93157,0.29,0.14,8.42,5.48,0.146,0.03,0.143,0.133,10.395,0.209,SED,ModSED,NGC4546
NGC4550,188.87685,12.22119,-2.0,3.162,15.27566,0.27,0.16,2.75,2.14,0.125,0.03,1.651,1.549,9.874,0.209,SED,ModSED,NGC4550
NGC4551,188.9082,12.26397,-4.9,1.698,16.06942,0.11,0.09,3.1,2.93,0.148,0.03,,,9.849,0.209,SED,ModSED,NGC4551
NGC4552,188.916,12.55611,-4.6,8.128,15.70363,0.84,0.7,6.4,6.56,0.153,0.031,0.299,0.295,10.912,0.21,SED,ModSED,NGC4552
NGC4559,188.9904,27.95968,6.0,10.471,7.14496,8.04,0.67,1.22,0.28,0.116,0.021,,,9.691,0.209,SED,ModSED,NGC4559
NGC4561,189.0339,19.32264,7.2,1.318,23.7684,4.16,1.12,1.66,0.64,0.08,0.013,0.37,0.334,9.679,0.209,SED,ModSED,NGC4561
NGC4562,188.89425,25.84967,7.1,1.905,11.06623,1.89,0.76,0.27,0.15,0.117,0.027,0.022,0.018,8.642,0.208,SED,ModSED,NGC4562
NGC4564,189.11235,11.4394,-4.6,3.162,15.63147,0.13,0.15,3.25,3.67,0.145,0.035,0.01,0.016,10.217,0.209,SED,ModSED,NGC4564
NGC4565,189.08655,25.98719,3.2,16.596,12.07813,30.1,4.18,1.88,0.5,0.119,0.018,1.808,1.718,10.907,0.21,SED,ModSED,NGC4565
NGC4569,189.20805,13.16294,2.4,9.12,11.8577,6.39,0.39,4.9,0.35,0.121,0.011,1.448,1.363,10.561,0.209,SED,ModSED,NGC4569
NGC4570,189.2226,7.2467,-1.9,3.89,16.9044,0.32,0.22,3.65,3.39,0.145,0.031,0.069,0.069,10.399,0.209,SED,ModSED,NGC4570
NGC4571,189.2349,14.21721,6.4,3.548,19.31969,7.42,1.95,3.69,1.4,0.118,0.019,,,,,SED,ModSED,NGC4571
NGC4578,189.37725,9.55511,-2.1,2.512,16.14359,0.2,0.17,2.35,2.29,0.144,0.032,,,10.04,0.209,SED,ModSED,NGC4578
NGC4579,189.4314,11.818,2.8,5.012,19.95263,17.72,2.84,5.58,1.58,0.141,0.02,2.858,2.744,11.142,0.21,SED,ModSED,NGC4579
NGC4580,189.45165,5.36841,1.6,1.862,18.96705,4.5,0.56,2.93,0.6,0.09,0.01,0.448,0.409,10.053,0.209,SED,ModSED,NGC4580
NGC4584,189.5745,13.10988,1.4,1.622,13.89951,0.47,0.18,2.44,1.27,0.112,0.022,0.068,0.059,9.053,0.208,SED,ModSED,NGC4584
NGC4586,189.6183,4.31902,1.2,3.467,13.06171,1.41,1.1,1.55,1.26,0.138,0.022,0.074,0.067,9.796,0.209,SED,ModSED,NGC4586
NGC4589,189.3543,74.19186,-4.8,2.951,25.9418,0.54,0.66,3.23,3.63,0.153,0.037,0.077,0.098,10.886,0.21,SED,ModSED,NGC4589
NGC4591,189.80175,6.01223,3.1,1.413,43.45098,11.76,2.24,2.06,0.55,0.114,0.015,1.026,0.955,10.255,0.209,SED,ModSED,NGC4591
NGC4592,189.82815,-0.53196,7.9,4.074,11.64126,7.65,1.42,0.49,0.11,0.126,0.02,,,9.256,0.208,SED,ModSED,NGC4592
NGC4594,189.99765,-11.62301,1.1,8.511,8.59014,7.5,1.97,1.9,0.81,0.153,0.028,0.409,0.418,11.13,0.21,SED,ModSED,NGC4594
NGC4595,189.96645,15.29768,4.0,1.514,15.70363,1.83,0.37,3.14,0.81,0.119,0.013,0.238,0.212,9.378,0.208,SED,ModSED,NGC4595
NGC4596,189.9831,10.17619,-0.8,3.89,11.74898,0.31,0.16,6.01,4.13,0.135,0.027,0.115,0.106,10.279,0.209,SED,ModSED,NGC4596
NGC4606,190.2396,11.91139,0.6,2.455,12.53141,0.56,0.17,5.73,2.27,0.112,0.019,0.139,0.123,9.588,0.209,SED,ModSED,NGC4606
NGC4607,190.3014,11.88627,4.0,2.884,19.95263,4.93,0.45,4.77,0.52,0.112,0.006,0.902,0.834,9.858,0.209,SED,ModSED,NGC4607
NGC4608,190.3053,10.15578,-1.7,2.884,20.2302,0.38,0.26,7.47,6.42,0.142,0.03,0.187,0.175,10.502,0.209,SED,ModSED,NGC4608
NGC4612,190.38645,7.31485,-2.0,2.57,16.36816,0.27,0.25,2.77,2.68,0.138,0.033,0.072,0.067,,,SED,ModSED,NGC4612
NGC4618,190.3866,41.14891,8.6,3.548,6.72977,1.58,0.25,2.26,0.54,0.1,0.013,0.169,0.15,9.245,0.208,SED,ModSED,NGC4618
NGC4624,191.27475,3.05518,-0.6,4.571,10.76465,0.13,0.12,5.95,7.45,0.144,0.033,0.101,0.092,10.165,0.209,SED,ModSED,NGC4624
NGC4625,190.4697,41.27384,8.7,1.413,8.2,0.65,0.26,2.87,1.39,0.128,0.02,0.095,0.082,8.888,0.208,SED,ModSED,NGC4625
NGC4629,190.6362,-1.35051,9.1,1.023,32.96098,1.85,0.81,1.44,0.91,0.102,0.027,0.115,0.101,,,SED,ModSED,NGC4629
NGC4630,190.62975,3.9599,9.7,1.66,15.77611,2.55,0.28,4.09,0.63,0.117,0.008,0.555,0.506,9.538,0.209,SED,ModSED,NGC4630
NGC4633,190.6554,14.35694,7.9,1.778,16.29296,3.24,0.78,0.82,0.26,0.099,0.019,0.156,0.138,9.069,0.208,SED,ModSED,NGC4633
NGC4636,190.707,2.68762,-4.8,6.31,14.06047,6.02,6.28,3.66,3.67,0.144,0.03,,,10.959,0.21,SED,ModSED,NGC4636
NGC4639,190.71825,13.25704,3.6,2.884,25.3513,8.89,1.16,2.57,0.46,0.117,0.013,0.772,0.716,10.383,0.209,SED,ModSED,NGC4639
NGC4643,190.8339,1.97828,-0.5,2.239,11.96741,2.06,0.58,1.84,0.89,0.133,0.026,0.098,0.093,10.321,0.209,SED,ModSED,NGC4643
NGC4651,190.92765,16.39339,5.1,3.89,23.22738,21.86,2.02,2.62,0.41,0.151,0.015,2.294,2.184,10.702,0.21,SED,ModSED,NGC4651
NGC4654,190.98585,13.12657,5.9,4.677,13.86755,11.88,1.14,5.28,0.83,0.117,0.011,,,,,SED,ModSED,NGC4654
NGC4656,190.9896,32.17016,9.0,6.457,5.24808,0.63,0.12,2.84,0.78,0.049,0.011,0.121,0.106,8.737,0.208,SED,ModSED,NGC4656
NGC4660,191.13315,11.19053,-4.6,2.089,14.85935,0.11,0.08,6.5,6.01,0.142,0.03,0.046,0.044,10.085,0.209,SED,ModSED,NGC4660
NGC4666,191.286,-0.46186,5.0,5.012,14.58814,15.4,0.79,12.74,1.19,0.142,0.007,4.642,4.479,,,SED,ModSED,NGC4666
NGC4668,191.3832,-0.53512,7.5,1.585,15.55965,2.55,0.71,0.75,0.3,0.118,0.022,0.111,0.097,9.086,0.208,SED,ModSED,NGC4668
NGC4684,191.82285,-2.72753,-1.2,2.951,13.36595,0.26,0.12,13.24,7.78,0.068,0.014,0.36,0.327,9.878,0.209,SED,ModSED,NGC4684
NGC4688,191.9436,4.33581,6.0,3.715,17.1,3.69,1.55,1.94,0.98,0.113,0.021,0.402,0.364,9.316,0.208,SED,ModSED,NGC4688
NGC4689,191.93985,13.76272,4.7,3.802,14.72313,5.78,0.6,3.87,0.64,0.132,0.011,0.771,0.712,10.157,0.209,SED,ModSED,NGC4689
NGC4691,192.057,-3.3329,0.3,3.02,4.61318,0.2,0.04,22.42,7.31,0.082,0.011,0.376,0.339,8.991,0.208,SED,ModSED,NGC4691
NGC4696,192.20535,-41.31113,-3.8,3.802,36.14099,4.98,6.28,5.2,6.26,0.152,0.037,1.164,1.187,11.823,0.211,SED,ModSED,NGC4696
NGC4698,192.0954,8.4875,1.6,3.802,21.87762,8.71,2.81,1.7,0.92,0.09,0.027,0.431,0.406,10.793,0.21,SED,ModSED,NGC4698
NGC4701,192.2976,3.38836,5.9,1.738,17.06082,3.88,0.94,3.27,0.97,0.083,0.022,,,9.594,0.209,SED,ModSED,NGC4701
NGC4710,192.4128,15.16779,-0.9,4.365,10.86426,1.76,0.18,6.15,0.94,0.085,0.008,0.377,0.343,10.095,0.209,SED,ModSED,NGC4710
NGC4713,192.4911,5.31129,6.8,1.66,14.65547,4.37,0.61,3.48,0.79,0.107,0.015,0.727,0.667,9.608,0.209,SED,ModSED,NGC4713
NGC4720,192.6783,-4.15578,-2.6,1.23,20.2,0.89,0.19,6.55,2.03,0.074,0.011,0.239,0.213,9.313,0.208,SED,ModSED,NGC4720
NGC4725,192.61095,25.50091,2.2,9.772,12.07813,16.35,1.24,2.08,0.27,0.119,0.011,0.957,0.901,10.759,0.21,SED,ModSED,NGC4725
NGC4731,192.7554,-6.3937,5.9,6.31,13.06171,8.12,1.03,1.14,0.2,0.118,0.016,0.446,0.405,9.635,0.209,SED,ModSED,NGC4731
NGC4736,192.72075,41.11999,2.3,7.763,4.3853,1.81,0.09,11.82,1.31,0.142,0.009,0.863,0.801,10.351,0.209,SED,ModSED,NGC4736
NGC4746,192.9801,12.08304,3.2,2.042,30.61964,11.88,0.8,6.95,0.57,0.107,0.006,2.971,2.833,10.335,0.209,SED,ModSED,NGC4746
NGC4747,192.94065,25.77581,7.3,2.089,12.3,2.35,0.47,2.17,0.54,0.099,0.012,0.283,0.253,,,SED,ModSED,NGC4747
NGC4753,193.09185,-1.19948,-1.3,6.457,19.95263,5.44,1.35,7.58,3.95,0.131,0.027,,,11.089,0.21,SED,ModSED,NGC4753
NGC4754,193.0731,11.31364,-2.4,4.169,15.99558,0.58,0.38,2.69,2.1,0.146,0.03,0.084,0.083,10.484,0.209,SED,ModSED,NGC4754
NGC4758,193.1847,15.84656,9.0,2.754,13.48963,3.34,0.61,1.06,0.23,0.105,0.015,0.166,0.147,9.268,0.208,SED,ModSED,NGC4758
NGC4762,193.233,11.23077,-1.8,8.318,10.81434,0.5,0.64,2.27,2.28,0.137,0.032,0.004,0.01,10.19,0.209,SED,ModSED,NGC4762
NGC4765,193.3104,4.46322,1.5,1.148,15.44,0.77,0.09,9.42,1.37,0.065,0.005,0.377,0.339,9.088,0.208,SED,ModSED,NGC4765
NGC4771,193.33845,1.26915,6.0,3.09,17.94734,6.2,0.63,1.68,0.24,0.117,0.017,0.387,0.351,9.907,0.209,SED,ModSED,NGC4771
NGC4772,193.3716,2.16833,1.2,4.074,27.28977,10.32,2.55,1.32,0.53,0.136,0.026,0.317,0.299,10.698,0.21,SED,ModSED,NGC4772
NGC4775,193.44045,-6.62217,6.9,2.239,11.324,2.0,0.28,3.62,0.67,0.111,0.01,0.352,0.317,9.423,0.208,SED,ModSED,NGC4775
NGC4779,193.46175,9.70993,4.6,1.862,38.90453,15.87,2.13,2.94,0.54,0.113,0.01,2.58,2.453,10.354,0.209,SED,ModSED,NGC4779
NGC4789A,193.5225,27.14974,9.9,1.905,4.03645,0.08,0.05,0.6,0.49,0.098,0.032,0.005,0.004,7.4,0.207,SED,ModSED,NGC4789A
NGC4791,193.68315,8.0531,0.7,1.047,41.02949,1.64,0.68,3.19,1.68,0.111,0.022,0.191,0.17,9.664,0.209,SED,ModSED,NGC4791
NGC4793,193.66905,28.93779,5.0,1.82,26.79168,13.39,0.28,10.55,0.36,0.105,0.002,5.679,5.503,10.457,0.209,SED,ModSED,NGC4793
NGC4795,193.7619,8.06548,0.6,2.138,44.67504,1.5,1.25,3.7,3.45,0.146,0.031,0.241,0.236,10.866,0.21,SED,ModSED,NGC4795
NGC4799,193.8147,2.89661,2.5,1.445,44.19716,11.99,1.49,3.67,0.63,0.114,0.013,1.565,1.475,10.508,0.209,SED,ModSED,NGC4799
NGC4808,193.95405,4.30418,5.9,2.344,17.45821,6.45,0.62,6.41,0.71,0.09,0.015,,,9.929,0.209,SED,ModSED,NGC4808
NGC4826,194.1825,21.68195,2.2,10.471,4.40555,1.23,0.13,9.7,1.85,0.104,0.011,0.414,0.379,10.176,0.209,SED,ModSED,NGC4826
NGC4845,194.505,1.57587,2.2,5.495,18.53532,9.25,0.77,5.14,0.78,0.082,0.013,1.377,1.292,10.519,0.209,SED,ModSED,NGC4845
NGC4866,194.8626,14.17078,0.0,5.754,29.64832,8.98,3.96,0.63,0.35,0.172,0.03,0.192,0.193,10.866,0.21,SED,ModSED,NGC4866
NGC4904,195.24435,-0.02752,5.8,1.995,16.51962,3.61,0.27,3.48,0.38,0.12,0.009,0.627,0.574,9.714,0.209,SED,ModSED,NGC4904
NGC4941,196.0545,-5.55153,2.1,3.311,20.41738,6.58,0.85,4.08,0.76,0.121,0.01,1.45,1.362,10.451,0.209,SED,ModSED,NGC4941
NGC4945,196.3638,-49.46791,6.1,23.442,3.46737,12.24,0.16,10.7,0.14,0.059,0.001,,,10.434,0.209,SED,ModSED,NGC4945
NGC4961,196.44825,27.73387,5.6,1.122,36.9828,7.65,1.44,3.6,0.97,0.102,0.014,1.014,0.94,9.88,0.209,SED,ModSED,NGC4961
NGC4981,197.20305,-6.77747,4.0,2.692,21.37962,9.34,0.73,4.64,0.51,0.13,0.009,1.588,1.492,10.44,0.209,SED,ModSED,NGC4981
NGC5010,198.10965,-15.7979,-1.0,1.0,42.40852,14.5,0.43,18.3,0.68,0.06,0.001,7.906,7.728,10.707,0.21,SED,ModSED,NGC5010
NGC5012,197.90445,22.9155,5.1,2.63,38.19441,26.17,2.31,4.58,0.72,0.117,0.01,3.323,3.184,10.798,0.21,SED,ModSED,NGC5012
NGC5014,197.8803,36.28206,1.1,2.089,6.39735,0.13,0.03,10.05,2.61,0.096,0.011,0.078,0.067,8.461,0.208,SED,ModSED,NGC5014
NGC5016,198.0279,24.09499,4.4,1.585,46.34473,12.74,1.65,5.04,0.98,0.122,0.013,2.179,2.065,10.532,0.209,SED,ModSED,NGC5016
NGC5023,198.04905,44.03806,6.0,6.166,6.57658,0.75,0.29,0.66,0.3,0.091,0.023,0.018,0.014,8.596,0.208,SED,ModSED,NGC5023
NGC5033,198.36465,36.59371,5.0,9.772,14.72313,21.0,2.69,4.73,1.17,0.124,0.017,,,10.652,0.21,SED,ModSED,NGC5033
NGC5055,198.9555,42.02922,4.0,11.749,9.0365,21.42,1.39,6.8,0.77,0.098,0.006,3.449,3.313,10.854,0.21,SED,ModSED,NGC5055
NGC5116,200.73165,26.98081,4.9,1.95,41.68693,12.12,1.79,3.12,0.69,0.106,0.012,1.339,1.253,10.33,0.209,SED,ModSED,NGC5116
NGC5117,200.73525,28.31645,5.8,1.549,33.72872,5.72,2.04,1.04,0.5,0.106,0.022,0.213,0.191,9.509,0.209,SED,ModSED,NGC5117
NGC5119,201.00135,-12.27641,-2.0,1.479,42.76352,0.96,0.99,2.81,2.79,0.137,0.03,0.125,0.118,10.439,0.209,SED,ModSED,NGC5119
NGC5122,201.0615,-10.65422,-1.5,1.148,41.75314,0.86,0.67,2.0,1.75,0.137,0.031,0.092,0.085,10.26,0.209,SED,ModSED,NGC5122
NGC5128,201.3672,-43.01812,-2.1,25.704,3.68129,33.26,1.56,1.04,0.06,0.232,0.012,,,11.001,0.21,SED,ModSED,NGC5128
NGC5145,201.30795,43.26725,0.0,1.862,52.96634,25.39,1.33,9.8,0.73,0.121,0.004,9.319,9.153,10.896,0.21,SED,ModSED,NGC5145
NGC5147,201.5817,2.1008,7.9,1.479,21.6,6.78,0.66,3.03,0.43,0.117,0.008,0.92,0.851,9.893,0.209,SED,ModSED,NGC5147
NGC5236,204.25365,-29.86556,5.0,13.49,4.89779,8.89,0.48,26.95,2.77,0.072,0.004,6.22,6.043,10.7,0.21,SED,ModSED,NGC5236
NGC5240,203.9799,35.58825,5.7,1.82,42.65796,10.64,2.52,1.56,0.52,0.107,0.017,0.531,0.488,10.193,0.209,SED,ModSED,NGC5240
NGC5248,204.3837,8.885,4.0,4.074,11.96741,11.52,0.66,5.72,0.46,0.127,0.005,2.608,2.477,10.36,0.209,SED,ModSED,NGC5248
NGC5273,205.5351,35.65444,-1.9,2.291,17.06082,0.13,0.1,21.91,17.8,0.106,0.024,0.259,0.234,10.009,0.209,SED,ModSED,NGC5273
NGC5290,206.32965,41.71242,4.0,3.236,32.96098,12.61,1.56,4.49,0.94,0.106,0.011,1.704,1.612,10.778,0.21,SED,ModSED,NGC5290
NGC5300,207.0669,3.9508,5.3,2.818,18.45015,7.96,1.08,1.55,0.27,0.118,0.012,0.452,0.412,9.889,0.209,SED,ModSED,NGC5300
NGC5301,206.60265,46.10725,4.6,3.981,20.89297,12.36,0.94,2.26,0.2,0.115,0.008,0.982,0.911,10.15,0.209,SED,ModSED,NGC5301
NGC5334,208.22685,-1.11455,5.3,3.388,32.62,44.9,7.35,0.71,0.14,0.142,0.017,1.05,0.979,10.447,0.209,SED,ModSED,NGC5334
NGC5338,208.3605,5.20771,-2.0,1.95,12.70574,0.28,0.14,3.42,2.01,0.11,0.019,0.06,0.051,8.95,0.208,SED,ModSED,NGC5338
NGC5347,208.3242,33.4908,2.0,1.622,27.3,8.29,1.72,3.61,0.91,0.163,0.009,4.224,4.06,10.146,0.209,SED,ModSED,NGC5347
NGC5348,208.5468,5.22723,3.8,3.89,15.92209,2.76,0.95,0.84,0.37,0.101,0.02,0.119,0.104,9.159,0.208,SED,ModSED,NGC5348
NGC5350,208.3401,40.36394,3.6,2.692,27.66941,15.4,1.39,3.04,0.35,0.154,0.041,,,,,SED,ModSED,NGC5350
NGC5355,208.43985,40.33868,-2.0,1.148,37.65,0.09,0.11,2.89,3.37,0.139,0.036,0.099,0.089,9.959,0.209,SED,ModSED,NGC5355
NGC5356,208.74345,5.33361,3.8,2.818,19.49844,6.08,0.83,1.56,0.28,0.119,0.012,0.3,0.272,9.874,0.209,SED,ModSED,NGC5356
NGC5360,208.9113,4.98486,0.1,1.097,22.9,1.17,0.55,1.85,1.12,0.117,0.023,0.085,0.074,9.402,0.208,SED,ModSED,NGC5360
NGC5363,209.03025,5.25471,0.1,4.169,56.23413,41.45,14.87,2.73,1.57,0.153,0.035,,,12.061,0.211,SED,ModSED,NGC5363
NGC5364,209.05005,5.01444,4.0,3.802,15.63147,15.87,1.23,2.13,0.27,0.139,0.011,1.194,1.113,10.377,0.209,SED,ModSED,NGC5364
NGC5398,210.34005,-33.06366,7.9,2.754,8.51138,0.87,0.3,2.51,0.85,0.066,0.008,0.166,0.146,8.772,0.208,SED,ModSED,NGC5398
NGC5408,210.83805,-41.37709,9.9,2.818,5.32108,0.06,0.04,15.64,9.71,0.044,0.013,0.11,0.096,8.351,0.207,SED,ModSED,NGC5408
NGC5457,210.8025,54.34906,5.9,23.988,7.11214,23.21,1.02,3.94,0.26,0.116,0.005,,,10.63,0.21,SED,ModSED,NGC5457
NGC5474,211.2564,53.66224,6.1,2.399,6.85488,2.13,0.8,0.78,0.38,0.154,0.032,,,9.154,0.208,SED,ModSED,NGC5474
NGC5477,211.3887,54.46096,8.9,1.097,6.76083,0.06,0.05,1.09,1.01,0.095,0.032,0.006,0.005,7.857,0.207,SED,ModSED,NGC5477
NGC5481,211.67175,50.72331,-3.9,1.778,30.82,0.06,0.08,2.11,2.55,0.153,0.041,,,10.269,0.209,SED,ModSED,NGC5481
NGC5485,211.7973,55.00162,-2.0,2.512,25.70395,0.62,0.36,8.89,6.29,0.16,0.031,0.134,0.128,10.654,0.21,SED,ModSED,NGC5485
NGC5486,211.854,55.10301,8.7,1.349,34.24,7.28,2.27,1.05,0.45,0.09,0.018,0.342,0.308,9.586,0.209,SED,ModSED,NGC5486
NGC5496,212.90865,-1.16048,6.5,2.692,22.59436,5.9,1.81,1.3,0.6,0.103,0.023,0.189,0.168,9.739,0.209,SED,ModSED,NGC5496
NGC5507,213.33285,-3.1489,-2.3,1.585,34.3,0.06,0.08,3.12,3.91,0.155,0.041,,,10.444,0.209,SED,ModSED,NGC5507
NGC5529,213.89205,36.22674,5.1,5.754,44.46315,87.75,10.85,1.32,0.27,0.129,0.015,3.471,3.34,11.069,0.21,SED,ModSED,NGC5529
NGC5560,215.0205,3.99192,3.1,3.467,20.57,2.45,0.39,6.23,1.3,0.113,0.011,0.604,0.552,9.916,0.209,SED,ModSED,NGC5560
NGC5569,215.13375,3.9831,6.0,1.122,17.37802,3.54,1.46,0.36,0.2,0.126,0.029,0.04,0.034,9.139,0.208,SED,ModSED,NGC5569
NGC5574,215.2332,3.23793,-2.7,1.318,23.6592,0.08,0.06,9.7,8.84,0.128,0.029,0.065,0.059,9.935,0.209,SED,ModSED,NGC5574
NGC5577,215.3046,3.43581,3.8,2.884,19.23091,6.14,0.85,1.08,0.2,0.125,0.014,0.232,0.208,9.685,0.209,SED,ModSED,NGC5577
NGC5582,215.17965,39.69358,-4.8,2.188,28.18382,1.11,0.87,2.04,1.74,0.149,0.029,,,10.475,0.209,SED,ModSED,NGC5582
NGC5584,215.59905,-0.38759,5.9,3.162,28.18382,22.08,3.5,1.84,0.37,0.103,0.012,1.832,1.731,10.277,0.209,SED,ModSED,NGC5584
NGC5636,217.41255,3.26629,-0.3,1.38,29.61496,2.57,0.77,1.73,0.71,0.116,0.02,0.182,0.163,9.853,0.209,SED,ModSED,NGC5636
NGC5645,217.66425,7.27499,6.6,1.995,14.92795,3.24,0.53,1.94,0.45,0.088,0.012,0.288,0.259,9.461,0.208,SED,ModSED,NGC5645
NGC5667,217.5954,59.46974,6.2,1.622,33.45167,8.54,2.3,2.35,0.86,0.103,0.014,0.918,0.848,9.884,0.209,SED,ModSED,NGC5667
NGC5668,218.35125,4.45033,6.9,1.905,26.9,27.78,5.67,1.3,0.35,0.122,0.015,,,10.235,0.209,SED,ModSED,NGC5668
NGC5669,218.1825,9.89128,6.0,2.57,14.65547,5.03,0.97,1.71,0.41,0.085,0.015,0.351,0.317,9.521,0.209,SED,ModSED,NGC5669
NGC5689,218.8737,48.74147,0.4,3.631,35.6,2.93,1.4,3.4,1.99,0.143,0.027,0.282,0.274,10.829,0.21,SED,ModSED,NGC5689
NGC5690,219.42105,2.2909,5.2,3.162,19.49844,9.92,0.47,4.98,0.4,0.113,0.006,1.707,1.603,10.163,0.209,SED,ModSED,NGC5690
NGC5691,219.4722,-0.39882,1.2,1.862,30.2,3.99,0.43,12.45,2.05,0.092,0.007,1.989,1.878,10.171,0.209,SED,ModSED,NGC5691
NGC5693,219.04665,48.58492,6.9,1.585,38.64009,4.24,3.11,3.2,2.4,0.118,0.017,0.601,0.55,9.936,0.209,SED,ModSED,NGC5693
NGC5701,219.79605,5.36329,-0.3,1.995,26.1,17.02,5.91,0.66,0.32,0.143,0.026,0.344,0.325,10.729,0.21,SED,ModSED,NGC5701
NGC5705,219.95745,-0.71837,6.6,1.349,20.89297,9.63,2.68,0.46,0.17,0.107,0.017,0.208,0.185,9.477,0.208,SED,ModSED,NGC5705
NGC5713,220.0479,-0.28904,4.0,2.455,13.74042,4.16,0.12,14.81,0.57,0.097,0.002,3.03,2.888,10.041,0.209,SED,ModSED,NGC5713
NGC5719,220.2348,-0.31808,2.3,3.09,26.42408,13.26,0.56,6.89,0.36,0.095,0.004,3.173,3.036,10.668,0.21,SED,ModSED,NGC5719
NGC5728,220.5996,-17.25301,1.2,3.162,27.79715,8.12,0.32,13.64,1.21,0.075,0.006,4.345,4.19,10.777,0.21,SED,ModSED,NGC5728
NGC5740,221.1018,1.67975,3.0,2.692,29.24156,10.43,1.49,4.84,0.94,0.109,0.009,1.997,1.889,10.45,0.209,SED,ModSED,NGC5740
NGC5746,221.23335,1.95472,3.0,7.244,27.03959,66.32,3.22,1.19,0.09,0.119,0.008,2.08,2.001,11.249,0.21,SED,ModSED,NGC5746
NGC5750,221.5464,-0.22296,0.4,2.63,29.7,4.73,1.08,4.0,1.42,0.095,0.019,0.33,0.31,10.621,0.21,SED,ModSED,NGC5750
NGC5777,222.8244,58.97809,3.2,2.951,42.85485,22.98,4.97,2.39,0.74,0.13,0.016,2.039,1.933,10.705,0.21,SED,ModSED,NGC5777
NGC5850,226.78185,1.54465,3.1,3.311,20.1,11.41,2.35,1.8,0.53,0.13,0.017,0.72,0.668,10.498,0.209,SED,ModSED,NGC5850
NGC5866,226.62315,55.7633,-1.3,6.31,14.45439,3.37,0.57,4.89,1.26,0.104,0.015,0.438,0.411,10.697,0.21,SED,ModSED,NGC5866
NGC5899,228.76365,42.0498,5.2,2.089,42.65796,38.65,4.01,4.87,0.86,0.106,0.01,6.498,6.334,10.995,0.21,SED,ModSED,NGC5899
NGC5907,228.9735,56.32891,5.2,11.22,17.21869,46.73,1.27,2.95,0.19,0.105,0.007,3.722,3.582,10.931,0.21,SED,ModSED,NGC5907
NGC6143,245.42625,55.08582,4.0,1.097,78.57728,33.94,5.32,3.15,0.71,0.129,0.011,3.819,3.665,10.663,0.21,SED,ModSED,NGC6143
NGC6221,253.1922,-59.21777,4.9,4.898,11.06623,6.2,0.61,18.49,3.44,0.092,0.01,5.078,4.906,10.6,0.209,SED,ModSED,NGC6221
NGC6300,259.2474,-62.8202,3.1,5.37,10.71519,7.42,0.69,6.66,1.05,0.1,0.008,2.535,2.41,10.433,0.209,SED,ModSED,NGC6300
NGC6673,281.2761,-62.29723,-3.8,2.63,10.76465,0.02,0.02,2.89,3.77,0.147,0.04,0.009,0.01,9.727,0.209,SED,ModSED,NGC6673
NGC6703,281.82855,45.55056,-2.8,2.455,26.42408,0.62,0.8,3.71,4.09,0.147,0.035,0.065,0.076,10.814,0.21,SED,ModSED,NGC6703
NGC6798,291.01335,53.62475,-1.9,1.778,37.34298,1.23,1.01,2.99,2.54,0.14,0.028,0.144,0.138,10.501,0.209,SED,ModSED,NGC6798
NGC6814,295.6692,-10.3237,4.0,3.09,22.8,19.0,3.1,4.44,1.11,0.128,0.014,3.263,3.131,10.956,0.21,SED,ModSED,NGC6814
NGC6822,296.2374,-14.80034,9.8,17.378,0.46132,0.03,0.02,2.21,1.78,0.099,0.029,0.005,0.004,7.864,0.207,SED,ModSED,NGC6822
NGC6946,308.71905,60.15361,5.9,11.482,6.72977,18.81,0.58,7.61,0.25,0.115,0.003,5.612,5.441,10.661,0.21,SED,ModSED,NGC6946
NGC7090,324.12045,-54.55761,5.0,8.128,9.50604,9.25,1.31,1.13,0.13,0.121,0.019,0.49,0.445,9.738,0.209,SED,ModSED,NGC7090
NGC7172,330.50745,-31.87015,0.6,2.754,33.9,14.5,1.18,6.47,0.76,0.118,0.006,4.26,4.109,11.016,0.21,SED,ModSED,NGC7172
NGC7213,332.31765,-47.16684,0.9,4.898,30.19955,19.0,5.62,5.71,2.9,0.116,0.028,4.713,4.624,11.485,0.21,SED,ModSED,NGC7213
NGC7314,338.94165,-26.0505,4.0,4.169,15.77611,9.44,1.12,3.27,0.57,0.13,0.01,1.501,1.407,10.215,0.209,SED,ModSED,NGC7314
NGC7331,339.2673,34.41562,3.9,9.332,14.52111,44.01,1.1,4.39,0.14,0.13,0.003,6.072,5.915,11.113,0.21,SED,ModSED,NGC7331
NGC7465,345.504,15.96465,-1.8,1.071,27.2,3.37,0.49,11.13,1.84,0.103,0.006,1.931,1.821,10.152,0.209,SED,ModSED,NGC7465
NGC7552,349.0449,-42.58428,2.4,3.89,28.70782,25.65,1.98,37.98,5.49,0.054,0.003,48.813,49.912,11.124,0.21,SED,ModSED,NGC7552
NGC7582,349.59675,-42.36999,2.1,6.918,19.14256,16.85,0.85,15.99,0.83,0.073,0.002,14.032,13.914,10.866,0.21,SED,ModSED,NGC7582
NGC7625,350.12565,17.22561,1.0,1.479,23.0,5.84,0.66,13.46,2.76,0.102,0.01,3.163,3.019,10.251,0.209,SED,ModSED,NGC7625
NGC7667,351.09615,-0.10784,8.7,1.047,17.78279,0.2,0.17,1.99,1.9,0.089,0.031,0.057,0.048,8.421,0.208,SED,ModSED,NGC7667
NGC7689,353.3196,-54.09453,5.9,3.09,24.32205,16.35,1.73,2.42,0.37,0.139,0.011,1.577,1.478,10.212,0.209,SED,ModSED,NGC7689
NGC7690,353.2602,-51.69842,2.9,2.138,21.37962,2.73,0.57,4.42,1.31,0.122,0.015,0.552,0.505,9.904,0.209,SED,ModSED,NGC7690
NGC7694,353.3163,-2.70299,10.0,1.38,14.12538,1.23,0.36,2.25,0.92,0.084,0.015,0.163,0.144,8.986,0.208,SED,ModSED,NGC7694
NGC7710,353.94225,-2.88088,-1.6,1.175,33.26051,0.9,0.62,1.41,1.11,0.129,0.028,6.865,6.68,9.773,0.209,SED,ModSED,NGC7710
NGC7714,354.0588,2.15502,3.1,2.188,30.92,2.15,0.2,63.82,6.61,0.053,0.001,12.334,12.183,10.311,0.209,SED,ModSED,NGC7714
NGC7715,354.09165,2.15679,9.6,2.042,36.3,0.24,0.28,1.41,1.31,0.12,0.029,,,9.112,0.208,SED,ModSED,NGC7715
NGC7716,354.1311,0.29729,3.0,1.82,35.8,9.07,1.68,2.29,0.65,0.134,0.017,0.685,0.635,10.431,0.209,SED,ModSED,NGC7716
NGC7721,354.70215,-6.51798,4.9,3.09,31.76873,36.4,2.4,2.33,0.28,0.129,0.011,3.07,2.934,10.626,0.21,SED,ModSED,NGC7721
NGC7755,356.96565,-30.52209,5.0,3.715,29.92267,22.52,2.4,2.57,0.38,0.132,0.01,2.05,1.941,10.547,0.209,SED,ModSED,NGC7755
NGC7757,357.1896,4.17099,5.3,1.82,15.84892,2.99,0.79,1.81,0.64,0.116,0.017,0.233,0.208,9.279,0.208,SED,ModSED,NGC7757
NGC7764,357.7242,-40.73021,9.4,1.95,20.5,4.11,0.74,3.27,0.86,0.102,0.012,0.835,0.77,9.648,0.209,SED,ModSED,NGC7764
NGC7793,359.4573,-32.59104,7.4,10.471,3.7325,3.88,0.34,1.32,0.19,0.119,0.02,0.181,0.16,9.419,0.208,SED,ModSED,NGC7793
PGC007045,28.51305,-14.25298,0.0,1.585,18.81486,1.1,0.33,2.4,1.03,0.109,0.019,0.107,0.094,9.427,0.208,SED,ModSED,PGC007045
PGC008962,35.36925,-4.4131,6.9,1.479,30.50246,0.12,0.17,1.33,1.34,0.107,0.033,,,8.571,0.208,SED,ModSED,PGC008962
PGC009485,37.38195,-3.213,0.3,1.514,32.05898,1.78,1.23,14.24,10.29,0.093,0.013,1.398,1.307,10.014,0.209,SED,ModSED,PGC009485
PGC012608,50.4654,-15.71055,9.0,1.413,27.66941,0.17,0.21,1.46,1.41,0.114,0.031,0.014,0.012,8.881,0.208,SED,ModSED,PGC012608
PGC013058,52.7844,-36.29007,-4.5,1.047,19.14256,0.3,0.16,1.94,1.22,0.114,0.024,0.018,0.015,8.853,0.208,SED,ModSED,PGC013058
PGC013084,52.8534,-35.33108,-2.0,1.23,19.49844,0.07,0.08,1.3,1.32,0.127,0.032,2.584,2.45,8.945,0.208,SED,ModSED,PGC013084
PGC013097,52.9485,-35.05186,-2.2,1.175,20.32357,0.07,0.08,1.47,1.46,0.112,0.033,2.788,2.649,8.598,0.208,SED,ModSED,PGC013097
PGC013146,53.1987,-34.23869,-2.8,1.318,19.58844,0.03,0.04,1.29,1.39,0.125,0.035,0.006,0.005,8.757,0.208,SED,ModSED,PGC013146
PGC013230,53.6229,-35.54649,-2.4,1.259,18.70683,0.08,0.1,1.49,1.56,0.118,0.032,0.02,0.017,8.865,0.208,SED,ModSED,PGC013230
PGC013343,54.2262,-35.37464,-2.8,1.071,19.31969,0.29,0.21,0.98,0.83,0.126,0.028,0.006,0.005,8.993,0.208,SED,ModSED,PGC013343
PGC013635,55.68915,-33.9202,-5.0,1.259,15.63353,0.23,0.12,1.85,1.23,0.111,0.025,0.015,0.013,8.809,0.208,SED,ModSED,PGC013635
PGC027066,142.97415,-16.67946,6.9,1.318,67.02,6.02,4.22,0.92,0.74,0.116,0.028,,,9.648,0.209,SED,ModSED,PGC027066
PGC029653,152.75325,-4.69282,9.9,5.37,1.3122,0.0,0.0,0.87,1.16,0.084,0.046,,,,,SED,ModSED,PGC029653
PGC034407,169.1469,18.1184,-1.3,1.122,21.50464,0.23,0.19,0.97,0.87,0.106,0.032,,,8.729,0.208,SED,ModSED,PGC034407
PGC039052,183.50925,6.72318,5.2,1.122,39.432,0.96,0.61,1.76,1.27,0.123,0.024,0.099,0.087,9.428,0.208,SED,ModSED,PGC039052
PGC040659,186.5634,12.96389,-5.0,1.023,13.91316,0.46,0.52,4.2,5.04,0.156,0.038,0.323,0.338,11.151,0.21,SED,ModSED,PGC040659
PGC040759,186.72705,10.66578,-5.0,1.023,13.81759,0.02,0.03,1.13,1.23,0.121,0.035,,,8.377,0.208,SED,ModSED,PGC040759
PGC040821,186.88185,9.60239,-5.0,2.042,0.43692,0.0,0.0,1.14,1.78,0.091,0.053,0.0,0.0,4.826,0.204,SED,ModSED,PGC040821
PGC042160,189.4224,8.55898,9.5,1.071,16.06942,0.34,0.18,1.47,0.99,0.088,0.026,0.042,0.036,8.6,0.208,SED,ModSED,PGC042160
PGC043526,192.80535,-6.55927,10.0,1.318,25.10923,1.36,0.72,0.57,0.44,0.092,0.032,0.127,0.112,9.247,0.208,SED,ModSED,PGC043526
PGC044532,194.7576,34.86082,9.0,3.802,9.95406,1.45,0.72,12.13,6.69,0.011,0.008,,,8.809,0.208,SED,ModSED,PGC044532
PGC046875,201.16335,-10.48849,9.0,1.097,41.09776,0.05,0.06,0.76,0.77,0.098,0.036,,,9.141,0.208,SED,ModSED,PGC046875
PGC072006,354.70305,-5.7469,9.0,1.097,30.76096,2.0,1.58,0.93,0.81,0.113,0.029,,,9.054,0.208,SED,ModSED,PGC072006
PGC166069,43.92825,58.86062,10.0,1.585,4.08247,4.41,3.55,1.33,1.02,0.124,0.022,0.005,0.004,7.841,0.207,SED,ModSED,PGC166069
PGC166071,47.9955,60.34689,10.0,2.818,42.73,0.55,0.62,2.56,2.34,0.119,0.028,0.279,0.258,10.404,0.209,SED,ModSED,PGC166071
PGC166077,56.30385,67.86466,10.0,2.512,3.16,0.15,0.08,0.3,0.21,0.082,0.034,0.001,0.001,7.014,0.206,SED,ModSED,PGC166077
PGC166755,337.308,75.36707,5.0,1.259,31.47749,15.4,8.81,2.41,1.36,0.121,0.017,0.71,0.655,10.166,0.209,SED,ModSED,PGC166755
PGC166861,55.81335,68.2611,-5.0,2.188,21.12234,0.0,0.01,0.88,1.07,0.086,0.043,0.044,0.037,8.538,0.208,SED,ModSED,PGC166861
SDSSJ140638.13+545947.6,211.65885,54.99658,9.0,1.023,31.2,0.85,0.57,1.01,0.81,0.11,0.028,0.029,0.025,8.992,0.208,SED,ModSED,SDSSJ140638.13+545947.4
UGC00313,7.8588,6.20675,4.3,1.202,28.33151,1.48,0.54,1.47,0.73,0.106,0.021,0.167,0.147,9.339,0.208,SED,ModSED,UGC00313
UGC00931,20.81055,-0.70107,5.4,1.023,31.83,0.21,0.18,0.83,0.78,0.095,0.032,0.048,0.042,8.778,0.208,SED,ModSED,UGC00931
UGC02392,43.9434,33.76658,5.9,1.318,26.52,1.44,0.75,1.51,1.03,0.123,0.026,,,9.436,0.208,SED,ModSED,UGC02392
UGC02826,55.9398,68.30131,5.0,1.202,21.06772,4.07,0.62,8.77,1.58,0.117,0.009,0.779,0.719,10.135,0.209,SED,ModSED,UGC02826
UGC03016,65.33325,36.76014,5.9,1.122,30.05,3.72,1.19,3.3,1.27,0.117,0.018,0.38,0.345,9.927,0.209,SED,ModSED,UGC03016
UGC03701,107.92785,72.16919,6.0,1.738,43.09121,1.53,0.78,1.31,0.81,0.094,0.022,0.192,0.172,9.658,0.209,SED,ModSED,UGC03701
UGC03960,115.0947,23.27501,-4.8,1.259,33.50628,0.06,0.07,2.4,2.6,0.131,0.033,0.055,0.05,9.838,0.209,SED,ModSED,UGC03960
UGC04305,124.7682,70.72167,9.9,7.943,3.46737,5.55,4.33,1.85,1.65,0.12,0.031,0.02,0.017,8.301,0.207,SED,ModSED,UGC04305
UGC04549,131.08935,58.84196,7.6,1.259,22.28291,11.88,3.07,2.59,0.96,0.12,0.018,0.32,0.288,9.504,0.209,SED,ModSED,UGC04549
UGC04551,131.02455,49.79396,-1.9,1.698,28.05844,0.29,0.26,3.6,3.54,0.149,0.032,5.025,4.854,10.212,0.209,SED,ModSED,UGC04551
UGC04684,134.1696,0.37501,7.3,1.288,37.7799,0.04,0.01,2.05,0.72,0.056,0.01,,,9.96,0.209,SED,ModSED,UGC04684
UGC05340,149.19135,28.82783,9.7,1.95,12.76439,0.11,0.13,1.44,1.37,0.107,0.032,,,8.04,0.207,SED,ModSED,UGC05340
UGC05373,150.00015,5.33223,9.9,4.898,1.4388,2.26,1.72,1.78,1.52,0.128,0.029,0.0,0.0,7.281,0.207,SED,ModSED,UGC05373
UGC05423,151.3785,70.36444,9.9,1.097,8.87156,0.85,0.72,1.96,1.85,0.093,0.032,0.016,0.013,7.94,0.207,SED,ModSED,UGC05423
UGC05454,151.7958,12.65128,8.1,1.023,43.30967,0.06,0.06,1.63,1.58,0.062,0.027,0.049,0.042,8.659,0.208,SED,ModSED,UGC05454
UGC05570,155.19585,73.28427,4.1,1.0,43.97,0.0,0.0,0.58,0.68,0.091,0.045,,,9.27,0.208,SED,ModSED,UGC05570
UGC05612,156.02775,70.8822,8.0,2.63,19.1,0.83,0.36,1.32,0.72,0.165,0.029,0.142,0.126,9.786,0.209,SED,ModSED,UGC05612
UGC05686,157.67835,74.22752,9.7,1.318,43.15948,0.78,0.93,1.55,1.47,0.104,0.028,0.019,0.124,8.913,0.208,SED,ModSED,UGC05686
UGC05689,157.69125,73.88542,6.4,1.349,46.77347,9.25,2.59,2.08,0.72,0.097,0.015,0.802,0.74,9.84,0.209,SED,ModSED,UGC05689
UGC05720,158.13285,54.40104,9.8,1.148,24.9,0.71,0.11,28.19,5.27,0.057,0.006,3.577,3.423,9.641,0.209,SED,ModSED,UGC05720
UGC05846,161.1237,60.37023,9.9,1.622,19.3,0.41,0.45,2.04,1.94,0.11,0.028,0.029,0.024,8.322,0.207,SED,ModSED,UGC05846
UGC05955,163.01745,71.77303,-4.9,1.148,22.6379,0.45,0.5,3.02,2.96,0.136,0.031,0.035,0.031,9.488,0.209,SED,ModSED,UGC05955
UGC05958,162.816,27.84872,4.0,1.622,23.44228,3.84,1.28,0.53,0.24,0.119,0.024,0.06,0.051,9.135,0.208,SED,ModSED,UGC05958
UGC05990,163.1598,34.48293,2.1,1.288,25.70395,2.0,0.69,0.77,0.33,0.12,0.021,0.134,0.118,9.212,0.208,SED,ModSED,UGC05990
UGC06023,163.5873,27.24023,6.5,1.66,27.79715,3.84,0.49,3.57,0.63,0.11,0.009,0.991,0.917,9.807,0.209,SED,ModSED,UGC06023
UGC06324,169.5921,18.73836,-1.9,1.38,18.65101,0.56,0.33,1.6,1.18,0.112,0.026,0.034,0.029,8.897,0.208,SED,ModSED,UGC06324
UGC06566,173.9316,58.19238,8.8,1.047,23.00655,0.12,0.1,1.04,1.03,0.112,0.032,0.011,0.009,8.569,0.208,SED,ModSED,UGC06566
UGC06575,174.11025,58.19077,5.9,1.778,34.51434,5.55,1.55,0.75,0.3,0.09,0.02,0.287,0.258,9.532,0.209,SED,ModSED,UGC06575
UGC06879,178.6044,-2.31961,6.9,1.413,32.06266,2.62,0.97,0.94,0.43,0.146,0.022,0.136,0.12,9.777,0.209,SED,ModSED,UGC06879
UGC06919,179.15655,55.63312,7.3,1.622,24.22174,1.26,0.55,1.22,0.66,0.114,0.022,0.092,0.08,9.102,0.208,SED,ModSED,UGC06919
UGC06998,180.1986,-0.02306,8.8,1.047,31.0,0.59,0.47,1.75,1.45,0.107,0.028,0.061,0.052,9.057,0.208,SED,ModSED,UGC06998
UGC07086,181.48365,77.50514,3.1,2.291,28.97346,11.41,2.94,1.87,0.69,0.111,0.017,0.767,0.708,,,SED,ModSED,UGC07086
UGC07089,181.49115,43.14402,7.9,3.02,11.69499,6.72,3.49,0.48,0.35,0.108,0.03,0.03,0.025,8.69,0.208,SED,ModSED,UGC07089
UGC07094,181.5447,42.95574,8.1,1.202,10.71519,0.61,0.54,1.3,1.11,0.117,0.028,0.002,0.002,8.264,0.207,SED,ModSED,UGC07094
UGC07178,182.7651,2.00573,9.6,1.097,25.3,0.16,0.22,1.31,1.32,0.11,0.033,0.008,0.007,8.542,0.208,SED,ModSED,UGC07178
UGC07184,182.8329,1.49236,6.4,1.318,33.26598,0.27,0.16,1.32,1.03,0.087,0.028,0.178,0.157,9.239,0.208,SED,ModSED,UGC07184
UGC07249,183.6552,12.81241,9.6,1.288,27.41572,0.15,0.17,0.94,0.93,0.077,0.033,0.017,0.014,8.639,0.208,SED,ModSED,UGC07249
UGC07321,184.3914,22.54026,6.5,4.786,23.33458,12.12,2.24,0.37,0.1,0.116,0.022,0.146,0.13,9.523,0.209,SED,ModSED,UGC07321
UGC07387,185.0724,4.20161,6.6,1.995,38.19441,4.69,1.36,1.55,0.66,0.113,0.021,,,9.784,0.209,SED,ModSED,UGC07387
UGC07396,185.14065,0.78815,7.6,1.479,33.98416,0.72,0.43,2.02,1.59,0.105,0.026,0.198,0.175,9.267,0.208,SED,ModSED,UGC07396
UGC07411,185.3919,4.77947,0.1,1.148,13.58547,0.18,0.2,1.23,1.26,0.135,0.031,0.032,0.027,,,SED,ModSED,UGC07411
UGC07422,185.50545,5.10031,2.5,1.122,13.59913,1.43,0.38,8.48,2.82,0.102,0.018,0.096,0.084,8.942,0.208,SED,ModSED,UGC07422
UGC07436,185.58135,14.76082,-2.1,1.23,15.55965,0.03,0.04,1.83,2.09,0.138,0.037,0.003,0.003,8.669,0.208,SED,ModSED,UGC07436
UGC07522,186.49395,3.42937,5.7,2.63,35.48135,2.9,0.57,1.11,0.26,0.107,0.017,0.717,0.66,10.247,0.209,SED,ModSED,UGC07522
UGC07579,186.9807,5.7212,7.8,1.23,40.92611,0.62,0.21,1.74,0.79,0.098,0.022,0.586,0.536,9.642,0.209,SED,ModSED,UGC07579
UGC07700,188.13675,63.87735,7.9,1.514,46.50464,0.88,0.36,1.18,0.67,0.086,0.023,0.419,0.38,9.739,0.209,SED,ModSED,UGC07700
UGC07795,189.4389,7.10399,9.8,1.202,12.88249,1.69,1.13,0.87,0.71,0.106,0.029,,,7.949,0.207,SED,ModSED,UGC07795
UGC07802,189.5871,7.89157,6.1,1.66,20.51161,3.14,1.59,1.75,1.15,0.11,0.024,0.062,0.054,8.98,0.208,SED,ModSED,UGC07802
UGC07916,191.1048,34.38665,9.9,2.291,8.16,2.45,1.69,1.54,1.22,0.113,0.029,,,,,SED,ModSED,UGC07916
UGC07982,192.4593,2.85209,3.3,2.884,19.23091,1.74,0.51,0.92,0.38,0.117,0.024,0.112,0.098,9.54,0.209,SED,ModSED,UGC07982
UGC07991,192.6624,1.46453,6.5,2.089,20.41738,2.35,0.8,0.65,0.33,0.114,0.027,0.011,0.01,,,SED,ModSED,UGC07991
UGC08032,193.68405,13.2371,2.0,2.692,13.8722,0.23,0.09,2.13,1.05,0.107,0.021,0.065,0.056,9.101,0.208,SED,ModSED,UGC08032
UGC08042,193.79295,7.91785,5.5,1.071,42.8864,0.82,0.48,0.78,0.61,0.092,0.031,0.077,0.067,9.383,0.208,SED,ModSED,UGC08042
UGC08181,196.3527,32.90002,8.1,1.202,16.52103,0.06,0.09,1.19,1.23,0.112,0.034,0.004,0.003,8.213,0.207,SED,ModSED,UGC08181
UGC08201,196.6038,67.70693,9.9,3.311,4.83059,0.32,0.27,0.9,0.8,0.108,0.03,,,7.759,0.207,SED,ModSED,UGC08201
UGC08246,197.52045,34.18095,6.0,2.455,21.0863,10.85,5.81,0.61,0.44,0.108,0.03,0.039,0.033,8.995,0.208,SED,ModSED,UGC08246
UGC08333,198.97485,25.43582,9.6,1.122,21.47829,0.22,0.26,1.18,1.18,0.105,0.029,0.02,0.017,8.514,0.208,SED,ModSED,UGC08333
UGC08412,200.7177,35.15493,6.1,1.023,12.90279,0.0,0.01,0.87,1.05,0.104,0.04,,,8.054,0.207,SED,ModSED,UGC08412
UGC08630,204.6033,33.11772,6.6,1.778,28.97346,2.3,0.79,1.12,0.51,0.099,0.019,0.218,0.196,9.373,0.208,SED,ModSED,UGC08630
UGC08662,205.32195,33.7726,6.0,1.445,35.48135,0.6,0.43,0.74,0.61,0.106,0.029,0.053,0.046,9.103,0.208,SED,ModSED,UGC08662
UGC08693,206.118,35.1927,4.2,1.175,41.30477,0.64,0.21,1.72,0.74,0.098,0.019,0.37,0.335,9.779,0.209,SED,ModSED,UGC08693
UGC08756,207.6495,42.54143,1.2,1.549,30.47893,1.92,0.6,2.17,0.89,0.13,0.02,0.169,0.151,9.805,0.209,SED,ModSED,UGC08756
UGC08857,209.11095,4.39665,1.0,1.259,19.44293,0.95,0.59,2.19,1.58,0.108,0.025,0.043,0.037,8.769,0.208,SED,ModSED,UGC08857
UGC09242,216.3378,39.53941,6.7,4.169,24.32205,3.69,1.87,1.43,0.85,0.111,0.023,,,9.18,0.208,SED,ModSED,UGC09242
UGC09299,217.39425,-0.01807,6.5,1.698,29.24156,4.11,2.46,0.82,0.63,0.104,0.029,0.082,0.071,9.28,0.208,SED,ModSED,UGC09299
UGC09310,217.50465,3.22049,8.1,1.905,30.2,1.45,0.78,0.76,0.55,0.115,0.027,0.124,0.109,9.667,0.209,SED,ModSED,UGC09310
UGC09392,218.952,3.0384,10.0,1.047,30.1065,0.07,0.09,1.12,1.16,0.112,0.033,5.722,5.54,8.522,0.208,SED,ModSED,UGC09392
UGC09470,220.45275,0.68694,8.0,1.175,31.21245,1.5,0.76,1.38,0.95,0.086,0.027,0.139,0.122,9.186,0.208,SED,ModSED,UGC09470
UGC09482,220.69575,0.66174,6.6,1.23,39.26452,0.42,0.42,1.23,1.08,0.105,0.029,0.042,0.036,9.01,0.208,SED,ModSED,UGC09482
UGC10854,261.19335,58.20573,6.0,1.071,49.4311,0.78,0.65,0.73,0.64,0.107,0.03,,,9.241,0.208,SED,ModSED,UGC10854
UGC12160,340.22715,75.16472,5.8,1.318,25.58586,4.73,1.92,8.21,3.3,0.136,0.013,1.081,1.005,10.133,0.209,SED,ModSED,UGC12160
UGC12313,345.43215,16.0675,9.8,1.445,29.05516,2.99,2.38,0.68,0.57,0.106,0.029,0.029,0.026,8.812,0.208,SED,ModSED,UGC12313
UGC12690,353.9172,1.19819,9.1,1.38,34.2,1.0,1.07,1.86,1.7,0.111,0.028,,,9.051,0.208,SED,ModSED,UGC12690
UGC12709,354.3498,0.39167,8.5,2.754,35.1,2.11,0.99,1.03,0.66,0.107,0.026,0.17,0.151,9.494,0.209,SED,ModSED,UGC12709
